time[s],wave[m],surge[m],sway[m],heave[m],roll[deg],pitch[deg],yaw[deg]
0,0,-1.336488,-1.310962,-0.316702,-0.119952,2.44976,0.20817
1,1.44414,-1.151366,-1.301193,0.692166,-0.010124,2.180684,-0.159486
2.048,2.764178,-0.806025,-1.119499,1.656073,0.106073,1.611891,-0.522981
2.127,2.850518,-0.774888,-1.099229,1.721146,0.114441,1.559018,-0.548088
2.207,2.935698,-0.742744,-1.077834,1.785681,0.122824,1.504243,-0.573079
2.286,3.017522,-0.710423,-1.055865,1.848017,0.131006,1.448979,-0.597311
2.365,3.097006,-0.677551,-1.033077,1.908919,0.139087,1.392591,-0.62108
2.506,3.232862,-0.617591,-0.990425,2.013909,0.153237,1.289294,-0.662293
2.586,3.306414,-0.582883,-0.965131,2.071282,0.1611,1.229253,-0.684956
2.665,3.376466,-0.548154,-0.9394,2.126322,0.168738,1.169003,-0.706801
2.744,3.443899,-0.513,-0.91294,2.179712,0.176246,1.107846,-0.728097
2.823,3.508662,-0.477448,-0.885773,2.231412,0.183617,1.045831,-0.748829
2.902,3.570703,-0.441526,-0.857918,2.281382,0.190845,0.983004,-0.768981
2.997,3.641639,-0.397878,-0.823543,2.339126,0.199341,0.906448,-0.792422
3.076,3.697521,-0.361239,-0.794252,2.385149,0.206237,0.842007,-0.81124
3.155,3.750535,-0.324319,-0.764345,2.429323,0.212972,0.776914,-0.829428
3.234,3.80064,-0.287149,-0.733846,2.471613,0.219542,0.711218,-0.846974
3.313,3.847799,-0.249755,-0.702777,2.511985,0.225942,0.644971,-0.863862
3.392,3.891973,-0.212168,-0.671164,2.55041,0.232167,0.578223,-0.880081
3.472,3.93363,-0.173938,-0.63862,2.587306,0.238287,0.510174,-0.895809
3.551,3.971697,-0.136049,-0.605984,2.621721,0.244145,0.442576,-0.910642
3.63,4.006683,-0.098055,-0.572878,2.654103,0.249813,0.374636,-0.924768
3.709,4.038563,-0.059986,-0.539328,2.684427,0.255287,0.306405,-0.938177
3.788,4.06731,-0.021869,-0.50536,2.712669,0.260564,0.237937,-0.950859
3.867,4.092903,0.016264,-0.471,2.738807,0.265638,0.169284,-0.962803
3.946,4.115322,0.054385,-0.436274,2.762821,0.270507,0.100499,-0.974001
4.025,4.13455,0.092464,-0.40121,2.784692,0.275165,0.031637,-0.984443
4.105,4.150753,0.130951,-0.365386,2.80464,0.279666,-0.038122,-0.994239
4.184,4.163515,0.168856,-0.329724,2.822149,0.283891,-0.106979,-1.003137
4.263,4.173047,0.206629,-0.293806,2.83747,0.287897,-0.175753,-1.011257
4.342,4.179343,0.244242,-0.25766,2.85059,0.291679,-0.244391,-1.018593
4.421,4.182398,0.281666,-0.221315,2.8615,0.295235,-0.312839,-1.025139
4.5,4.18221,0.318871,-0.184798,2.87019,0.298562,-0.381045,-1.03089
4.579,4.178778,0.355829,-0.148137,2.876655,0.301658,-0.448955,-1.035841
4.658,4.172105,0.392511,-0.111362,2.880889,0.304519,-0.516517,-1.039989
4.738,4.162051,0.429347,-0.074033,2.882899,0.307176,-0.584526,-1.043368
4.817,4.148874,0.465388,-0.037113,2.882634,0.30956,-0.651229,-1.04589
4.896,4.13248,0.501067,-0.000165,2.880134,0.311705,-0.717427,-1.047601
4.975,4.112881,0.536358,0.036784,2.875401,0.313607,-0.783068,-1.0485
5.054,4.090092,0.571234,0.073705,2.868437,0.315266,-0.848102,-1.048585
5.133,4.064131,0.605666,0.110568,2.859249,0.316681,-0.912479,-1.047857
5.212,4.035019,0.639628,0.147345,2.847843,0.31785,-0.976147,-1.046317
5.291,4.002777,0.673094,0.184009,2.834229,0.318773,-1.039059,-1.043965
5.371,3.966964,0.706452,0.22099,2.818203,0.319455,-1.101946,-1.040758
5.45,3.928502,0.738842,0.257337,2.800177,0.319879,-1.163187,-1.03678
5.529,3.886994,0.770659,0.293485,2.77998,0.320056,-1.223525,-1.031997
5.608,3.842471,0.801878,0.329405,2.757627,0.319984,-1.282915,-1.026414
5.687,3.794968,0.832475,0.365069,2.733135,0.319664,-1.34131,-1.020034
5.766,3.744523,0.862427,0.400451,2.706524,0.319096,-1.398665,-1.012864
5.845,3.691173,0.89171,0.435522,2.677814,0.318281,-1.454935,-1.004908
5.924,3.634961,0.920301,0.470255,2.647027,0.317219,-1.510077,-0.996173
6.004,3.575165,0.948527,0.505056,2.613759,0.315893,-1.564723,-0.986541
6.083,3.513325,0.975659,0.539027,2.578866,0.314336,-1.617465,-0.976258
6.162,3.448762,1.002036,0.572581,2.541974,0.312536,-1.668952,-0.965219
6.241,3.381523,1.027635,0.605691,2.50311,0.310494,-1.719146,-0.95343
6.32,3.311662,1.052437,0.638331,2.462305,0.308211,-1.768006,-0.940903
6.399,3.239233,1.076423,0.670476,2.41959,0.305689,-1.815495,-0.927646
6.478,3.164292,1.099574,0.702101,2.374999,0.302929,-1.861576,-0.913669
6.557,3.086897,1.121872,0.733182,2.328566,0.299935,-1.906213,-0.898984
6.637,3.006083,1.143566,0.764076,2.279705,0.296666,-1.949909,-0.883403
6.716,2.923932,1.164096,0.793988,2.229676,0.293206,-1.991537,-0.867326
6.795,2.839514,1.183724,0.823285,2.177918,0.289519,-2.03162,-0.850578
6.874,2.752894,1.202433,0.851943,2.12447,0.285607,-2.070128,-0.833169
6.953,2.664139,1.220211,0.87994,2.069375,0.281474,-2.107031,-0.815115
7.048,2.554679,1.240334,0.912702,2.001,0.276215,-2.149241,-0.792567
7.127,2.461467,1.256009,0.939168,1.942429,0.271605,-2.182508,-0.77314
7.206,2.366346,1.270711,0.964906,1.882351,0.266785,-2.214083,-0.753113
7.285,2.269389,1.284427,0.989895,1.820813,0.261758,-2.24394,-0.732501
7.364,2.170673,1.297147,1.014117,1.757863,0.256528,-2.272058,-0.711322
7.443,2.070274,1.308861,1.037552,1.69355,0.251099,-2.298413,-0.689591
7.523,1.966967,1.319689,1.060464,1.627085,0.245403,-2.323286,-0.66704
7.602,1.863417,1.329351,1.082262,1.56018,0.239587,-2.346034,-0.64425
7.681,1.758422,1.337983,1.103221,1.492066,0.233584,-2.366963,-0.620961
7.76,1.652062,1.345577,1.123324,1.422794,0.227401,-2.386057,-0.59719
7.839,1.544422,1.352127,1.142556,1.352419,0.221041,-2.4033,-0.572956
7.918,1.435584,1.357629,1.160901,1.280995,0.21451,-2.418679,-0.548277
7.997,1.325632,1.362078,1.178347,1.208578,0.207812,-2.432183,-0.523174
8.076,1.214653,1.365471,1.194879,1.135224,0.200954,-2.4438,-0.497664
8.156,1.101309,1.367828,1.210675,1.060044,0.193849,-2.453633,-0.471439
8.235,0.988522,1.369087,1.22533,0.984976,0.186682,-2.461428,-0.445173
8.314,0.874969,1.369285,1.239034,0.909144,0.179371,-2.467315,-0.418562
8.393,0.760737,1.368421,1.251777,0.832607,0.17192,-2.471287,-0.391627
8.472,0.645914,1.366496,1.263549,0.755425,0.164336,-2.473344,-0.364387
8.551,0.530591,1.36351,1.274342,0.677657,0.156624,-2.473482,-0.336866
8.63,0.414857,1.359468,1.284146,0.599363,0.148791,-2.471702,-0.309082
8.709,0.298801,1.354371,1.292954,0.520604,0.140843,-2.468005,-0.28106
8.789,0.18104,1.34814,1.300852,0.440438,0.132683,-2.462311,-0.25246
8.868,0.064609,1.340934,1.307636,0.360929,0.124521,-2.454766,-0.224021
8.947,-0.051872,1.332688,1.313406,0.28114,0.116263,-2.445318,-0.195408
9.026,-0.168312,1.323408,1.318158,0.201134,0.107914,-2.433973,-0.166644
9.105,-0.284622,1.313103,1.321887,0.120971,0.099482,-2.420741,-0.13775
9.184,-0.400712,1.301779,1.324591,0.040715,0.090972,-2.405631,-0.10875
9.263,-0.51649,1.289445,1.326268,-0.039573,0.082393,-2.388656,-0.079665
9.342,-0.631868,1.276112,1.326916,-0.119831,0.073749,-2.369828,-0.050518
9.422,-0.748207,1.261601,1.326524,-0.201009,0.064937,-2.348889,-0.020963
9.501,-0.862508,1.246287,1.325101,-0.281016,0.056185,-2.326379,0.00824
9.595,-0.997633,1.226807,1.322069,-0.375925,0.045715,-2.297245,0.042977
9.675,-1.111776,1.209166,1.318346,-0.456377,0.036764,-2.270463,0.072504
9.754,-1.223624,1.190802,1.31364,-0.535468,0.027897,-2.242243,0.101606
9.833,-1.334524,1.171515,1.307915,-0.614144,0.019008,-2.212284,0.13063
9.912,-1.444389,1.151319,1.301176,-0.692344,0.010104,-2.18061,0.159552
9.991,-1.553134,1.13023,1.293428,-0.770006,0.001192,-2.147245,0.18835
10.07,-1.660674,1.108265,1.284677,-0.847072,-0.007721,-2.112214,0.217002
10.149,-1.766927,1.08544,1.27493,-0.92348,-0.016627,-2.075545,0.245486
10.228,-1.871809,1.061774,1.264194,-0.999172,-0.025521,-2.037267,0.27378
10.308,-1.976539,1.036969,1.252323,-1.075033,-0.034507,-1.996894,0.302215
10.387,-2.078418,1.011664,1.239623,-1.149106,-0.043354,-1.955467,0.330059
10.466,-2.178685,0.985575,1.225961,-1.222289,-0.052167,-1.912524,0.357647
10.545,-2.277262,0.958722,1.211349,-1.294523,-0.06094,-1.868097,0.384958
10.624,-2.374073,0.931125,1.195797,-1.365754,-0.069666,-1.822222,0.41197
10.703,-2.469043,0.902806,1.179318,-1.435925,-0.078337,-1.774934,0.438662
10.782,-2.562099,0.873787,1.161925,-1.504983,-0.086948,-1.726269,0.465015
10.861,-2.653167,0.844091,1.14363,-1.572874,-0.095492,-1.676265,0.491007
10.941,-2.743291,0.813351,1.1242,-1.64038,-0.104068,-1.624304,0.516939
11.02,-2.830148,0.782361,1.104136,-1.705763,-0.112455,-1.571725,0.542145
11.099,-2.91481,0.750764,1.083215,-1.769823,-0.120756,-1.517926,0.566929
11.178,-2.997211,0.718585,1.061454,-1.832511,-0.128962,-1.462951,0.591274
11.257,-3.077288,0.685848,1.03887,-1.893777,-0.137069,-1.406841,0.615161
11.336,-3.154979,0.65258,1.01548,-1.953575,-0.14507,-1.349639,0.63857
11.415,-3.230223,0.618805,0.991303,-2.011858,-0.152958,-1.291392,0.661485
11.494,-3.302961,0.584551,0.966357,-2.06858,-0.160727,-1.232142,0.683886
11.574,-3.37401,0.549401,0.940331,-2.124385,-0.168468,-1.171169,0.70603
11.653,-3.441538,0.514262,0.913897,-2.177836,-0.17598,-1.110044,0.727347
11.732,-3.506397,0.478724,0.886754,-2.229597,-0.183356,-1.048059,0.748099
11.811,-3.568536,0.442814,0.858924,-2.279629,-0.19059,-0.98526,0.768271
11.89,-3.627908,0.406561,0.830427,-2.327893,-0.197676,-0.921697,0.787848
11.969,-3.684467,0.369993,0.801287,-2.374352,-0.204608,-0.85742,0.806813
12.048,-3.738168,0.333138,0.771525,-2.418969,-0.211382,-0.792477,0.825153
12.127,-3.78897,0.296025,0.741164,-2.461711,-0.217992,-0.72692,0.842853
12.207,-3.837421,0.258208,0.709834,-2.503048,-0.224514,-0.659959,0.860111
12.286,-3.882271,0.220662,0.678341,-2.541915,-0.230778,-0.59332,0.876482
12.365,-3.924111,0.182945,0.646322,-2.57881,-0.236864,-0.52622,0.892173
12.444,-3.962907,0.145086,0.613802,-2.613706,-0.242766,-0.458713,0.907172
12.523,-3.99863,0.107115,0.580806,-2.646575,-0.24848,-0.390849,0.921468
12.602,-4.031252,0.06906,0.547359,-2.677391,-0.254001,-0.322683,0.935049
12.681,-4.060747,0.030952,0.513488,-2.706131,-0.259325,-0.254266,0.947904
12.76,-4.087094,-0.00718,0.479219,-2.732772,-0.264448,-0.185652,0.960025
12.84,-4.110544,-0.045789,0.444138,-2.757591,-0.269427,-0.116023,0.971541
12.919,-4.130492,-0.08388,0.409148,-2.779947,-0.274133,-0.047174,0.982154
12.998,-4.147238,-0.121906,0.373841,-2.800147,-0.278627,0.021712,0.992006
13.077,-4.160767,-0.159837,0.338243,-2.818176,-0.282904,0.090581,1.001088
13.156,-4.17107,-0.197644,0.302384,-2.834019,-0.286963,0.15938,1.009394
13.235,-4.178137,-0.235298,0.26629,-2.847665,-0.290798,0.228055,1.016917
13.314,-4.181965,-0.272769,0.22999,-2.859102,-0.294409,0.296553,1.023652
13.393,-4.182549,-0.310029,0.193511,-2.868322,-0.29779,0.364822,1.029592
13.473,-4.179835,-0.347516,0.156418,-2.875391,-0.30098,0.433666,1.034794
13.552,-4.173893,-0.384262,0.119666,-2.880129,-0.303894,0.501311,1.039124
13.631,-4.164714,-0.420711,0.082821,-2.882632,-0.306573,0.568567,1.042648
13.71,-4.152306,-0.456834,0.045912,-2.8829,-0.309014,0.635383,1.045363
13.789,-4.136677,-0.492602,0.008968,-2.880933,-0.311216,0.701705,1.047267
13.868,-4.11784,-0.527988,-0.027984,-2.876731,-0.313176,0.767484,1.048359
13.947,-4.095809,-0.562965,-0.064914,-2.870298,-0.314893,0.832667,1.048639
14.026,-4.070602,-0.597505,-0.101793,-2.861639,-0.316366,0.897205,1.048104
14.106,-4.04186,-0.63201,-0.139059,-2.850609,-0.317608,0.96185,1.046735
14.185,-4.010322,-0.66559,-0.17575,-2.837492,-0.318586,1.024937,1.044566
14.264,-3.975673,-0.698655,-0.212305,-2.822175,-0.319317,1.087229,1.041587
14.343,-3.937942,-0.731177,-0.248696,-2.804669,-0.319801,1.148678,1.037801
14.422,-3.897157,-0.763133,-0.284893,-2.784988,-0.320036,1.209236,1.033209
14.501,-3.853349,-0.794496,-0.32087,-2.763147,-0.320024,1.268856,1.027816
14.58,-3.806553,-0.825244,-0.356598,-2.739163,-0.319763,1.327492,1.021626
14.659,-3.756805,-0.855352,-0.392049,-2.713055,-0.319254,1.385098,1.014644
14.739,-3.703459,-0.885164,-0.427639,-2.684472,-0.318486,1.442339,1.006771
14.818,-3.647888,-0.913913,-0.462451,-2.654152,-0.31748,1.497739,0.998211
14.897,-3.589489,-0.941954,-0.496904,-2.621773,-0.316227,1.551978,0.988878
14.976,-3.528306,-0.969264,-0.530971,-2.587361,-0.314729,1.605013,0.978777
15.055,-3.464387,-0.995822,-0.564627,-2.550942,-0.312987,1.656803,0.967917
15.15,-3.383969,-1.026735,-0.604517,-2.504531,-0.310571,1.717377,0.953864
15.229,-3.3142,-1.051565,-0.637175,-2.463794,-0.308296,1.766285,0.941363
15.308,-3.241862,-1.075581,-0.669338,-2.421147,-0.305783,1.813824,0.928131
15.387,-3.167009,-1.098762,-0.700982,-2.376623,-0.303032,1.859956,0.91418
15.466,-3.089701,-1.121091,-0.732082,-2.330255,-0.300046,1.904645,0.89952
15.545,-3.009996,-1.142551,-0.762615,-2.28208,-0.296827,1.947858,0.884163
15.625,-2.926904,-1.163379,-0.792931,-2.231492,-0.293334,1.990078,0.867912
15.704,-2.842566,-1.183039,-0.82225,-2.179794,-0.289654,2.030217,0.851187
15.783,-2.756023,-1.201782,-0.850931,-2.126406,-0.285751,2.068781,0.833802
15.862,-2.667343,-1.219592,-0.878952,-2.071369,-0.281625,2.105742,0.81577
15.941,-2.576595,-1.236457,-0.906292,-2.014726,-0.277282,2.141069,0.797106
16.02,-2.483848,-1.252363,-0.932928,-1.95652,-0.272723,2.174736,0.777823
16.099,-2.389175,-1.267297,-0.958841,-1.896797,-0.267952,2.206716,0.757937
16.178,-2.292649,-1.281249,-0.984011,-1.835603,-0.262974,2.236985,0.737464
16.258,-2.19309,-1.294365,-1.008721,-1.772183,-0.257725,2.265869,0.716148
16.337,-2.093063,-1.306307,-1.032336,-1.708174,-0.252341,2.292623,0.69454
16.416,-1.991414,-1.317235,-1.055149,-1.642839,-0.246761,2.3176,0.672393
16.495,-1.888219,-1.327143,-1.077145,-1.57623,-0.240989,2.34078,0.649725
16.574,-1.783561,-1.336021,-1.098305,-1.508399,-0.235031,2.362144,0.626553
16.653,-1.677519,-1.343862,-1.118613,-1.439399,-0.22889,2.381676,0.602895
16.732,-1.570176,-1.350662,-1.138054,-1.369282,-0.222572,2.399361,0.57877
16.811,-1.461616,-1.356414,-1.156612,-1.298103,-0.216081,2.415185,0.554196
16.891,-1.350527,-1.361167,-1.174491,-1.224997,-0.209337,2.429301,0.528872
16.97,-1.239771,-1.364798,-1.19123,-1.151849,-0.202514,2.441345,0.503453
17.049,-1.128055,-1.367371,-1.207045,-1.077807,-0.195535,2.451495,0.477643
17.128,-1.015464,-1.368883,-1.221924,-1.00293,-0.188403,2.459744,0.451462
17.207,-0.902085,-1.369334,-1.235856,-0.927275,-0.181125,2.466086,0.424932
17.286,-0.788006,-1.368723,-1.248829,-0.850901,-0.173707,2.470515,0.398072
17.365,-0.673317,-1.36705,-1.260833,-0.773867,-0.166154,2.473028,0.370903
17.444,-0.558105,-1.364318,-1.27186,-0.696233,-0.158473,2.473623,0.343446
17.524,-0.440994,-1.360472,-1.282021,-0.617066,-0.150569,2.472271,0.315371
17.603,-0.325003,-1.355613,-1.291055,-0.538407,-0.142646,2.469006,0.2874
17.682,-0.208759,-1.349702,-1.299087,-0.45933,-0.134612,2.463827,0.259207
17.761,-0.092354,-1.342745,-1.306112,-0.379897,-0.126474,2.456737,0.230812
17.84,0.024124,-1.334746,-1.312124,-0.30017,-0.118238,2.447741,0.202239
17.919,0.140582,-1.325712,-1.317119,-0.22021,-0.109911,2.436847,0.173509
17.998,0.256931,-1.315651,-1.321091,-0.140079,-0.101498,2.424064,0.144644
18.077,0.373081,-1.304568,-1.32404,-0.059839,-0.093006,2.4094,0.115667
18.157,0.490406,-1.292315,-1.325979,0.021464,-0.084334,2.392647,0.086231
18.236,0.605882,-1.279206,-1.32686,0.101733,-0.075704,2.374236,0.057097
18.315,0.720889,-1.265105,-1.326711,0.181924,-0.067015,2.353984,0.027918
18.394,0.835336,-1.250023,-1.325533,0.261974,-0.058274,2.331906,-0.001283
18.473,0.949135,-1.233971,-1.323328,0.34182,-0.049488,2.308019,-0.030482
18.552,1.062199,-1.216963,-1.320096,0.421401,-0.040664,2.282343,-0.059658
18.631,1.174438,-1.199011,-1.31584,0.500656,-0.031808,2.254897,-0.088788
18.71,1.285767,-1.180129,-1.310564,0.579522,-0.022928,2.225702,-0.117849
18.79,1.397489,-1.160075,-1.304185,0.658929,-0.013917,2.194378,-0.147184
18.869,1.506723,-1.139367,-1.296869,0.736829,-0.005008,2.161734,-0.176038
18.948,1.61479,-1.117775,-1.288546,0.814157,0.003905,2.127413,-0.204756
19.027,1.721603,-1.095316,-1.279224,0.890854,0.012816,2.091442,-0.233314
19.106,1.827082,-1.072007,-1.26891,0.96686,0.021716,2.053849,-0.261692
19.201,1.95204,-1.042879,-1.255205,1.057262,0.032395,2.006535,-0.295546
19.28,2.054291,-1.017764,-1.242736,1.131539,0.041249,1.965475,-0.323448
19.359,2.154949,-0.991861,-1.229302,1.204939,0.050071,1.92289,-0.351099
19.438,2.253936,-0.965187,-1.214916,1.277404,0.058854,1.878814,-0.378478
19.517,2.351175,-0.937766,-1.199587,1.348879,0.067592,1.83328,-0.405563
19.596,2.44659,-0.909617,-1.183328,1.419308,0.076277,1.786325,-0.432334
19.676,2.54128,-0.880393,-1.165927,1.489506,0.085012,1.737364,-0.459101
19.755,2.632802,-0.850847,-1.147835,1.557664,0.093571,1.687659,-0.485176
19.834,2.722283,-0.820641,-1.128852,1.624615,0.102057,1.636646,-0.510875
19.913,2.809653,-0.789799,-1.108994,1.690306,0.110465,1.584362,-0.536178
19.992,2.894844,-0.758345,-1.088275,1.754685,0.118787,1.530851,-0.561064
20.071,2.97779,-0.726302,-1.066713,1.817704,0.127016,1.476152,-0.585516
20.15,3.058426,-0.693696,-1.044324,1.879314,0.135147,1.420308,-0.609513
20.229,3.136691,-0.660552,-1.021124,1.939465,0.143174,1.363363,-0.633038
20.309,3.213467,-0.626467,-0.996824,1.998846,0.151189,1.304619,-0.65636
20.388,3.286776,-0.592318,-0.97205,2.055924,0.158985,1.245592,-0.678879
20.467,3.357535,-0.55771,-0.946522,2.111408,0.166658,1.185599,-0.700871
20.546,3.425691,-0.52267,-0.920259,2.165254,0.174203,1.124686,-0.722319
20.625,3.491191,-0.487224,-0.893284,2.217421,0.181612,1.062901,-0.743207
20.704,3.553982,-0.451401,-0.865615,2.267869,0.18888,1.000291,-0.763519
20.783,3.614018,-0.415227,-0.837275,2.316558,0.196001,0.936906,-0.783239
20.862,3.671251,-0.378732,-0.808286,2.36345,0.202971,0.872794,-0.802352
20.942,3.726307,-0.341475,-0.778291,2.409068,0.209868,0.807182,-0.821072
21.021,3.777766,-0.304418,-0.748063,2.452235,0.216516,0.741759,-0.838917
21.1,3.826296,-0.267124,-0.717256,2.493501,0.222995,0.675761,-0.856112
21.179,3.871859,-0.229623,-0.685892,2.532833,0.229302,0.609239,-0.872643
21.258,3.914418,-0.191944,-0.653996,2.570201,0.235431,0.542244,-0.888497
21.337,3.953942,-0.154116,-0.621593,2.605576,0.241377,0.474829,-0.903662
21.416,3.9904,-0.116169,-0.588708,2.63893,0.247136,0.407046,-0.918126
21.495,4.023763,-0.078131,-0.555367,2.670237,0.252703,0.338947,-0.931879
21.575,4.054368,-0.039551,-0.521164,2.699831,0.258142,0.269718,-0.945068
21.654,4.081427,-0.001422,-0.486983,2.726947,0.26331,0.201144,-0.957356
21.733,4.105321,0.036709,-0.452423,2.751949,0.268275,0.132414,-0.968901
21.812,4.12603,0.074811,-0.417513,2.774816,0.273031,0.063581,-0.979694
21.891,4.14354,0.112854,-0.382279,2.795532,0.277576,-0.005301,-0.989728
21.97,4.157837,0.150811,-0.346748,2.814079,0.281905,-0.074179,-0.998995
22.049,4.168909,0.18865,-0.310949,2.830444,0.286016,-0.142999,-1.007486
22.191,4.180677,0.256278,-0.246013,2.854334,0.292845,-0.266387,-1.020781
22.27,4.182691,0.293635,-0.209609,2.864532,0.296328,-0.334764,-1.027072
22.349,4.181462,0.330764,-0.173043,2.872508,0.299581,-0.40288,-1.032567
22.428,4.176989,0.367636,-0.136343,2.878257,0.302602,-0.470685,-1.037261
22.507,4.169277,0.404224,-0.099537,2.881774,0.305388,-0.538124,-1.04115
22.587,4.158172,0.440954,-0.062186,2.883058,0.307968,-0.605991,-1.044266
22.666,4.143961,0.476882,-0.025254,2.882075,0.310275,-0.672537,-1.046528
22.745,4.126537,0.51244,0.011698,2.878858,0.312342,-0.738562,-1.047978
22.824,4.105912,0.547601,0.048641,2.873408,0.314166,-0.804014,-1.048616
22.966,4.060846,0.609715,0.114931,2.858013,0.316832,-0.920061,-1.047717
23.045,4.031361,0.64362,0.151696,2.846345,0.317972,-0.983642,-1.046081
23.124,3.99875,0.677026,0.188344,2.83247,0.318866,-1.046461,-1.043633
23.265,3.932857,0.735328,0.253372,2.802254,0.319845,-1.156532,-1.037254
23.345,3.89114,0.767608,0.289999,2.782028,0.32005,-1.217731,-1.032494
23.424,3.846907,0.798886,0.325942,2.759882,0.320002,-1.277215,-1.026988
23.503,3.799691,0.829544,0.361633,2.735597,0.319706,-1.335708,-1.020686
23.582,3.749528,0.859559,0.397042,2.70919,0.319162,-1.393165,-1.013592
23.661,3.696458,0.888908,0.432144,2.680681,0.318371,-1.449542,-1.005712
23.74,3.640521,0.917567,0.466911,2.650094,0.317332,-1.504795,-0.997052
23.819,3.58176,0.945515,0.501316,2.617452,0.316048,-1.558881,-0.987619
23.914,3.507424,0.978149,0.542172,2.575513,0.314179,-1.622316,-0.975261
23.993,3.442609,1.004454,0.575685,2.538436,0.312356,-1.673684,-0.964152
24.072,3.375124,1.029979,0.608753,2.49939,0.310291,-1.723755,-0.952294
24.151,3.305022,1.054706,0.641348,2.458405,0.307986,-1.772489,-0.939698
24.231,3.23142,1.078913,0.673848,2.414959,0.305408,-1.820439,-0.926201
24.31,3.156216,1.101974,0.705417,2.370172,0.302623,-1.866369,-0.912148
24.451,3.015948,1.141,0.760386,2.28569,0.297072,-1.944726,-0.885318
24.53,2.934079,1.161639,0.790371,2.235874,0.293641,-1.98654,-0.869324
24.61,2.848855,1.181622,0.820112,2.183661,0.289933,-2.027313,-0.852442
24.689,2.762472,1.200433,0.84884,2.130396,0.286046,-2.065995,-0.835105
24.768,2.673947,1.218312,0.876911,2.075479,0.281937,-2.103074,-0.81712
24.847,2.583349,1.235247,0.904301,2.018952,0.277609,-2.138523,-0.798502
24.926,2.490747,1.251224,0.93099,1.96086,0.273066,-2.172313,-0.779264
25.005,2.396213,1.266231,0.956958,1.901247,0.268311,-2.204418,-0.759422
25.084,2.299822,1.280255,0.982183,1.84016,0.263348,-2.234814,-0.738991
25.163,2.201646,1.293287,1.006646,1.777645,0.258181,-2.263476,-0.717988
25.243,2.100488,1.305462,1.030623,1.712935,0.252744,-2.290713,-0.69615
25.322,1.998955,1.316465,1.053496,1.647696,0.247178,-2.315821,-0.674043
25.463,1.813938,1.333562,1.092279,1.528115,0.236771,-2.35616,-0.633297
25.542,1.708287,1.341704,1.112835,1.459447,0.230682,-2.376223,-0.609778
25.622,1.599949,1.348888,1.132772,1.388756,0.224334,-2.394662,-0.585479
25.701,1.491717,1.35493,1.151576,1.317865,0.217891,-2.411001,-0.561027
25.78,1.382328,1.359921,1.169486,1.245952,0.211278,-2.425471,-0.536139
25.859,1.271866,1.363858,1.186489,1.173072,0.204502,-2.43806,-0.510836
25.938,1.160419,1.366737,1.202573,1.099283,0.197567,-2.448758,-0.485137
26.017,1.048071,1.368556,1.217723,1.024641,0.190478,-2.457557,-0.459061
26.159,0.844145,1.369156,1.242575,0.888517,0.17737,-2.468578,-0.41131
26.238,0.729744,1.368005,1.255056,0.811799,0.169882,-2.472033,-0.384291
26.317,0.614778,1.365793,1.266565,0.734453,0.162263,-2.47357,-0.356973
26.396,0.499335,1.362522,1.277091,0.656536,0.154518,-2.47319,-0.329378
26.475,0.383505,1.358194,1.286626,0.578111,0.146653,-2.470891,-0.301528
26.554,0.267377,1.352813,1.295164,0.499237,0.138675,-2.466677,-0.273444
26.634,0.149568,1.346294,1.302786,0.41897,0.130486,-2.460459,-0.244789
26.713,0.033115,1.338806,1.309297,0.33938,0.122297,-2.452399,-0.216301
26.792,-0.083364,1.33028,1.314792,0.259526,0.114014,-2.442437,-0.187645
26.871,-0.199778,1.320723,1.319267,0.179471,0.105642,-2.430581,-0.158843
26.95,-0.316037,1.310141,1.322719,0.099277,0.097188,-2.41684,-0.129918
27.029,-0.432051,1.298543,1.325146,0.019006,0.088659,-2.401225,-0.100893
27.108,-0.54773,1.285938,1.326544,-0.06128,0.080061,-2.383747,-0.071789
27.187,-0.662985,1.272336,1.326914,-0.141518,0.071401,-2.364421,-0.04263
27.267,-0.779173,1.257556,1.32624,-0.22266,0.062575,-2.342982,-0.013067
27.346,-0.893302,1.241979,1.32454,-0.302614,0.053811,-2.319982,0.016136
27.425,-1.006738,1.22544,1.321812,-0.382333,0.045005,-2.295182,0.045326
27.504,-1.119394,1.207949,1.318059,-0.461756,0.036163,-2.268603,0.074481
27.583,-1.231181,1.189522,1.313284,-0.540821,0.027294,-2.240265,0.103579
27.662,-1.342013,1.170173,1.30749,-0.619466,0.018404,-2.210189,0.132596
27.741,-1.451805,1.149916,1.300683,-0.697631,0.009499,-2.178399,0.16151
27.82,-1.56047,1.128767,1.292866,-0.775255,0.000587,-2.14492,0.190299
27.9,-1.669278,1.106459,1.283929,-0.853249,-0.008438,-2.109322,0.219302
27.979,-1.775423,1.083566,1.274102,-0.929602,-0.017344,-2.072522,0.247772
28.058,-1.880191,1.059832,1.263287,-1.005234,-0.026236,-2.034116,0.276049
28.137,-1.983502,1.035277,1.251492,-1.080086,-0.035108,-1.994131,0.304112
28.216,-2.085273,1.009919,1.238726,-1.154101,-0.043953,-1.952601,0.331939
28.295,-2.185428,0.983777,1.225,-1.227221,-0.052764,-1.909556,0.359509
28.374,-2.283888,0.956873,1.210323,-1.299389,-0.061534,-1.86503,0.3868
28.453,-2.380577,0.929226,1.194708,-1.370549,-0.070256,-1.819058,0.413791
28.533,-2.476607,0.900496,1.177952,-1.441527,-0.079033,-1.771066,0.440797
28.612,-2.569505,0.871421,1.160485,-1.510493,-0.087639,-1.722292,0.467121
28.691,-2.660411,0.841671,1.142118,-1.578287,-0.096176,-1.672182,0.493083
28.77,-2.749253,0.811268,1.122866,-1.644858,-0.104639,-1.620776,0.518663
28.849,-2.835963,0.780236,1.102743,-1.710152,-0.113021,-1.568112,0.54384
28.928,-2.920473,0.748598,1.081764,-1.774121,-0.121316,-1.514233,0.568595
29.007,-3.002719,0.716381,1.059947,-1.836714,-0.129516,-1.459179,0.59291
29.086,-3.082636,0.683607,1.037308,-1.897882,-0.137616,-1.402993,0.616765
29.166,-3.161128,0.649879,1.013562,-1.958324,-0.145709,-1.344988,0.640434
29.245,-3.236173,0.616065,0.989322,-2.016483,-0.153588,-1.286658,0.663308
29.324,-3.308707,0.581773,0.964315,-2.073078,-0.161347,-1.22733,0.685667
29.403,-3.378676,0.54703,0.93856,-2.128065,-0.168982,-1.16705,0.707494
29.482,-3.446024,0.511863,0.912078,-2.181402,-0.176485,-1.105865,0.728773
29.561,-3.5107,0.476298,0.884887,-2.233047,-0.183851,-1.043822,0.749487
29.64,-3.572653,0.440365,0.857011,-2.28296,-0.191075,-0.98097,0.769619
29.719,-3.631836,0.40409,0.82847,-2.331103,-0.198151,-0.917358,0.789154
29.799,-3.688897,0.367036,0.798913,-2.378013,-0.20516,-0.852215,0.808313
29.878,-3.742366,0.330159,0.769102,-2.422481,-0.211921,-0.787221,0.826602
29.957,-3.792933,0.293026,0.738694,-2.46507,-0.218517,-0.721617,0.84425
30.036,-3.840559,0.255666,0.707714,-2.505747,-0.224944,-0.655453,0.861243
30.115,-3.885206,0.218108,0.676185,-2.544481,-0.231197,-0.588781,0.877568
30.194,-3.92684,0.18038,0.644131,-2.581242,-0.23727,-0.521652,0.893212
30.273,-3.965428,0.142513,0.611578,-2.616001,-0.24316,-0.454118,0.908164
30.352,-4.000942,0.104535,0.57855,-2.648731,-0.248861,-0.386233,0.922412
30.432,-4.033743,0.065993,0.544648,-2.679782,-0.254437,-0.317183,0.936111
30.511,-4.062986,0.027882,0.510744,-2.708354,-0.259745,-0.248748,0.948908
30.59,-4.089078,-0.010251,0.476443,-2.734825,-0.264852,-0.180121,0.960969
30.669,-4.111998,-0.048375,0.441774,-2.759175,-0.269753,-0.111354,0.972285
30.748,-4.13173,-0.086463,0.406762,-2.781386,-0.274445,-0.0425,0.982847
30.827,-4.148258,-0.124483,0.371434,-2.80144,-0.278924,0.026386,0.992646
30.906,-4.161568,-0.162406,0.335818,-2.819321,-0.283187,0.095252,1.001676
30.985,-4.171652,-0.200204,0.299942,-2.835015,-0.28723,0.164044,1.009929
31.065,-4.178565,-0.238322,0.263375,-2.848668,-0.291097,0.233577,1.017489
31.144,-4.182132,-0.275778,0.227059,-2.859927,-0.294689,0.302059,1.024159
31.223,-4.182455,-0.313019,0.190567,-2.868967,-0.298053,0.370307,1.030036
31.302,-4.179535,-0.350018,0.153927,-2.875783,-0.301185,0.438267,1.035114
31.381,-4.173373,-0.386745,0.117168,-2.880369,-0.304083,0.505887,1.039389
31.46,-4.163974,-0.423173,0.080318,-2.882721,-0.306746,0.573116,1.042857
31.539,-4.151347,-0.459272,0.043406,-2.882837,-0.309171,0.639899,1.045518
31.618,-4.1355,-0.495015,0.00646,-2.880718,-0.311356,0.706187,1.047367
31.698,-4.116184,-0.53082,-0.030958,-2.876295,-0.313323,0.772755,1.048412
31.777,-4.093897,-0.565762,-0.067885,-2.869683,-0.315021,0.837888,1.048626
31.856,-4.068435,-0.600266,-0.104759,-2.860845,-0.316474,0.902372,1.048026
31.935,-4.039818,-0.634304,-0.141552,-2.849789,-0.317682,0.966155,1.046614
32.014,-4.008069,-0.667851,-0.178235,-2.836522,-0.318643,1.02919,1.04439
32.093,-3.97321,-0.700879,-0.21478,-2.821056,-0.319358,1.091426,1.041356
32.172,-3.935271,-0.733364,-0.251158,-2.803402,-0.319825,1.152816,1.037514
32.251,-3.894279,-0.76528,-0.287342,-2.783574,-0.320043,1.213311,1.032868
32.331,-3.849692,-0.796995,-0.323756,-2.761295,-0.320012,1.273614,1.027347
32.41,-3.802657,-0.827692,-0.359463,-2.737139,-0.319731,1.332169,1.021093
32.489,-3.752672,-0.857747,-0.394891,-2.710861,-0.319202,1.38969,1.014047
32.568,-3.699778,-0.887137,-0.430012,-2.68248,-0.318426,1.446134,1.006215
32.647,-3.644015,-0.915839,-0.4648,-2.65202,-0.317403,1.501457,0.997603
32.726,-3.585425,-0.94383,-0.499228,-2.619502,-0.316133,1.555615,0.988216
32.805,-3.524055,-0.97109,-0.533269,-2.584953,-0.314619,1.608567,0.978064
32.884,-3.459952,-0.997596,-0.566895,-2.548399,-0.31286,1.660271,0.967152
32.964,-3.392303,-1.02365,-0.6005,-2.509369,-0.310832,1.711317,0.955339
33.043,-3.322852,-1.048579,-0.633216,-2.468868,-0.308587,1.76039,0.942927
33.122,-3.250824,-1.072695,-0.665441,-2.426452,-0.306102,1.808098,0.929785
33.201,-3.176275,-1.095979,-0.697149,-2.382155,-0.30338,1.854404,0.915921
33.28,-3.099263,-1.118413,-0.728317,-2.33601,-0.300423,1.899271,0.901347
33.375,-3.003476,-1.14424,-0.765048,-2.278124,-0.296558,1.951272,0.882896
33.454,-2.921252,-1.164742,-0.79494,-2.228038,-0.293091,1.99285,0.866798
33.533,-2.836762,-1.18434,-0.824217,-2.176225,-0.289397,2.032884,0.850028
33.612,-2.750072,-1.20302,-0.852854,-2.122723,-0.285478,2.07134,0.832598
33.691,-2.66125,-1.220767,-0.880829,-2.067576,-0.281337,2.108191,0.814523
33.77,-2.570364,-1.237567,-0.908122,-2.010825,-0.276979,2.143406,0.795816
33.85,-2.476296,-1.253601,-0.935042,-1.951767,-0.272346,2.177373,0.776244
33.929,-2.381471,-1.268457,-0.960896,-1.891924,-0.267559,2.209217,0.75631
34.008,-2.284799,-1.28233,-0.986004,-1.830613,-0.262565,2.239347,0.73579
34.087,-2.186355,-1.295207,-1.010349,-1.767883,-0.257366,2.26774,0.714699
34.166,-2.086216,-1.307081,-1.033909,-1.703781,-0.251968,2.294375,0.693054
34.245,-1.984459,-1.31794,-1.056668,-1.638359,-0.246375,2.31923,0.670871
34.324,-1.881163,-1.327778,-1.078607,-1.571666,-0.240591,2.342287,0.648169
34.403,-1.776408,-1.336585,-1.09971,-1.503754,-0.23462,2.363527,0.624963
34.483,-1.668923,-1.344448,-1.120211,-1.433794,-0.228388,2.383168,0.60097
34.562,-1.56148,-1.351164,-1.139581,-1.363589,-0.222056,2.400704,0.576808
34.641,-1.452825,-1.356831,-1.158068,-1.292327,-0.215551,2.416378,0.552198
34.72,-1.343043,-1.361447,-1.175656,-1.220063,-0.208879,2.430178,0.52716
34.799,-1.23222,-1.365006,-1.192333,-1.146852,-0.202046,2.442094,0.501713
34.878,-1.120442,-1.367507,-1.208085,-1.072752,-0.195055,2.452115,0.475878
34.957,-1.007794,-1.368948,-1.2229,-0.997821,-0.187914,2.460235,0.449673
35.036,-0.894365,-1.369326,-1.236767,-0.922115,-0.180626,2.466447,0.423119
35.116,-0.778793,-1.368628,-1.249831,-0.844722,-0.173104,2.470788,0.395895
35.195,-0.664058,-1.36687,-1.261758,-0.767638,-0.165541,2.473147,0.368703
35.274,-0.548809,-1.364052,-1.272705,-0.689958,-0.157849,2.473588,0.341224
35.353,-0.433133,-1.360176,-1.282666,-0.611743,-0.150035,2.47211,0.313481
35.432,-0.317122,-1.355245,-1.291632,-0.533054,-0.142104,2.468715,0.285494
35.511,-0.200864,-1.349263,-1.299596,-0.453951,-0.134063,2.463406,0.257286
35.59,-0.084451,-1.342235,-1.306552,-0.374496,-0.125919,2.456186,0.228879
35.669,0.032028,-1.334166,-1.312495,-0.294751,-0.117676,2.447062,0.200294
35.749,0.149955,-1.32494,-1.317476,-0.213763,-0.109236,2.435888,0.171189
35.828,0.266292,-1.314796,-1.321367,-0.133621,-0.100817,2.422953,0.142314
35.907,0.382422,-1.303632,-1.324233,-0.053376,-0.092319,2.408138,0.113329
35.986,0.498255,-1.291457,-1.326072,0.026912,-0.08375,2.391456,0.084256
36.065,0.613702,-1.27828,-1.326882,0.107178,-0.075116,2.37292,0.055118
36.144,0.728673,-1.264113,-1.326663,0.187361,-0.066423,2.352543,0.025937
36.223,0.84308,-1.248964,-1.325416,0.267399,-0.057679,2.330342,-0.003264
36.302,0.956832,-1.232847,-1.323141,0.347229,-0.048891,2.306333,-0.032463
36.382,1.071267,-1.215552,-1.319791,0.427796,-0.039952,2.280198,-0.062006
36.461,1.183437,-1.197525,-1.315453,0.507021,-0.031094,2.25261,-0.091131
36.54,1.294689,-1.178568,-1.310095,0.585854,-0.022212,2.223276,-0.120185
36.619,1.404936,-1.158698,-1.303721,0.664232,-0.013313,2.192217,-0.149146
36.698,1.514094,-1.137929,-1.296336,0.742095,-0.004403,2.159457,-0.177991
36.777,1.622078,-1.116278,-1.287945,0.819382,0.00451,2.125024,-0.206699
36.856,1.728804,-1.093761,-1.278556,0.896034,0.01342,2.088942,-0.235246
36.935,1.834189,-1.070395,-1.268175,0.971991,0.022319,2.05124,-0.263611
37.015,1.939458,-1.045888,-1.25666,1.048141,0.031313,2.01144,-0.292126
37.094,2.041899,-1.020872,-1.244309,1.122522,0.040171,1.970567,-0.320057
37.173,2.142755,-0.995063,-1.230993,1.196032,0.048997,1.928166,-0.347739
37.252,2.24195,-0.968483,-1.216722,1.268614,0.057785,1.88427,-0.375153
37.331,2.339406,-0.941151,-1.201507,1.340213,0.066528,1.838913,-0.402275
37.426,2.454191,-0.90732,-1.181978,1.424931,0.076974,1.782484,-0.434475
37.505,2.547553,-0.878409,-1.164728,1.494168,0.085595,1.734034,-0.460882
37.584,2.63894,-0.848818,-1.146575,1.562246,0.094149,1.684239,-0.486932
37.663,2.728279,-0.818568,-1.127532,1.629113,0.10263,1.633137,-0.512605
37.742,2.815503,-0.787684,-1.107615,1.694716,0.111032,1.58077,-0.53788
37.821,2.900544,-0.756189,-1.086839,1.759005,0.119348,1.527176,-0.562737
37.901,2.984368,-0.723697,-1.064941,1.822718,0.127675,1.471697,-0.587465
37.98,3.064816,-0.691047,-1.042485,1.884211,0.135798,1.415763,-0.611425
38.059,3.142887,-0.657861,-1.019222,1.944244,0.143815,1.358731,-0.634911
38.138,3.218521,-0.624164,-0.995167,2.002768,0.151721,1.300645,-0.657905
38.217,3.291658,-0.589984,-0.970341,2.05974,0.15951,1.241551,-0.680388
38.296,3.362243,-0.555346,-0.944763,2.115114,0.167175,1.181494,-0.702344
38.375,3.430221,-0.520277,-0.918451,2.168848,0.17471,1.12052,-0.723755
38.454,3.495538,-0.484805,-0.891428,2.220899,0.182109,1.058678,-0.744604
38.534,3.558919,-0.448501,-0.863358,2.271855,0.189459,0.995216,-0.765129
38.613,3.618731,-0.412301,-0.834965,2.3204,0.196568,0.93177,-0.784801
38.692,3.675736,-0.37578,-0.805924,2.367146,0.203525,0.867602,-0.803864
38.771,3.72989,-0.338969,-0.776259,2.412057,0.210325,0.802761,-0.822303
38.85,3.781152,-0.301894,-0.745991,2.455096,0.216961,0.737298,-0.840105
38.929,3.829482,-0.264585,-0.715145,2.496232,0.223429,0.671263,-0.857255
39.008,3.874842,-0.227071,-0.683744,2.535432,0.229724,0.604707,-0.87374
39.087,3.917197,-0.189382,-0.651813,2.572665,0.23584,0.537682,-0.889548
39.167,3.956992,-0.151065,-0.618963,2.608337,0.241848,0.469384,-0.904853
39.246,3.993201,-0.113109,-0.58604,2.641527,0.247592,0.401574,-0.91926
39.325,4.026314,-0.075066,-0.552663,2.672668,0.253143,0.333451,-0.932955
39.404,4.056304,-0.036964,-0.518857,2.701737,0.258499,0.265071,-0.945926
39.483,4.083149,0.001166,-0.484649,2.728711,0.263654,0.196484,-0.958163
39.562,4.106827,0.039295,-0.450065,2.753568,0.268604,0.127746,-0.969657
39.641,4.12732,0.077394,-0.415132,2.77629,0.273346,0.058908,-0.980399
39.72,4.144612,0.115433,-0.379877,2.796859,0.277876,-0.009976,-0.990381
39.8,4.158848,0.153862,-0.343876,2.815478,0.282244,-0.079723,-0.999707
39.879,4.169659,0.191691,-0.308056,2.831667,0.286337,-0.148536,-1.008136
39.958,4.177238,0.229371,-0.271997,2.845659,0.290208,-0.217235,-1.015783
40.037,4.181577,0.266873,-0.235727,2.857445,0.293854,-0.285764,-1.022642
40.116,4.182672,0.304168,-0.199275,2.867015,0.297272,-0.354073,-1.028708
40.195,4.180524,0.341228,-0.162668,2.874362,0.30046,-0.422106,-1.033977
40.274,4.175135,0.378022,-0.125934,2.879479,0.303414,-0.489812,-1.038443
40.353,4.166507,0.414524,-0.089104,2.882364,0.306133,-0.557139,-1.042104
40.433,4.154477,0.45116,-0.051736,2.883007,0.308645,-0.624877,-1.044988
40.512,4.139355,0.486985,-0.014795,2.881391,0.310884,-0.691281,-1.047021
40.591,4.121023,0.522434,0.022157,2.877542,0.312883,-0.757148,-1.048241
40.67,4.099495,0.557477,0.059092,2.87146,0.314638,-0.822429,-1.048648
40.749,4.074788,0.592088,0.095981,2.863152,0.31615,-0.887072,-1.048243
40.828,4.046921,0.626239,0.132796,2.852624,0.317417,-0.951027,-1.047024
40.907,4.015915,0.659905,0.169508,2.839883,0.318437,-1.014244,-1.044993
40.986,3.981795,0.693059,0.206088,2.824939,0.31921,-1.076675,-1.042152
41.066,3.944096,0.726085,0.242969,2.807574,0.319741,-1.139045,-1.038451
41.145,3.903791,0.758132,0.279199,2.788235,0.320016,-1.199746,-1.033986
41.224,3.860457,0.78959,0.315212,2.766734,0.320042,-1.259517,-1.02872
41.303,3.81413,0.820437,0.350981,2.743087,0.31982,-1.318312,-1.022655
41.382,3.764845,0.850647,0.386478,2.717313,0.319351,-1.376084,-1.015797
41.477,3.701716,0.8861,0.428764,2.683529,0.318458,-1.444139,-1.006508
41.556,3.646054,0.914826,0.463565,2.653142,0.317443,-1.499502,-0.997923
41.635,3.587564,0.942844,0.498006,2.620698,0.316183,-1.553703,-0.988565
41.714,3.526292,0.97013,0.532061,2.586221,0.314677,-1.606698,-0.978439
41.793,3.462286,0.996663,0.565703,2.549738,0.312927,-1.658447,-0.967555
41.872,3.395595,1.022424,0.598906,2.511278,0.310935,-1.708911,-0.95592
42.014,3.269134,1.066722,0.657403,2.437272,0.306748,-1.796259,-0.93315
42.093,3.195212,1.090216,0.689244,2.393443,0.304085,-1.84292,-0.919466
42.172,3.118812,1.112865,0.72055,2.347759,0.301187,-1.888152,-0.905069
42.251,3.039994,1.134651,0.751297,2.300253,0.298055,-1.931919,-0.88997
42.331,2.957776,1.155816,0.78184,2.250329,0.294647,-1.974713,-0.873977
42.41,2.874276,1.175814,0.81139,2.199272,0.291053,-2.015431,-0.857501
42.489,2.788548,1.194901,0.840312,2.14651,0.287232,-2.054587,-0.840361
42.568,2.700657,1.213061,0.868582,2.092083,0.283189,-2.092149,-0.822569
42.647,2.610672,1.23028,0.896178,2.036033,0.278927,-2.128088,-0.804139
42.726,2.518662,1.246544,0.923079,1.978405,0.274448,-2.162377,-0.785085
42.868,2.348415,1.273342,0.96962,1.870993,0.265864,-2.219777,-0.749316
42.947,2.251125,1.286873,0.994467,1.809188,0.260799,-2.249313,-0.728597
43.026,2.152089,1.299406,1.018544,1.745981,0.255531,-2.277103,-0.707314
43.105,2.051385,1.310932,1.041831,1.681419,0.250066,-2.303128,-0.685482
43.184,1.949089,1.321441,1.06431,1.615554,0.244406,-2.327367,-0.663118
43.263,1.845282,1.330925,1.085963,1.548435,0.238557,-2.3498,-0.64024
43.343,1.738703,1.339477,1.107032,1.479244,0.232446,-2.370661,-0.616567
43.422,1.632099,1.346877,1.126974,1.409762,0.226229,-2.389411,-0.592708
43.563,1.438739,1.357485,1.160385,1.28307,0.214701,-2.418262,-0.548995
43.642,1.328819,1.361965,1.177857,1.21068,0.208008,-2.43182,-0.523903
43.722,1.216457,1.365425,1.194619,1.136418,0.201066,-2.443627,-0.49808
43.801,1.10455,1.367776,1.210239,1.062197,0.194054,-2.45338,-0.472191
43.942,0.902745,1.369335,1.235778,0.927717,0.181168,-2.466054,-0.425087
44.021,0.788671,1.36873,1.248756,0.851347,0.173751,-2.470495,-0.398229
44.101,0.672529,1.367035,1.260912,0.773337,0.166102,-2.473039,-0.370716
44.18,0.557314,1.364295,1.271932,0.695699,0.15842,-2.473621,-0.343257
44.259,0.441667,1.360497,1.281966,0.617522,0.150614,-2.472284,-0.315533
44.338,0.325677,1.355644,1.291005,0.538865,0.142692,-2.469031,-0.287564
44.417,0.209435,1.34974,1.299044,0.459791,0.134659,-2.463862,-0.259371
44.496,0.09303,1.342788,1.306074,0.38036,0.126522,-2.456783,-0.230978
44.638,-0.116325,1.32768,1.316162,0.236885,0.111653,-2.439273,-0.179506
44.717,-0.232704,1.317831,1.320348,0.156784,0.103257,-2.426883,-0.150667
44.796,-0.348903,1.306961,1.32351,0.076562,0.094782,-2.41261,-0.121712
44.875,-0.464832,1.295077,1.325646,-0.00372,0.086232,-2.396466,-0.092662
44.954,-0.5804,1.282189,1.326754,-0.083998,0.077616,-2.378464,-0.06354
45.033,-0.695517,1.268306,1.326832,-0.164212,0.06894,-2.358617,-0.034369
45.113,-0.811542,1.253246,1.325863,-0.245311,0.060099,-2.336655,-0.004802
45.192,-0.925484,1.237395,1.323872,-0.325205,0.051322,-2.313144,0.0244
45.271,-1.038708,1.220585,1.320853,-0.404846,0.042505,-2.287839,0.053583
45.35,-1.151126,1.202828,1.316811,-0.484174,0.033656,-2.26076,0.082724
45.429,-1.262652,1.184139,1.311747,-0.563126,0.02478,-2.231927,0.111801
45.524,-1.395461,1.160449,1.304311,-0.657485,0.014081,-2.194965,0.14665
45.603,-1.504716,1.139757,1.297013,-0.735395,0.005172,-2.162352,0.175506
45.682,-1.612805,1.118181,1.288709,-0.812734,-0.003741,-2.128061,0.204227
45.761,-1.719643,1.095738,1.279405,-0.889444,-0.012651,-2.092121,0.232788
45.84,-1.825147,1.072445,1.26911,-0.965463,-0.021551,-2.054558,0.26117
45.919,-1.929235,1.048321,1.25783,-1.040734,-0.030435,-2.015401,0.289348
45.999,-2.033117,1.023063,1.245413,-1.116134,-0.039407,-1.974156,0.317655
46.078,-2.134113,0.997322,1.23218,-1.189722,-0.048236,-1.931886,0.34536
46.157,-2.233454,0.970807,1.217991,-1.262387,-0.057028,-1.888118,0.372797
46.236,-2.331064,0.94354,1.202858,-1.334072,-0.065776,-1.842885,0.399945
46.315,-2.426865,0.91554,1.186791,-1.404723,-0.074472,-1.796223,0.426783
46.394,-2.520785,0.886831,1.169804,-1.474285,-0.083111,-1.748169,0.45329
46.473,-2.612749,0.857434,1.15191,-1.542704,-0.091685,-1.698758,0.479446
46.552,-2.702687,0.827372,1.133123,-1.609926,-0.100188,-1.64803,0.505229
46.632,-2.791628,0.796276,1.113202,-1.676726,-0.10872,-1.595358,0.53094
46.711,-2.877278,0.764947,1.092662,-1.741383,-0.11706,-1.542099,0.555915
46.79,-2.960697,0.733025,1.071274,-1.804689,-0.12531,-1.487644,0.580458
46.869,-3.04182,0.700534,1.049056,-1.866596,-0.133462,-1.432035,0.604552
46.948,-3.120584,0.6675,1.026023,-1.927056,-0.14151,-1.375315,0.628177
47.027,-3.196927,0.633949,1.002196,-1.986021,-0.149449,-1.317529,0.651314
47.106,-3.270792,0.599905,0.977591,-2.043445,-0.157273,-1.258722,0.673947
47.185,-3.34212,0.565397,0.952227,-2.099285,-0.164974,-1.198938,0.696057
47.265,-3.411709,0.530005,0.925791,-2.154173,-0.172642,-1.13745,0.717896
47.344,-3.477766,0.494641,0.898962,-2.206693,-0.180079,-1.075843,0.738903
47.423,-3.541126,0.458894,0.871436,-2.257502,-0.187377,-1.013401,0.759336
47.502,-3.60174,0.422791,0.843234,-2.306561,-0.19453,-0.950173,0.77918
47.581,-3.65956,0.386361,0.814378,-2.35383,-0.201532,-0.886209,0.798421
47.66,-3.714543,0.34963,0.784891,-2.399275,-0.208377,-0.821557,0.817042
47.739,-3.766644,0.312629,0.754794,-2.442858,-0.215061,-0.756269,0.835029
47.818,-3.815825,0.275385,0.724113,-2.484547,-0.221578,-0.690393,0.852369
47.898,-3.862612,0.237452,0.692471,-2.5248,-0.228003,-0.623139,0.869254
47.977,-3.905801,0.199807,0.660684,-2.562579,-0.234169,-0.556238,0.88525
48.056,-3.94596,0.162008,0.628385,-2.598372,-0.240154,-0.488906,0.90056
48.135,-3.983059,0.124083,0.595598,-2.632149,-0.245952,-0.421195,0.915171
48.214,-4.017069,0.086062,0.56235,-2.663885,-0.25156,-0.353158,0.929073
48.293,-4.047964,0.047974,0.528665,-2.693555,-0.256972,-0.284846,0.942254
48.372,-4.075719,0.009849,0.49457,-2.721136,-0.262185,-0.216314,0.954704
48.451,-4.100314,-0.028283,0.460092,-2.746606,-0.267195,-0.147614,0.966414
48.531,-4.121979,-0.066876,0.424814,-2.770229,-0.272057,-0.077928,0.977508
48.61,-4.140157,-0.104935,0.389645,-2.791394,-0.276647,-0.009051,0.987701
48.689,-4.155124,-0.142912,0.354174,-2.810394,-0.281021,0.059832,0.997128
48.768,-4.166868,-0.180778,0.318428,-2.827215,-0.285178,0.128669,1.005781
48.847,-4.175381,-0.218504,0.282436,-2.841844,-0.289113,0.197406,1.013655
48.926,-4.180656,-0.25606,0.246224,-2.854268,-0.292824,0.26599,1.020742
49.005,-4.182689,-0.293418,0.209821,-2.864479,-0.296309,0.334367,1.027038
49.084,-4.181478,-0.330549,0.173256,-2.872469,-0.299563,0.402485,1.032537
49.164,-4.176947,-0.367888,0.136091,-2.878289,-0.302622,0.471148,1.03729
49.243,-4.169213,-0.404473,0.099284,-2.88179,-0.305406,0.538584,1.041174
49.322,-4.158246,-0.440745,0.062401,-2.883057,-0.307954,0.605603,1.04425
49.401,-4.144053,-0.476675,0.025468,-2.882088,-0.310262,0.672152,1.046517
49.48,-4.126647,-0.512235,-0.011484,-2.878883,-0.31233,0.73818,1.047972
49.575,-4.101479,-0.554468,-0.055905,-2.872073,-0.314496,0.816818,1.048645
49.654,-4.077046,-0.589118,-0.092799,-2.863957,-0.316029,0.881518,1.04831
49.733,-4.049451,-0.62331,-0.129622,-2.85362,-0.317317,0.945534,1.047161
49.812,-4.018715,-0.657019,-0.166344,-2.84107,-0.318358,1.008817,1.0452
49.891,-3.984863,-0.690218,-0.202936,-2.826316,-0.319153,1.071318,1.042429
49.97,-3.94792,-0.722882,-0.239372,-2.809371,-0.3197,1.132987,1.03885
50.05,-3.90739,-0.755388,-0.276079,-2.78999,-0.320002,1.194542,1.034404
50.129,-3.864317,-0.786899,-0.312112,-2.768675,-0.32005,1.254395,1.029206
50.239,-3.799358,-0.829752,-0.361876,-2.735423,-0.319703,1.336105,1.02064
50.334,-3.738656,-0.86576,-0.404419,-2.703394,-0.319017,1.40506,1.012007
50.413,-3.684982,-0.894966,-0.439453,-2.674448,-0.318174,1.461205,1.003963
50.492,-3.628449,-0.923478,-0.474146,-2.643429,-0.317084,1.516217,0.995141
50.571,-3.569103,-0.951274,-0.508472,-2.61036,-0.315748,1.570053,0.985546
50.65,-3.50699,-0.978332,-0.542403,-2.575266,-0.314167,1.622672,0.975188
50.729,-3.442156,-1.004631,-0.575913,-2.538175,-0.312343,1.674032,0.964073
50.809,-3.373781,-1.03047,-0.609393,-2.498609,-0.310249,1.724719,0.952056
50.888,-3.303628,-1.055181,-0.641978,-2.457587,-0.307938,1.773426,0.939445
50.967,-3.230913,-1.079073,-0.674066,-2.414659,-0.305389,1.820758,0.926107
51.046,-3.155693,-1.102129,-0.705631,-2.369859,-0.302604,1.866678,0.91205
51.125,-3.078025,-1.12433,-0.736649,-2.32322,-0.299583,1.911151,0.897285
51.204,-2.99797,-1.14566,-0.767095,-2.27478,-0.29633,1.954141,0.881825
51.283,-2.91559,-1.1661,-0.796947,-2.224576,-0.292848,1.995616,0.865681
51.362,-2.830948,-1.185637,-0.82618,-2.172647,-0.289138,2.035543,0.848866
51.442,-2.742999,-1.204483,-0.855131,-2.118344,-0.285153,2.074367,0.831167
51.521,-2.654008,-1.222155,-0.883052,-2.063065,-0.280995,2.111087,0.81304
51.6,-2.562958,-1.238878,-0.910289,-2.006187,-0.276619,2.14617,0.794283
51.679,-2.469921,-1.25464,-0.936819,-1.947754,-0.272028,2.179588,0.77491
51.758,-2.374969,-1.26943,-0.962623,-1.887809,-0.267227,2.211316,0.754936
51.837,-2.278174,-1.283235,-0.987681,-1.826401,-0.262218,2.241328,0.734377
51.916,-2.179613,-1.296045,-1.011972,-1.763576,-0.257006,2.269603,0.713248
51.995,-2.079362,-1.30785,-1.035479,-1.699383,-0.251595,2.296118,0.691566
52.075,-1.976198,-1.31877,-1.058465,-1.633035,-0.245916,2.321153,0.669063
52.154,-1.872782,-1.328525,-1.080337,-1.566242,-0.240117,2.344064,0.646319
52.233,-1.767913,-1.33725,-1.101372,-1.498234,-0.234131,2.365158,0.623073
52.312,-1.661673,-1.344937,-1.121553,-1.429064,-0.227964,2.384417,0.599345
52.391,-1.554144,-1.351582,-1.140864,-1.358786,-0.22162,2.401827,0.575152
52.47,-1.44541,-1.357178,-1.15929,-1.287455,-0.215104,2.417374,0.550512
52.549,-1.335555,-1.361722,-1.176817,-1.215124,-0.208421,2.431046,0.525446
52.628,-1.224665,-1.365209,-1.193431,-1.141852,-0.201576,2.442834,0.499972
52.708,-1.111403,-1.367662,-1.209312,-1.066749,-0.194486,2.452839,0.473781
52.787,-0.998689,-1.369017,-1.224052,-0.991753,-0.187332,2.460806,0.447547
52.866,-0.885201,-1.369311,-1.237842,-0.915988,-0.180033,2.466864,0.420967
52.945,-0.771026,-1.368542,-1.250672,-0.839512,-0.172595,2.471009,0.39406
53.024,-0.656253,-1.366712,-1.262532,-0.762385,-0.165023,2.473237,0.366847
53.103,-0.540972,-1.363822,-1.273412,-0.684667,-0.157322,2.473548,0.339349
53.182,-0.42527,-1.359874,-1.283306,-0.606418,-0.1495,2.47194,0.311589
53.261,-0.30924,-1.354872,-1.292204,-0.527698,-0.141562,2.468416,0.283587
53.341,-0.191496,-1.348736,-1.300193,-0.447566,-0.133411,2.462895,0.255006
53.42,-0.075074,-1.341624,-1.307068,-0.368085,-0.125258,2.455522,0.226584
53.499,0.041406,-1.333471,-1.31293,-0.288319,-0.117009,2.446245,0.197986
53.578,0.157854,-1.324284,-1.317773,-0.20833,-0.108668,2.43507,0.169234
53.657,0.274179,-1.31407,-1.321594,-0.128179,-0.100243,2.422007,0.140351
53.736,0.390292,-1.302838,-1.32439,-0.047928,-0.09174,2.407065,0.111359
53.815,0.506102,-1.290594,-1.326159,0.03236,-0.083166,2.390257,0.082281
53.894,0.62152,-1.27735,-1.3269,0.112622,-0.074528,2.371595,0.053139
53.974,0.737907,-1.262929,-1.326601,0.193811,-0.065721,2.350823,0.023586
54.053,0.852264,-1.247702,-1.325271,0.273835,-0.056973,2.328475,-0.005616
54.132,0.965959,-1.231508,-1.322913,0.353646,-0.048181,2.304322,-0.034813
54.211,1.078906,-1.214359,-1.319529,0.433183,-0.039352,2.278382,-0.063984
54.29,1.191016,-1.196268,-1.315122,0.512384,-0.030492,2.250675,-0.093105
54.369,1.302202,-1.177249,-1.309694,0.591187,-0.021609,2.221222,-0.122153
54.448,1.412379,-1.157317,-1.303251,0.669532,-0.012708,2.190047,-0.151107
54.527,1.52146,-1.136488,-1.295798,0.747358,-0.003798,2.157174,-0.179944
54.607,1.630719,-1.114497,-1.287226,0.825578,0.005228,2.122179,-0.209003
54.686,1.73734,-1.091911,-1.277757,0.902176,0.014137,2.085966,-0.237537
54.765,1.842613,-1.068478,-1.267296,0.978075,0.023035,2.048135,-0.265886
54.844,1.946458,-1.044216,-1.255853,1.053215,0.031915,2.008715,-0.294029
54.923,2.048793,-1.019145,-1.243436,1.127538,0.040771,1.967738,-0.321943
55.002,2.14954,-0.993283,-1.230054,1.200987,0.049594,1.925235,-0.349608
55.081,2.248619,-0.966651,-1.215719,1.273504,0.05838,1.881238,-0.377002
55.16,2.345954,-0.93927,-1.200441,1.345034,0.06712,1.835783,-0.404104
55.24,2.442667,-0.910799,-1.184021,1.416406,0.075918,1.788302,-0.431229
55.319,2.536266,-0.881974,-1.166882,1.485781,0.084546,1.740018,-0.457679
55.398,2.627897,-0.852464,-1.148838,1.554003,0.093109,1.690385,-0.483774
55.477,2.71749,-0.822294,-1.129903,1.621021,0.1016,1.639441,-0.509493
55.556,2.804976,-0.791486,-1.110091,1.686781,0.110012,1.587226,-0.534818
55.651,2.907294,-0.753627,-1.085129,1.764123,0.120014,1.522809,-0.56472
55.73,2.989901,-0.721499,-1.063443,1.826936,0.128229,1.467937,-0.589105
55.809,3.07019,-0.688812,-1.040932,1.888332,0.136345,1.411927,-0.613034
55.888,3.148097,-0.65559,-1.017614,1.948263,0.144355,1.354822,-0.636487
55.967,3.223563,-0.62186,-0.993507,2.006684,0.152254,1.296667,-0.659447
56.046,3.296529,-0.587648,-0.968629,2.063548,0.160034,1.237506,-0.681895
56.126,3.367814,-0.552538,-0.942671,2.119502,0.167786,1.176618,-0.704088
56.205,3.435579,-0.517436,-0.916302,2.173101,0.175311,1.115572,-0.725454
56.284,3.500679,-0.481932,-0.889222,2.225016,0.182699,1.053662,-0.746258
56.363,3.563065,-0.446055,-0.861452,2.275205,0.189946,0.990935,-0.766483
56.442,3.622688,-0.409832,-0.833014,2.32363,0.197045,0.927438,-0.786114
56.521,3.679501,-0.373291,-0.803931,2.370252,0.203992,0.863223,-0.805135
56.6,3.733461,-0.336461,-0.774224,2.415037,0.21078,0.798338,-0.823531
56.679,3.784525,-0.299369,-0.743916,2.457948,0.217405,0.732835,-0.841289
56.759,3.833245,-0.261572,-0.712637,2.49946,0.223942,0.665923,-0.858607
56.838,3.878364,-0.224043,-0.681193,2.538503,0.230223,0.599327,-0.875038
56.917,3.920475,-0.18634,-0.64922,2.575577,0.236325,0.532267,-0.890791
56.996,3.959546,-0.148493,-0.616744,2.610653,0.242243,0.464794,-0.905853
57.075,3.995546,-0.11053,-0.58379,2.643705,0.247974,0.39696,-0.920212
57.154,4.028448,-0.072482,-0.550382,2.674707,0.253513,0.328819,-0.933858
57.233,4.058226,-0.034377,-0.516548,2.703634,0.258855,0.260423,-0.946779
57.312,4.084856,0.003754,-0.482314,2.730465,0.263996,0.191824,-0.958966
57.392,4.108595,0.042364,-0.447265,2.755477,0.268994,0.122206,-0.97055
57.471,4.128831,0.08046,-0.412305,2.778026,0.273719,0.053363,-0.981231
57.55,4.145865,0.118492,-0.377025,2.798421,0.278232,-0.015522,-0.991152
57.629,4.159683,0.156433,-0.341453,2.816645,0.282529,-0.084395,-1.000304
57.708,4.170276,0.194253,-0.305616,2.832686,0.286607,-0.153202,-1.00868
57.787,4.177635,0.231922,-0.269542,2.846529,0.290463,-0.221891,-1.016273
57.866,4.181753,0.269411,-0.233259,2.858165,0.294093,-0.290407,-1.023079
57.945,4.182629,0.306691,-0.196795,2.867584,0.297496,-0.358698,-1.029091
58.025,4.18021,0.3442,-0.159714,2.874857,0.300706,-0.42757,-1.034366
58.104,4.17456,0.380972,-0.122972,2.879794,0.303642,-0.495248,-1.038768
58.183,4.165671,0.417449,-0.086135,2.882499,0.306342,-0.562541,-1.042364
58.262,4.153552,0.453602,-0.04923,2.882968,0.308805,-0.629399,-1.045152
58.341,4.138212,0.489403,-0.012288,2.881201,0.311028,-0.695768,-1.047129
58.42,4.119663,0.524825,0.024664,2.8772,0.31301,-0.761597,-1.048294
58.499,4.097919,0.559839,0.061597,2.870967,0.314749,-0.826836,-1.048647
58.578,4.072997,0.59442,0.098482,2.862508,0.316244,-0.891434,-1.048186
58.658,4.04454,0.628968,0.135756,2.85168,0.317508,-0.956145,-1.04689
58.737,4.013283,0.662594,0.172458,2.838761,0.318508,-1.0193,-1.044794
58.816,3.978913,0.695706,0.209027,2.823641,0.319262,-1.081666,-1.041888
58.895,3.941458,0.728278,0.245433,2.806331,0.319767,-1.143192,-1.038174
58.974,3.900946,0.760285,0.28165,2.786845,0.320025,-1.203832,-1.033654
59.053,3.857408,0.791703,0.317647,2.765197,0.320035,-1.263538,-1.028333
59.132,3.810879,0.822507,0.353399,2.741405,0.319796,-1.322265,-1.022215
59.211,3.761395,0.852673,0.388876,2.715487,0.31931,-1.379966,-1.015303
59.291,3.708312,0.882547,0.424495,2.687095,0.318565,-1.437306,-1.007502
59.37,3.652998,0.911359,0.459337,2.656961,0.31758,-1.492808,-0.999012
59.449,3.594851,0.939464,0.493824,2.624766,0.31635,-1.547153,-0.989748
59.528,3.533916,0.96684,0.527927,2.590535,0.314874,-1.600298,-0.979715
59.623,3.457015,0.998766,0.568393,2.546714,0.312776,-1.662559,-0.966646
59.717,3.377107,1.029254,0.607805,2.500543,0.310354,-1.722329,-0.952647
59.812,3.292583,1.058918,0.646959,2.451091,0.307561,-1.780814,-0.937436
59.923,3.189152,1.092072,0.691785,2.389833,0.303861,-1.846615,-0.918333
60.017,3.097737,1.118842,0.72892,2.335092,0.300363,-1.900132,-0.901055
60.112,3.001894,1.144649,0.765637,2.277163,0.296493,-1.952097,-0.882589
60.191,2.919625,1.165133,0.795518,2.227044,0.293021,-1.993646,-0.866477
60.27,2.835092,1.184713,0.824781,2.175197,0.289322,-2.033649,-0.849694
60.365,2.730532,1.207041,0.859123,2.110619,0.284577,-2.079662,-0.82864
60.444,2.641245,1.224579,0.886949,2.055112,0.280388,-2.116152,-0.810424
60.523,2.54991,1.241167,0.914087,1.998011,0.275982,-2.151001,-0.791579
60.602,2.456598,1.256793,0.940516,1.939361,0.271361,-2.184181,-0.77212
60.682,2.360163,1.271623,0.966536,1.878435,0.266468,-2.216055,-0.751804
60.761,2.263091,1.285275,0.991476,1.816805,0.261428,-2.245802,-0.731156
60.84,2.164264,1.297931,1.015648,1.753767,0.256185,-2.273807,-0.70994
60.919,2.063759,1.30958,1.039032,1.689368,0.250743,-2.300048,-0.688174
60.998,1.961654,1.320213,1.061611,1.623658,0.245107,-2.324506,-0.665875
61.077,1.858027,1.329823,1.083366,1.55669,0.239281,-2.34716,-0.643059
61.156,1.752959,1.338401,1.10428,1.488514,0.233269,-2.367995,-0.619744
61.235,1.646531,1.345941,1.124339,1.419185,0.227076,-2.386993,-0.595949
61.315,1.537456,1.352513,1.143763,1.347856,0.220626,-2.404346,-0.571381
61.394,1.428543,1.357947,1.162051,1.276366,0.214084,-2.419604,-0.546675
61.473,1.318523,1.362328,1.179438,1.203887,0.207376,-2.432987,-0.521545
61.552,1.207481,1.365653,1.195911,1.130474,0.200507,-2.444483,-0.49601
61.631,1.095501,1.367919,1.211456,1.056184,0.193483,-2.454083,-0.47009
61.726,0.959726,1.369238,1.228904,0.965769,0.184837,-2.463106,-0.43844
61.805,0.845991,1.369166,1.242365,0.889753,0.17749,-2.468506,-0.411745
61.884,0.731601,1.368032,1.254862,0.813046,0.170005,-2.471992,-0.38473
61.963,0.616643,1.365837,1.266386,0.735709,0.162388,-2.473561,-0.357417
62.042,0.501207,1.362583,1.276928,0.657802,0.154645,-2.473211,-0.329827
62.121,0.385382,1.358272,1.28648,0.579384,0.146782,-2.470944,-0.301981
62.201,0.267787,1.352833,1.295136,0.499516,0.138703,-2.466695,-0.273544
62.28,0.151452,1.346407,1.302673,0.420256,0.130618,-2.460574,-0.245249
62.359,0.035001,1.338936,1.3092,0.34067,0.122431,-2.452545,-0.216763
62.438,-0.081479,1.330427,1.314711,0.260821,0.114149,-2.442614,-0.18811
62.517,-0.197895,1.320886,1.319203,0.180768,0.105778,-2.430788,-0.15931
62.596,-0.314157,1.31032,1.322672,0.100576,0.097326,-2.417077,-0.130387
62.675,-0.430176,1.298739,1.325115,0.020306,0.088798,-2.401492,-0.101363
62.754,-0.545861,1.28615,1.32653,-0.05998,0.080201,-2.384045,-0.072261
62.834,-0.662579,1.272386,1.326915,-0.141235,0.071432,-2.364492,-0.042732
62.913,-0.777321,1.2578,1.326259,-0.221364,0.062717,-2.343339,-0.01354
62.992,-0.89146,1.242239,1.324575,-0.301321,0.053953,-2.320368,0.015663
63.071,-1.004908,1.225715,1.321864,-0.381045,0.045147,-2.295598,0.044854
63.15,-1.117577,1.20824,1.318128,-0.460473,0.036307,-2.269048,0.07401
63.229,-1.229379,1.189828,1.313369,-0.539544,0.027438,-2.240737,0.103108
63.308,-1.340227,1.170493,1.307592,-0.618197,0.018548,-2.21069,0.132127
63.387,-1.450036,1.150251,1.300801,-0.69637,0.009643,-2.178927,0.161043
63.467,-1.560089,1.128844,1.292896,-0.774982,0.000619,-2.145041,0.190198
63.546,-1.667549,1.106823,1.28408,-0.852007,-0.008294,-2.109904,0.21884
63.625,-1.773716,1.083943,1.274269,-0.928371,-0.0172,-2.073131,0.247312
63.704,-1.878507,1.060223,1.26347,-1.004016,-0.026093,-2.03475,0.275593
63.783,-1.981841,1.035681,1.25169,-1.078881,-0.034965,-1.994791,0.30366
63.862,-2.083639,1.010335,1.23894,-1.15291,-0.04381,-1.953285,0.331491
63.941,-2.18382,0.984206,1.225229,-1.226045,-0.052622,-1.910264,0.359065
64.02,-2.282308,0.957314,1.210568,-1.298229,-0.061392,-1.865762,0.386361
64.1,-2.380239,0.929325,1.194765,-1.3703,-0.070225,-1.819222,0.413697
64.179,-2.475088,0.90096,1.178227,-1.440402,-0.078893,-1.771844,0.440368
64.258,-2.568018,0.871897,1.160775,-1.509386,-0.0875,-1.723092,0.466698
64.337,-2.658956,0.842158,1.142423,-1.5772,-0.096039,-1.673004,0.492666
64.416,-2.747832,0.811765,1.123185,-1.64379,-0.104503,-1.621618,0.518252
64.495,-2.834577,0.780743,1.103075,-1.709106,-0.112886,-1.568974,0.543436
64.574,-2.919123,0.749115,1.082111,-1.773096,-0.121182,-1.515114,0.568198
64.653,-3.001406,0.716906,1.060307,-1.835712,-0.129384,-1.460079,0.59252
64.733,-3.082358,0.683724,1.037389,-1.897669,-0.137587,-1.403193,0.616681
64.812,-3.159893,0.650422,1.013948,-1.95737,-0.145581,-1.345923,0.64006
64.891,-3.234978,0.616616,0.989721,-2.015554,-0.153461,-1.28761,0.662941
64.97,-3.307553,0.582332,0.964726,-2.072174,-0.161223,-1.228298,0.685309
65.049,-3.377564,0.547596,0.938983,-2.127188,-0.168859,-1.168033,0.707145
65.128,-3.444955,0.512435,0.912512,-2.180552,-0.176365,-1.106862,0.728433
65.207,-3.509675,0.476877,0.885333,-2.232225,-0.183733,-1.044833,0.749156
65.286,-3.571672,0.440949,0.857468,-2.282166,-0.19096,-0.981994,0.769298
65.366,-3.631632,0.404218,0.828572,-2.330936,-0.198126,-0.917583,0.789087
65.445,-3.688008,0.367631,0.79939,-2.377278,-0.205049,-0.853262,0.808012
65.524,-3.741524,0.330758,0.769589,-2.421776,-0.211813,-0.788278,0.826311
65.603,-3.792138,0.293629,0.739191,-2.464395,-0.218412,-0.722683,0.843969
65.682,-3.839811,0.256273,0.70822,-2.505104,-0.224842,-0.656528,0.860973
65.777,-3.893193,0.211089,0.670251,-2.551482,-0.232343,-0.576305,0.880535
65.856,-3.934262,0.173333,0.638102,-2.587872,-0.238382,-0.509096,0.896052
65.935,-3.97228,0.135443,0.605458,-2.622254,-0.244237,-0.441493,0.910873
66.014,-4.007217,0.097448,0.572345,-2.654604,-0.249902,-0.373548,0.924988
66.093,-4.039047,0.059377,0.538789,-2.684894,-0.255373,-0.305313,0.938386
66.172,-4.067744,0.02126,0.504814,-2.713103,-0.260647,-0.236841,0.951056
66.252,-4.09359,-0.017356,0.47001,-2.739524,-0.265781,-0.167315,0.963134
66.331,-4.115918,-0.055476,0.435275,-2.763477,-0.270643,-0.098528,0.97431
66.441,-4.141687,-0.108477,0.386352,-2.793256,-0.277063,-0.002633,0.988612
66.536,-4.158933,-0.154122,0.343631,-2.815596,-0.282273,0.080194,0.999767
66.631,-4.171514,-0.199594,0.300525,-2.834779,-0.287166,0.162932,1.009802
66.71,-4.178414,-0.237239,0.264419,-2.84831,-0.29099,0.231599,1.017284
66.789,-4.182074,-0.2747,0.228109,-2.859633,-0.294589,0.300087,1.023978
66.868,-4.182491,-0.311948,0.191622,-2.868738,-0.297959,0.368342,1.029878
66.947,-4.179664,-0.348954,0.154986,-2.875618,-0.301098,0.436311,1.034978
67.042,-4.171972,-0.393095,0.110774,-2.880938,-0.304563,0.517594,1.040049
67.121,-4.162013,-0.429467,0.073911,-2.882902,-0.307185,0.584749,1.043378
67.2,-4.148825,-0.465507,0.036991,-2.88263,-0.309568,0.65145,1.045897
67.295,-4.128707,-0.508365,-0.007442,-2.879342,-0.312116,0.730986,1.047852
67.39,-4.103959,-0.550653,-0.051867,-2.872826,-0.314314,0.809703,1.048633
67.484,-4.074941,-0.591888,-0.095767,-2.863207,-0.316142,0.886698,1.048247
67.563,-4.047092,-0.626042,-0.132582,-2.852691,-0.31741,0.950657,1.047033
67.643,-4.015692,-0.660134,-0.169759,-2.839788,-0.318443,1.014674,1.044977
67.722,-3.981551,-0.693284,-0.206338,-2.82483,-0.319215,1.077099,1.04213
67.801,-3.944322,-0.725897,-0.242758,-2.807681,-0.319739,1.138689,1.038475
67.88,-3.904034,-0.757947,-0.278989,-2.788354,-0.320015,1.199396,1.034015
67.959,-3.860718,-0.789409,-0.315003,-2.766865,-0.320043,1.259173,1.028753
68.038,-3.814408,-0.820259,-0.350774,-2.743231,-0.319822,1.317973,1.022693
68.117,-3.76514,-0.850473,-0.386272,-2.717469,-0.319354,1.375751,1.01584
68.196,-3.712952,-0.880027,-0.421471,-2.689599,-0.318638,1.432462,1.008199
68.276,-3.65717,-0.90926,-0.456782,-2.659251,-0.317661,1.488759,0.999664
68.355,-3.59923,-0.937418,-0.491296,-2.627207,-0.316449,1.54319,0.990456
68.434,-3.538499,-0.964849,-0.525428,-2.593126,-0.314991,1.596424,0.98048
68.513,-3.475024,-0.991531,-0.559153,-2.557034,-0.313289,1.648421,0.969744
68.592,-3.408854,-1.017445,-0.592444,-2.518958,-0.311343,1.699139,0.958256
68.671,-3.34004,-1.04257,-0.625276,-2.478929,-0.309157,1.748539,0.946024
68.75,-3.268636,-1.066886,-0.657623,-2.436978,-0.30673,1.796584,0.933059
68.829,-3.194697,-1.090374,-0.68946,-2.393137,-0.304066,1.843235,0.91937
68.909,-3.117298,-1.113299,-0.721155,-2.346849,-0.301128,1.889019,0.904781
68.988,-3.038433,-1.135067,-0.751891,-2.299309,-0.297991,1.932758,0.889669
69.067,-2.957212,-1.155956,-0.782044,-2.249985,-0.294624,1.974997,0.873866
69.146,-2.873697,-1.175948,-0.811591,-2.198916,-0.291027,2.015705,0.857386
69.225,-2.787954,-1.195028,-0.840508,-2.146143,-0.287206,2.054849,0.840241
69.304,-2.700048,-1.213182,-0.868773,-2.091704,-0.283161,2.0924,0.822445
69.383,-2.610049,-1.230394,-0.896364,-2.035644,-0.278897,2.128328,0.80401
69.462,-2.518025,-1.246653,-0.923261,-1.978005,-0.274416,2.162606,0.784952
69.542,-2.422847,-1.262131,-0.949768,-1.918073,-0.269662,2.195609,0.765033
69.621,-2.326968,-1.276432,-0.975202,-1.857393,-0.264757,2.226485,0.744765
69.7,-2.229284,-1.289742,-0.999881,-1.795273,-0.259647,2.255635,0.72392
69.779,-2.129871,-1.302053,-1.023783,-1.731761,-0.254335,2.283035,0.702513
69.858,-2.028806,-1.313353,-1.046892,-1.666905,-0.248826,2.308665,0.680562
69.937,-1.926168,-1.323635,-1.069189,-1.600757,-0.243124,2.332504,0.658082
70.032,-1.800771,-1.334639,-1.094903,-1.519572,-0.236018,2.358775,0.630376
70.127,-1.673355,-1.344147,-1.119388,-1.436684,-0.228647,2.3824,0.601963
70.221,-1.545433,-1.352071,-1.14238,-1.353081,-0.221101,2.403148,0.573184
70.301,-1.435221,-1.357646,-1.160961,-1.280757,-0.214488,2.418727,0.548195
70.395,-1.304269,-1.362816,-1.181612,-1.194478,-0.2065,2.434574,0.518276
70.49,-1.170471,-1.366521,-1.201166,-1.105949,-0.198196,2.447874,0.487462
70.585,-1.035359,-1.368694,-1.219372,-1.01618,-0.18967,2.458429,0.456101
70.664,-0.922113,-1.369332,-1.233471,-0.940658,-0.182418,2.465107,0.42963
70.743,-0.808151,-1.368908,-1.246613,-0.864406,-0.175024,2.469873,0.402827
70.822,-0.693563,-1.367422,-1.258789,-0.787484,-0.167495,2.472724,0.375711
70.901,-0.578436,-1.364876,-1.269989,-0.709951,-0.159835,2.473657,0.348304
70.98,-0.462862,-1.361271,-1.280204,-0.631868,-0.152052,2.472672,0.320626
71.06,-0.345458,-1.356545,-1.289536,-0.552297,-0.14405,2.46972,0.292345
71.139,-0.229253,-1.35082,-1.297745,-0.473289,-0.136035,2.464878,0.264189
71.218,-0.112869,-1.344046,-1.304948,-0.393915,-0.127915,2.458124,0.235829
71.297,0.003602,-1.336231,-1.311139,-0.314235,-0.119696,2.449464,0.207285
71.392,0.14365,-1.32546,-1.317236,-0.2181,-0.10969,2.436535,0.17275
71.471,0.259995,-1.315371,-1.321182,-0.137965,-0.101275,2.423701,0.143881
71.55,0.376139,-1.304263,-1.324104,-0.057723,-0.092781,2.408989,0.114902
71.645,0.515411,-1.289565,-1.326257,0.038824,-0.082473,2.388823,0.079937
71.724,0.630793,-1.276241,-1.326915,0.119081,-0.07383,2.370012,0.05079
71.803,0.745686,-1.261927,-1.326543,0.199247,-0.065129,2.349364,0.021605
71.882,0.860001,-1.246634,-1.325143,0.279258,-0.056378,2.326893,-0.007597
71.961,0.973648,-1.230374,-1.322716,0.359052,-0.047583,2.302618,-0.036794
72.04,1.086541,-1.213161,-1.319262,0.438568,-0.038752,2.276558,-0.065962
72.119,1.198591,-1.195006,-1.314785,0.517744,-0.02989,2.248731,-0.095078
72.199,1.311112,-1.175678,-1.309213,0.597513,-0.020892,2.218776,-0.124488
72.278,1.421203,-1.155673,-1.302689,0.675818,-0.011991,2.187463,-0.153434
72.357,1.530192,-1.134772,-1.295154,0.7536,-0.00308,2.154454,-0.18226
72.436,1.637995,-1.112991,-1.286615,0.830797,0.005833,2.119773,-0.210945
72.515,1.744527,-1.090347,-1.277078,0.907349,0.014741,2.083449,-0.239466
72.594,1.849706,-1.066857,-1.266551,0.983198,0.023638,2.04551,-0.267802
72.673,1.953451,-1.04254,-1.255041,1.058285,0.032517,2.005984,-0.29593
72.752,2.055681,-1.017415,-1.242558,1.13255,0.04137,1.964902,-0.323829
72.832,2.15758,-0.991167,-1.228935,1.206861,0.050303,1.921747,-0.351824
72.911,2.256521,-0.964474,-1.214524,1.279301,0.059085,1.877632,-0.379196
72.99,2.353713,-0.937033,-1.19917,1.350749,0.067821,1.832061,-0.406273
73.069,2.449079,-0.908865,-1.182887,1.421149,0.076505,1.785069,-0.433035
73.148,2.542547,-0.879993,-1.165686,1.490447,0.085129,1.736693,-0.459461
73.227,2.634042,-0.850438,-1.147581,1.55859,0.093687,1.686969,-0.485531
73.306,2.723494,-0.820223,-1.128586,1.625523,0.102173,1.635938,-0.511224
73.385,2.810835,-0.789373,-1.108716,1.691196,0.110579,1.583638,-0.536521
73.465,2.897059,-0.757508,-1.087718,1.756364,0.119005,1.529424,-0.561714
73.544,2.979945,-0.72545,-1.066134,1.819346,0.127232,1.474694,-0.586154
73.623,3.060519,-0.692829,-1.043722,1.880918,0.13536,1.418821,-0.610139
73.702,3.138721,-0.659671,-1.020502,1.941031,0.143384,1.361847,-0.633651
73.781,3.214488,-0.626002,-0.99649,1.999638,0.151296,1.303818,-0.656672
73.876,3.302294,-0.584873,-0.966593,2.068058,0.160655,1.2327,-0.683679
73.955,3.372495,-0.550169,-0.940905,2.123191,0.168301,1.172504,-0.705555
74.034,3.440081,-0.515039,-0.914486,2.176678,0.175816,1.111398,-0.726884
74.113,3.504999,-0.479509,-0.887359,2.228477,0.183195,1.049431,-0.747649
74.192,3.567199,-0.443608,-0.859543,2.278547,0.190432,0.98665,-0.767834
74.271,3.626632,-0.407362,-0.831061,2.326851,0.197521,0.923103,-0.787424
74.351,3.683952,-0.370336,-0.801562,2.373927,0.204544,0.858023,-0.806639
74.43,3.73768,-0.333484,-0.771805,2.418561,0.21132,0.793087,-0.824985
74.509,3.788509,-0.296373,-0.74145,2.461321,0.217931,0.727535,-0.842691
74.588,3.836401,-0.259032,-0.71052,2.502171,0.224374,0.661419,-0.859743
74.667,3.881317,-0.22149,-0.679039,2.541081,0.230643,0.594791,-0.876129
74.746,3.923223,-0.183776,-0.647032,2.57802,0.236732,0.527701,-0.891835
74.825,3.962086,-0.14592,-0.614523,2.61296,0.242638,0.460202,-0.906849
74.904,3.997877,-0.107951,-0.581537,2.645874,0.248356,0.392346,-0.921161
74.984,4.030962,-0.069416,-0.547674,2.677113,0.25395,0.323321,-0.934925
75.063,4.060487,-0.031308,-0.513807,2.705872,0.259276,0.254906,-0.947788
75.142,4.086862,0.006824,-0.479541,2.732533,0.264401,0.186294,-0.959915
75.221,4.110069,0.044951,-0.444903,2.757075,0.269321,0.117537,-0.971299
75.3,4.130088,0.083043,-0.409921,2.779478,0.274032,0.048689,-0.981929
75.379,4.146904,0.12107,-0.37462,2.799726,0.27853,-0.020197,-0.991797
75.458,4.160504,0.159004,-0.339029,2.817803,0.282813,-0.089067,-1.000897
75.537,4.170878,0.196814,-0.303175,2.833695,0.286876,-0.157868,-1.00922
75.617,4.178086,0.234947,-0.266628,2.847548,0.290764,-0.227414,-1.01685
75.696,4.181944,0.27242,-0.23033,2.859005,0.294376,-0.295915,-1.023592
75.775,4.182559,0.309682,-0.193852,2.868246,0.29776,-0.364185,-1.02954
75.854,4.17993,0.346704,-0.157225,2.875262,0.300913,-0.432174,-1.03469
75.933,4.174059,0.383457,-0.120475,2.880048,0.303833,-0.499827,-1.039037
76.012,4.164951,0.419913,-0.083632,2.882601,0.306517,-0.567092,-1.042579
76.091,4.152613,0.456043,-0.046725,2.882918,0.308963,-0.633918,-1.045312
76.17,4.137055,0.491819,-0.00978,2.881,0.31117,-0.700252,-1.047234
76.25,4.11803,0.527659,0.027639,2.87678,0.313159,-0.766873,-1.048353
76.329,4.09603,0.56264,0.064569,2.870368,0.314878,-0.832062,-1.04864
76.408,4.070852,0.597184,0.101449,2.86173,0.316353,-0.896606,-1.048113
76.487,4.042518,0.631266,0.13825,2.850873,0.317583,-0.960454,-1.046774
76.566,4.011049,0.664857,0.174944,2.837804,0.318567,-1.023558,-1.044623
76.645,3.976469,0.697933,0.211503,2.822535,0.319304,-1.085868,-1.041662
76.724,3.938805,0.730468,0.247897,2.805077,0.319793,-1.147335,-1.037893
76.803,3.898087,0.762436,0.284099,2.785444,0.320034,-1.207913,-1.033319
76.883,3.853772,0.794206,0.320535,2.763361,0.320025,-1.268303,-1.02787
76.962,3.807004,0.82496,0.356266,2.739397,0.319766,-1.326949,-1.021688
77.041,3.757283,0.855073,0.39172,2.713308,0.31926,-1.384565,-1.014713
77.12,3.704649,0.884524,0.42687,2.685116,0.318506,-1.441108,-1.006951
77.199,3.649141,0.913288,0.461689,2.654841,0.317505,-1.496533,-0.998408
77.278,3.590804,0.941345,0.49615,2.622507,0.316257,-1.550798,-0.989091
77.357,3.529681,0.968671,0.530226,2.58814,0.314765,-1.603859,-0.979007
77.436,3.465822,0.995246,0.563892,2.551765,0.313028,-1.655677,-0.968164
77.516,3.398415,1.021371,0.597537,2.512913,0.311022,-1.706843,-0.956418
77.595,3.329198,1.046372,0.630296,2.472586,0.308798,-1.756036,-0.944073
77.674,3.2574,1.070562,0.662566,2.430341,0.306335,-1.803868,-0.930995
77.753,3.183075,1.093921,0.694322,2.386211,0.303634,-1.850301,-0.917196
77.832,3.106282,1.116432,0.72554,2.340231,0.300698,-1.895299,-0.902685
77.927,3.010751,1.142354,0.762333,2.282538,0.296859,-1.947461,-0.884309
78.006,2.928733,1.162936,0.792279,2.23261,0.293412,-1.989177,-0.868272
78.085,2.844445,1.182616,0.821612,2.18095,0.289738,-2.029351,-0.851562
78.164,2.75795,1.201379,0.850307,2.127599,0.285839,-2.06795,-0.834191
78.243,2.669316,1.219211,0.878343,2.072597,0.281718,-2.104946,-0.816173
78.322,2.578612,1.236096,0.905698,2.015989,0.277379,-2.14031,-0.797523
78.402,2.484723,1.252219,0.932683,1.957071,0.272766,-2.174429,-0.778006
78.481,2.390068,1.267163,0.958603,1.897361,0.267998,-2.206425,-0.758126
78.56,2.293559,1.281124,0.983779,1.836181,0.263022,-2.23671,-0.737657
78.639,2.195271,1.294091,1.008193,1.773576,0.257842,-2.26526,-0.716617
78.718,2.095281,1.306055,1.031825,1.709596,0.252461,-2.292054,-0.695021
78.797,1.993666,1.317006,1.054656,1.64429,0.246886,-2.31707,-0.672886
78.876,1.890505,1.326936,1.07667,1.577709,0.241118,-2.340289,-0.650229
78.955,1.785878,1.335836,1.097849,1.509904,0.235164,-2.361693,-0.627068
79.035,1.678515,1.343794,1.118428,1.440048,0.228948,-2.381502,-0.603118
79.114,1.571184,1.350603,1.137877,1.369941,0.222632,-2.399204,-0.578997
79.193,1.462635,1.356365,1.156443,1.298772,0.216142,-2.415046,-0.554427
79.272,1.352951,1.361075,1.174113,1.226595,0.209486,-2.429015,-0.529427
79.351,1.242218,1.36473,1.190872,1.153468,0.202666,-2.4411,-0.504016
79.461,1.086447,1.368055,1.212667,1.050167,0.19291,-2.454773,-0.467987
79.541,0.97212,1.369182,1.227374,0.974038,0.185632,-2.462399,-0.44134
79.635,0.836804,1.369114,1.243407,0.883602,0.176892,-2.468858,-0.409581
79.714,0.722365,1.367895,1.255826,0.806842,0.169396,-2.472189,-0.382542
79.809,0.584014,1.365023,1.26947,0.713713,0.160208,-2.473657,-0.349635
79.904,0.445008,1.360622,1.28169,0.619784,0.150841,-2.47235,-0.316336
79.999,0.305503,1.354694,1.292473,0.525159,0.141305,-2.46827,-0.282682
80.093,0.167129,1.347333,1.301716,0.430951,0.131713,-2.46151,-0.249071
80.173,0.049213,1.339903,1.308457,0.350397,0.123435,-2.453626,-0.220248
80.252,-0.067268,1.33152,1.314093,0.270576,0.115164,-2.443927,-0.191614
80.331,-0.183696,1.322105,1.318709,0.190545,0.106804,-2.432332,-0.162831
80.41,-0.299982,1.311664,1.322303,0.110366,0.098361,-2.418851,-0.133922
80.489,-0.416036,1.300206,1.324872,0.030102,0.089842,-2.403494,-0.104909
80.568,-0.531766,1.28774,1.326412,-0.050185,0.081253,-2.386273,-0.075815
80.647,-0.647085,1.274275,1.326925,-0.130434,0.072602,-2.367201,-0.046662
80.726,-0.761901,1.259822,1.326408,-0.210581,0.063894,-2.346294,-0.017473
80.806,-0.877569,1.24419,1.324836,-0.291576,0.055025,-2.323268,0.0121
80.885,-0.991106,1.227782,1.32225,-0.371332,0.046224,-2.298716,0.041293
80.964,-1.103874,1.210423,1.318639,-0.4508,0.037387,-2.272382,0.070455
81.043,-1.215786,1.192124,1.314004,-0.529917,0.028521,-2.244285,0.099562
81.122,-1.326756,1.172902,1.308351,-0.608624,0.019634,-2.214448,0.128591
81.201,-1.436696,1.152769,1.301684,-0.686859,0.01073,-2.182894,0.157521
81.296,-1.56742,1.127377,1.292329,-0.780229,0.000014,-2.142709,0.192146
81.375,-1.674795,1.105297,1.283446,-0.857211,-0.008898,-2.10746,0.220778
81.454,-1.780871,1.08236,1.273567,-0.933528,-0.017804,-2.070577,0.249238
81.533,-1.885566,1.058584,1.262701,-1.009121,-0.026695,-2.032088,0.277504
81.612,-1.988799,1.033986,1.250856,-1.083932,-0.035566,-1.992023,0.305556
81.692,-2.091766,1.00826,1.237872,-1.158832,-0.044521,-1.949877,0.333721
81.771,-2.191814,0.982069,1.224084,-1.231893,-0.05333,-1.906736,0.361273
81.85,-2.290162,0.955116,1.209347,-1.303998,-0.062097,-1.862116,0.388546
81.929,-2.386734,0.927423,1.193672,-1.375091,-0.070815,-1.816052,0.415517
82.008,-2.481455,0.89901,1.177071,-1.445119,-0.079479,-1.768579,0.442166
82.087,-2.574252,0.8699,1.159558,-1.514025,-0.088082,-1.719735,0.468472
82.166,-2.665052,0.840116,1.141145,-1.581758,-0.096616,-1.669557,0.494414
82.245,-2.753786,0.80968,1.121847,-1.648263,-0.105075,-1.618085,0.519974
82.325,-2.841466,0.778218,1.101419,-1.714308,-0.113558,-1.564682,0.545445
82.404,-2.925833,0.746543,1.080386,-1.778189,-0.121846,-1.510726,0.570173
82.483,-3.007931,0.714289,1.058515,-1.840692,-0.13004,-1.455598,0.594459
82.562,-3.087696,0.68148,1.035824,-1.901767,-0.138133,-1.399341,0.618283
82.641,-3.165066,0.648144,1.012329,-1.961367,-0.146119,-1.341999,0.641628
82.72,-3.239982,0.614304,0.988049,-2.019446,-0.153992,-1.283616,0.664476
82.799,-3.312386,0.579989,0.963003,-2.075959,-0.161745,-1.224238,0.686808
82.878,-3.38222,0.545223,0.93721,-2.130862,-0.169373,-1.16391,0.708607
82.958,-3.450265,0.509586,0.910349,-2.184775,-0.176963,-1.101899,0.730123
83.037,-3.514768,0.473998,0.883115,-2.23631,-0.18432,-1.039803,0.750799
83.116,-3.576544,0.438041,0.855195,-2.286111,-0.191535,-0.976901,0.770894
83.195,-3.635547,0.401745,0.826612,-2.334139,-0.198601,-0.913241,0.79039
83.274,-3.69173,0.365138,0.797388,-2.380356,-0.205513,-0.848872,0.809274
83.353,-3.74505,0.328247,0.767545,-2.424728,-0.212266,-0.783846,0.82753
83.448,-3.80532,0.28355,0.730872,-2.475592,-0.220167,-0.704849,0.848632
83.543,-3.861322,0.238535,0.69338,-2.523681,-0.227822,-0.625061,0.868783
83.622,-3.904597,0.200895,0.661608,-2.561517,-0.233994,-0.558174,0.884799
83.701,-3.944844,0.1631,0.629323,-2.597367,-0.239983,-0.490854,0.900128
83.78,-3.982032,0.125179,0.59655,-2.631203,-0.245787,-0.423153,0.91476
83.859,-4.016131,0.08716,0.563315,-2.662998,-0.251401,-0.355124,0.928682
83.938,-4.047116,0.049074,0.529642,-2.692728,-0.256819,-0.28682,0.941884
84.017,-4.074963,0.010949,0.495559,-2.720369,-0.262038,-0.218293,0.954355
84.097,-4.099941,-0.027666,0.460653,-2.746211,-0.267116,-0.148727,0.96623
84.176,-4.121407,-0.065777,0.425823,-2.769586,-0.271922,-0.079914,0.977203
84.255,-4.139677,-0.103838,0.390664,-2.790814,-0.276517,-0.011038,0.987418
84.334,-4.154737,-0.141818,0.355201,-2.809877,-0.280898,0.057845,0.996867
84.413,-4.166575,-0.179687,0.319463,-2.826761,-0.285061,0.126684,1.005542
84.492,-4.175181,-0.217418,0.283477,-2.841453,-0.289003,0.195425,1.013439
84.571,-4.180549,-0.25498,0.247271,-2.853941,-0.292721,0.264014,1.020549
84.666,-4.182711,-0.299884,0.203481,-2.866026,-0.29689,0.346219,1.02805
84.745,-4.180937,-0.336972,0.166891,-2.873629,-0.300105,0.414286,1.033411
84.824,-4.17592,-0.373799,0.13017,-2.879004,-0.303086,0.482033,1.03797
84.903,-4.167665,-0.410336,0.093349,-2.882145,-0.305832,0.549406,1.041724
84.983,-4.156012,-0.447011,0.055989,-2.883049,-0.308372,0.617197,1.044702
85.062,-4.14126,-0.482878,0.019051,-2.881691,-0.310639,0.683659,1.046828
85.141,-4.123297,-0.518371,-0.017901,-2.878099,-0.312665,0.749591,1.048142
85.22,-4.102137,-0.553462,-0.05484,-2.872274,-0.314449,0.814942,1.048643
85.299,-4.077795,-0.588124,-0.091736,-2.864222,-0.315988,0.879661,1.048331
85.378,-4.050291,-0.62233,-0.128561,-2.853949,-0.317283,0.943698,1.047206
85.457,-4.019645,-0.656053,-0.165286,-2.841462,-0.318332,1.007002,1.045268
85.536,-3.985882,-0.689268,-0.201883,-2.826772,-0.319134,1.069526,1.042521
85.616,-3.948542,-0.722358,-0.238784,-2.809662,-0.319693,1.131996,1.038914
85.695,-3.908587,-0.75447,-0.275037,-2.790573,-0.319997,1.192802,1.034542
85.774,-3.865601,-0.785998,-0.311076,-2.76932,-0.320052,1.252682,1.029367
85.853,-3.819617,-0.816916,-0.346875,-2.745919,-0.319859,1.311592,1.023394
85.932,-3.770671,-0.847201,-0.382404,-2.720389,-0.319417,1.369484,1.016627
86.027,-3.707943,-0.882747,-0.424735,-2.686896,-0.318559,1.43769,1.007447
86.106,-3.652609,-0.911554,-0.459575,-2.656747,-0.317573,1.493185,0.998952
86.185,-3.594443,-0.939654,-0.494058,-2.624538,-0.316341,1.547521,0.989682
86.264,-3.533489,-0.967025,-0.528159,-2.590294,-0.314863,1.600657,0.979644
86.343,-3.469795,-0.993647,-0.56185,-2.554041,-0.313141,1.652552,0.968847
86.422,-3.40341,-1.019497,-0.595105,-2.515807,-0.311176,1.703166,0.957298
86.502,-3.333496,-1.04487,-0.628311,-2.475101,-0.308941,1.753074,0.944847
86.581,-3.261853,-1.069109,-0.660612,-2.432972,-0.306492,1.80099,0.931814
86.66,-3.187681,-1.09252,-0.6924,-2.388957,-0.303806,1.847509,0.918058
86.739,-3.111037,-1.115083,-0.723651,-2.343088,-0.300884,1.892596,0.90359
86.818,-3.03198,-1.136782,-0.754341,-2.295403,-0.297729,1.936214,0.888422
86.897,-2.950571,-1.157599,-0.784446,-2.245937,-0.294342,1.978332,0.872564
86.976,-2.866875,-1.177518,-0.813943,-2.19473,-0.290728,2.018915,0.85603
87.055,-2.780955,-1.196524,-0.842808,-2.141821,-0.286888,2.057932,0.838832
87.135,-2.69175,-1.214825,-0.871373,-2.086549,-0.282773,2.095817,0.820754
87.214,-2.601559,-1.23195,-0.8989,-2.030339,-0.278488,2.131592,0.802261
87.308,-2.491621,-1.251079,-0.930745,-1.96141,-0.273109,2.172005,0.779447
87.388,-2.395896,-1.266279,-0.957043,-1.901047,-0.268295,2.204522,0.759355
87.467,-2.299498,-1.2803,-0.982265,-1.839954,-0.263331,2.234912,0.738923
87.546,-2.201317,-1.293329,-1.006726,-1.777435,-0.258163,2.263569,0.717917
87.625,-2.101429,-1.305354,-1.030406,-1.713538,-0.252795,2.29047,0.696354
87.704,-1.999911,-1.316367,-1.053287,-1.648311,-0.247231,2.315595,0.674252
87.783,-1.896842,-1.326359,-1.075351,-1.581806,-0.241475,2.338924,0.651626
87.862,-1.792302,-1.335323,-1.096581,-1.514075,-0.235532,2.36044,0.628495
87.957,-1.664755,-1.34473,-1.120983,-1.431075,-0.228144,2.383887,0.600036
88.052,-1.535342,-1.352629,-1.144128,-1.346471,-0.2205,2.404661,0.570904
88.131,-1.426408,-1.358043,-1.162399,-1.274962,-0.213955,2.419884,0.546189
88.21,-1.316367,-1.362403,-1.179768,-1.202464,-0.207243,2.433229,0.52105
88.289,-1.205305,-1.365707,-1.196223,-1.129033,-0.200371,2.444688,0.495508
88.368,-1.093308,-1.367952,-1.21175,-1.054727,-0.193344,2.454251,0.469581
88.447,-0.980464,-1.369136,-1.226337,-0.979603,-0.186167,2.46191,0.44329
88.527,-0.865417,-1.369253,-1.240139,-0.902754,-0.178751,2.467721,0.416316
88.606,-0.751132,-1.3683,-1.252801,-0.826161,-0.171289,2.471533,0.389354
88.685,-0.636264,-1.366286,-1.264492,-0.748927,-0.163694,2.473429,0.362091
88.764,-0.520903,-1.363212,-1.275202,-0.671112,-0.155972,2.473406,0.334546
88.843,-0.405138,-1.359081,-1.284923,-0.592777,-0.148129,2.471466,0.306742
88.922,-0.289059,-1.353896,-1.293647,-0.513982,-0.140172,2.467608,0.2787
89.001,-0.172756,-1.347661,-1.301369,-0.434789,-0.132105,2.461837,0.250442
89.08,-0.056319,-1.340381,-1.308081,-0.355258,-0.123936,2.454157,0.22199
89.16,0.061636,-1.331949,-1.313844,-0.27444,-0.115566,2.44444,0.193002
89.239,0.178069,-1.322584,-1.31851,-0.194418,-0.10721,2.432936,0.164226
89.318,0.294364,-1.312192,-1.322153,-0.114245,-0.098771,2.419546,0.135323
89.397,0.410431,-1.300783,-1.324771,-0.033984,-0.090256,2.404279,0.106314
89.476,0.52618,-1.288366,-1.326362,0.046304,-0.08167,2.387148,0.077223
89.555,0.64152,-1.274949,-1.326923,0.126556,-0.073021,2.368166,0.048072
89.634,0.756363,-1.260543,-1.326456,0.206709,-0.064316,2.347347,0.018884
89.713,0.870619,-1.24516,-1.32496,0.286703,-0.05556,2.324708,-0.010318
89.793,0.985633,-1.228598,-1.322399,0.367482,-0.04665,2.299944,-0.039882
89.872,1.098441,-1.211284,-1.318837,0.446965,-0.037815,2.273696,-0.069046
89.951,1.210396,-1.193031,-1.314252,0.526101,-0.028951,2.245684,-0.098156
90.03,1.321413,-1.173852,-1.308648,0.604829,-0.020064,2.215931,-0.12719
90.109,1.431406,-1.153763,-1.302029,0.683089,-0.011161,2.184459,-0.156125
90.188,1.540288,-1.13278,-1.294401,0.760818,-0.00225,2.151293,-0.184939
90.267,1.647976,-1.110918,-1.285768,0.837957,0.006663,2.116458,-0.21361
90.346,1.754385,-1.088194,-1.276139,0.914447,0.015571,2.079982,-0.242115
90.426,1.860755,-1.064323,-1.265379,0.991182,0.024579,2.041401,-0.270789
90.505,1.964343,-1.039919,-1.253766,1.066184,0.033455,2.001709,-0.298894
90.584,2.066408,-1.014709,-1.241181,1.14036,0.042306,1.960464,-0.326767
90.663,2.16687,-0.988712,-1.227633,1.213651,0.051123,1.917699,-0.354386
90.742,2.265652,-0.961949,-1.213133,1.286001,0.059901,1.873447,-0.381731
90.821,2.362677,-0.934439,-1.197692,1.357353,0.068633,1.827742,-0.40878
90.9,2.457869,-0.906205,-1.181322,1.427653,0.077311,1.780619,-0.435511
90.979,2.551156,-0.877268,-1.164037,1.496846,0.08593,1.732116,-0.461905
91.059,2.643607,-0.847271,-1.145612,1.565731,0.094589,1.68163,-0.488268
91.138,2.732839,-0.816988,-1.126524,1.632534,0.103067,1.630462,-0.513921
91.217,2.819952,-0.786071,-1.106562,1.698071,0.111464,1.57803,-0.539174
91.296,2.904878,-0.754545,-1.085742,1.76229,0.119775,1.524374,-0.56401
91.391,3.004015,-0.715861,-1.059592,1.837702,0.129646,1.45829,-0.593295
91.47,3.083894,-0.683079,-1.03694,1.898847,0.137744,1.402086,-0.617142
91.549,3.161382,-0.649767,-1.013483,1.95852,0.145735,1.344796,-0.640511
91.628,3.236418,-0.615952,-0.989241,2.016673,0.153614,1.286462,-0.663383
91.707,3.308944,-0.581658,-0.964231,2.073263,0.161373,1.227131,-0.68574
91.786,3.378904,-0.546914,-0.938474,2.128245,0.169007,1.166848,-0.707566
91.865,3.446243,-0.511745,-0.911988,2.181576,0.17651,1.10566,-0.728843
91.945,3.511711,-0.475727,-0.884447,2.233858,0.183968,1.042824,-0.749813
92.024,3.573621,-0.439788,-0.85656,2.283744,0.19119,0.97996,-0.769936
92.103,3.632759,-0.403507,-0.828009,2.331858,0.198263,0.916335,-0.789462
92.182,3.689079,-0.366914,-0.798815,2.378164,0.205182,0.852,-0.808375
92.261,3.742539,-0.330036,-0.769002,2.422625,0.211943,0.787004,-0.826662
92.34,3.793096,-0.292903,-0.738592,2.465208,0.218539,0.721398,-0.844307
92.419,3.840712,-0.255542,-0.70761,2.505879,0.224965,0.655232,-0.861298
92.498,3.885349,-0.217983,-0.676079,2.544606,0.231218,0.588558,-0.877621
92.578,3.92748,-0.179776,-0.643615,2.581813,0.237366,0.520576,-0.893457
92.657,3.96602,-0.141907,-0.611054,2.61654,0.243252,0.453036,-0.908398
92.736,4.001484,-0.103927,-0.578019,2.649237,0.24895,0.385146,-0.922634
92.815,4.033845,-0.065867,-0.544536,2.67988,0.254455,0.316956,-0.936154
92.894,4.063077,-0.027756,-0.51063,2.708445,0.259762,0.248521,-0.948949
92.973,4.089159,0.010377,-0.476329,2.734909,0.264868,0.179893,-0.961008
93.052,4.112069,0.048502,-0.441658,2.759253,0.269769,0.111125,-0.972321
93.131,4.13179,0.086589,-0.406645,2.781456,0.27446,0.042272,-0.98288
93.211,4.148496,0.12509,-0.370867,2.801742,0.278994,-0.027487,-0.992797
93.29,4.161755,0.163011,-0.335247,2.819589,0.283253,-0.096352,-1.001814
93.369,4.171786,0.200807,-0.299367,2.835248,0.287293,-0.165143,-1.010055
93.448,4.178583,0.238447,-0.263254,2.848709,0.29111,-0.233805,-1.017512
93.527,4.182138,0.275902,-0.226938,2.85996,0.294701,-0.302286,-1.02418
93.606,4.182451,0.313142,-0.190446,2.868994,0.298063,-0.370533,-1.030054
93.685,4.179519,0.35014,-0.153805,2.875802,0.301195,-0.438492,-1.035129
93.764,4.173347,0.386867,-0.117046,2.880381,0.304093,-0.506111,-1.039401
93.844,4.163798,0.423752,-0.079729,2.882741,0.306787,-0.574186,-1.042906
93.923,4.151119,0.459846,-0.042816,2.882821,0.309208,-0.640963,-1.045554
94.002,4.135221,0.495583,-0.00587,2.880666,0.311389,-0.707242,-1.04739
94.081,4.116115,0.530936,0.031081,2.876277,0.313329,-0.772972,-1.048414
94.16,4.093818,0.565877,0.068008,2.869657,0.315026,-0.838103,-1.048625
94.239,4.068346,0.60038,0.104882,2.860812,0.316478,-0.902585,-1.048023
94.318,4.039718,0.634416,0.141674,2.849748,0.317686,-0.966366,-1.046608
94.397,4.007958,0.667961,0.178357,2.836475,0.318646,-1.029398,-1.044381
94.477,3.972628,0.701402,0.215363,2.820791,0.319367,-1.092414,-1.041301
94.556,3.93464,0.733878,0.251738,2.803102,0.31983,-1.153789,-1.037447
94.635,3.8936,0.765785,0.287918,2.783239,0.320045,-1.214271,-1.032788
94.714,3.84954,0.797098,0.323875,2.761218,0.320011,-1.27381,-1.027328
94.793,3.802495,0.827793,0.359581,2.737056,0.31973,-1.332361,-1.021071
94.872,3.752502,0.857846,0.395008,2.71077,0.3192,-1.38988,-1.014023
94.951,3.699598,0.887233,0.430128,2.682383,0.318423,-1.44632,-1.006188
95.03,3.643825,0.915933,0.464915,2.651915,0.317399,-1.501639,-0.997573
95.11,3.584466,0.944272,0.499775,2.618966,0.316111,-1.556471,-0.98806
95.189,3.523052,0.971519,0.533809,2.584385,0.314593,-1.609403,-0.977895
95.268,3.458905,0.998014,0.567429,2.547799,0.31283,-1.661087,-0.966972
95.347,3.392077,1.023734,0.600609,2.509238,0.310825,-1.711483,-0.955299
95.426,3.322617,1.04866,0.633324,2.46873,0.308579,-1.760551,-0.942885
95.505,3.250581,1.072774,0.665547,2.426308,0.306093,-1.808254,-0.92974
95.584,3.176024,1.096055,0.697254,2.382005,0.303371,-1.854555,-0.915874
95.663,3.099003,1.118486,0.72842,2.335854,0.300413,-1.899417,-0.901297
95.743,3.018559,1.140317,0.759405,2.287273,0.29718,-1.943347,-0.885824
95.822,2.936765,1.160985,0.78941,2.237514,0.293755,-1.98521,-0.869853
95.901,2.852693,1.180753,0.818803,2.18602,0.290103,-2.025534,-0.853207
95.98,2.766408,1.199605,0.847561,2.13283,0.286226,-2.064287,-0.835899
96.059,2.677979,1.217527,0.875661,2.077987,0.282126,-2.101439,-0.817944
96.154,2.568895,1.237827,0.908552,2.009906,0.276908,-2.143955,-0.795512
96.233,2.475984,1.253652,0.935129,1.951571,0.272331,-2.177482,-0.776179
96.312,2.381153,1.268505,0.96098,1.891722,0.267543,-2.209319,-0.756243
96.391,2.284475,1.282374,0.986087,1.830407,0.262548,-2.239444,-0.735721
96.47,2.186026,1.295248,1.010428,1.767672,0.257349,-2.267831,-0.714628
96.549,2.085881,1.307118,1.033986,1.703566,0.25195,-2.29446,-0.692981
96.629,1.98282,1.318105,1.057025,1.637303,0.246284,-2.319613,-0.670513
96.708,1.8795,1.327927,1.078951,1.57059,0.240497,-2.342641,-0.647802
96.787,1.774723,1.336718,1.10004,1.502659,0.234523,-2.363852,-0.624588
96.866,1.668569,1.344472,1.120277,1.433562,0.228367,-2.38323,-0.60089
96.945,1.561121,1.351184,1.139644,1.363354,0.222034,-2.400759,-0.576727
97.024,1.452462,1.356849,1.158128,1.292089,0.215529,-2.416427,-0.552116
97.103,1.342677,1.36146,1.175713,1.219821,0.208857,-2.430221,-0.527076
97.182,1.231851,1.365016,1.192387,1.146608,0.202023,-2.44213,-0.501628
97.262,1.118648,1.367539,1.208329,1.071561,0.194942,-2.45226,-0.475462
97.356,0.984505,1.369112,1.225832,0.982298,0.186425,-2.46167,-0.444235
97.435,0.870926,1.369272,1.239502,0.90644,0.179109,-2.467488,-0.417612
97.515,0.755221,1.368353,1.252366,0.828906,0.171558,-2.47143,-0.390322
97.594,0.640373,1.366376,1.264091,0.751694,0.163968,-2.473394,-0.363069
97.673,0.525028,1.36334,1.274837,0.673899,0.15625,-2.47344,-0.335534
97.752,0.409276,1.359247,1.284593,0.595581,0.148411,-2.471568,-0.307739
97.831,0.293207,1.354099,1.293353,0.516802,0.140458,-2.467779,-0.279705
97.91,0.17691,1.347902,1.30111,0.437622,0.132395,-2.462076,-0.251454
97.989,0.060476,1.340659,1.307859,0.358102,0.12423,-2.454464,-0.223008
98.068,-0.056005,1.332376,1.313592,0.278305,0.115968,-2.444948,-0.19439
98.148,-0.173916,1.322936,1.318361,0.197277,0.10751,-2.433379,-0.165255
98.227,-0.290217,1.312581,1.322041,0.117109,0.099074,-2.420056,-0.136356
98.306,-0.406293,1.301208,1.324695,0.03685,0.090561,-2.404857,-0.107351
98.385,-0.522055,1.288826,1.326322,-0.043438,0.081978,-2.387792,-0.078263
98.464,-0.637411,1.275445,1.326921,-0.123693,0.073331,-2.368875,-0.049114
98.543,-0.752273,1.261074,1.326491,-0.203851,0.064627,-2.348121,-0.019927
98.622,-0.866552,1.245725,1.325032,-0.283851,0.055874,-2.325547,0.009276
98.701,-0.980159,1.229411,1.322545,-0.363631,0.047077,-2.301169,0.038471
98.781,-1.094429,1.211918,1.318981,-0.444134,0.038131,-2.274663,0.068006
98.86,-1.206416,1.193698,1.314433,-0.523283,0.029267,-2.246714,0.097118
98.939,-1.317468,1.174552,1.308866,-0.602027,0.020381,-2.217022,0.126155
99.018,-1.427498,1.154496,1.302283,-0.680304,0.011479,-2.185611,0.155094
99.097,-1.536422,1.133544,1.29469,-0.758053,0.002568,-2.152505,0.183913
99.176,-1.644153,1.111713,1.286094,-0.835215,-0.006345,-2.11773,0.212589
99.255,-1.75061,1.08902,1.2765,-0.911729,-0.015253,-2.081312,0.2411
99.334,-1.855709,1.065482,1.265916,-0.987535,-0.024149,-2.04328,0.269425
99.414,-1.960672,1.040804,1.254197,-1.063521,-0.033139,-2.003152,0.297895
99.493,-2.062792,1.015623,1.241646,-1.137727,-0.04199,-1.961963,0.325776
99.572,-2.163313,0.989654,1.228133,-1.211051,-0.050809,-1.919251,0.353405
99.651,-2.262156,0.962917,1.213667,-1.283435,-0.059589,-1.875052,0.38076
99.73,-2.359245,0.935434,1.198259,-1.354824,-0.068322,-1.829398,0.40782
99.809,-2.454504,0.907225,1.181923,-1.425163,-0.077002,-1.782325,0.434563
99.888,-2.54786,0.878312,1.164669,-1.494396,-0.085623,-1.733871,0.460969
99.967,-2.63924,0.848719,1.146513,-1.56247,-0.094177,-1.684071,0.487018
100.047,-2.72969,0.81808,1.127221,-1.630171,-0.102765,-1.632311,0.513012
100.126,-2.81688,0.787185,1.10729,-1.695754,-0.111166,-1.579923,0.53828
100.205,-2.901885,0.755681,1.0865,-1.760021,-0.11948,-1.52631,0.563131
100.284,-2.984639,0.72359,1.064868,-1.822924,-0.127702,-1.471513,0.587545
100.363,-3.065079,0.690938,1.042409,-1.884413,-0.135824,-1.415576,0.611504
100.442,-3.143142,0.65775,1.019143,-1.944441,-0.143842,-1.35854,0.634988
100.521,-3.218768,0.624052,0.995086,-2.00296,-0.151747,-1.300451,0.65798
100.6,-3.291897,0.58987,0.970257,-2.059926,-0.159535,-1.241353,0.680462
100.68,-3.36335,0.554789,0.944348,-2.115985,-0.167296,-1.180526,0.70269
100.759,-3.431285,0.519714,0.918025,-2.169693,-0.174829,-1.119539,0.724092
100.838,-3.49656,0.484235,0.89099,-2.221717,-0.182226,-1.057683,0.744933
100.917,-3.559122,0.448381,0.863265,-2.272019,-0.189482,-0.995006,0.765196
100.996,-3.618924,0.41218,0.834869,-2.320559,-0.196592,-0.931558,0.784865
101.075,-3.67592,0.375659,0.805827,-2.367298,-0.203548,-0.867388,0.803926
101.154,-3.730065,0.338846,0.776159,-2.412203,-0.210347,-0.802545,0.822363
101.249,-3.791342,0.294232,0.739688,-2.463721,-0.218306,-0.72375,0.843689
101.328,-3.839063,0.256879,0.708726,-2.50446,-0.224739,-0.657603,0.860703
101.423,-3.892504,0.211699,0.670767,-2.550876,-0.232243,-0.577389,0.880278
101.518,-3.941579,0.166282,0.632056,-2.594432,-0.239487,-0.496527,0.898867
101.612,-3.985787,0.121159,0.593054,-2.634665,-0.24639,-0.415968,0.916267
101.707,-4.026019,0.075421,0.552977,-2.672387,-0.253092,-0.334089,0.93283
101.786,-4.056039,0.03732,0.519175,-2.701475,-0.25845,-0.26571,0.945808
101.881,-4.087971,-0.008533,0.477996,-2.733678,-0.264626,-0.183215,0.960442
101.96,-4.111035,-0.046659,0.443343,-2.758125,-0.269537,-0.114453,0.971791
102.039,-4.13091,-0.084749,0.408345,-2.780432,-0.274238,-0.045602,0.982387
102.118,-4.147583,-0.122773,0.373031,-2.800583,-0.278727,0.023284,0.992222
102.198,-4.161188,-0.161181,0.336975,-2.818776,-0.283052,0.093024,1.001396
102.277,-4.171376,-0.198983,0.301107,-2.834541,-0.287103,0.161819,1.009674
102.356,-4.178329,-0.236631,0.265005,-2.848109,-0.29093,0.230489,1.01717
102.435,-4.182041,-0.274095,0.228698,-2.859467,-0.294532,0.29898,1.023876
102.514,-4.18251,-0.311347,0.192214,-2.868608,-0.297906,0.367239,1.029788
102.593,-4.179736,-0.348358,0.15558,-2.875524,-0.301049,0.435214,1.034902
102.672,-4.17372,-0.385098,0.118826,-2.880211,-0.303958,0.502851,1.039213
102.751,-4.164467,-0.421539,0.081979,-2.882663,-0.306631,0.570098,1.042719
102.831,-4.151806,-0.458109,0.044602,-2.882869,-0.309096,0.637745,1.045444
102.91,-4.136063,-0.493864,0.007656,-2.880822,-0.311289,0.704049,1.04732
102.989,-4.117113,-0.529236,-0.029295,-2.876541,-0.313241,0.769808,1.048383
103.084,-4.090097,-0.571226,-0.073697,-2.868439,-0.315266,0.848089,1.048585
103.163,-4.064137,-0.605659,-0.11056,-2.859251,-0.316681,0.912465,1.047858
103.242,-4.035025,-0.639621,-0.147338,-2.847846,-0.31785,0.976134,1.046317
103.321,-4.002784,-0.673088,-0.184001,-2.834232,-0.318772,1.039046,1.043966
103.4,-3.967438,-0.706032,-0.220522,-2.81842,-0.319448,1.101152,1.040804
103.479,-3.929016,-0.738429,-0.256871,-2.800423,-0.319876,1.162404,1.036836
103.574,-3.87878,-0.776627,-0.300316,-2.775906,-0.320061,1.234864,1.030999
103.653,-3.833689,-0.80773,-0.33619,-2.753146,-0.319942,1.294069,1.025265
103.748,-3.775532,-0.844301,-0.378981,-2.72295,-0.319471,1.363931,1.017316
103.843,-3.713142,-0.879924,-0.421348,-2.689701,-0.318641,1.432264,1.008227
103.922,-3.658084,-0.908799,-0.456221,-2.659753,-0.317679,1.487868,0.999807
104.001,-3.60019,-0.936968,-0.49074,-2.627742,-0.31647,1.542318,0.990612
104.08,-3.539504,-0.964411,-0.524879,-2.593694,-0.315016,1.595573,0.980648
104.253,-3.39709,-1.021866,-0.598181,-2.512145,-0.310981,1.707815,0.956184
104.332,-3.327822,-1.046852,-0.63093,-2.47178,-0.308753,1.756982,0.943825
104.411,-3.255974,-1.071025,-0.66319,-2.429498,-0.306285,1.804787,0.930733
104.49,-3.181601,-1.094368,-0.694936,-2.385332,-0.303579,1.851193,0.916919
104.569,-3.10476,-1.116863,-0.726143,-2.339316,-0.300638,1.896162,0.902395
104.648,-3.025511,-1.138491,-0.756787,-2.291486,-0.297465,1.939662,0.88717
104.728,-2.942869,-1.159493,-0.78722,-2.241239,-0.294015,1.982178,0.871052
104.807,-2.858962,-1.179328,-0.816659,-2.189872,-0.29038,2.022617,0.854456
104.886,-2.772839,-1.198248,-0.845464,-2.136806,-0.286519,2.061487,0.837197
104.965,-2.684565,-1.216239,-0.873614,-2.082082,-0.282436,2.098758,0.819288
105.044,-2.594209,-1.233287,-0.901086,-2.025745,-0.278134,2.134401,0.800744
105.123,-2.501841,-1.249378,-0.92786,-1.967836,-0.273616,2.16839,0.78158
105.202,-2.407533,-1.264501,-0.953914,-1.908401,-0.268886,2.200696,0.761809
105.281,-2.311358,-1.278642,-0.979228,-1.847486,-0.263948,2.231296,0.741447
105.361,-2.212139,-1.291953,-1.004088,-1.78434,-0.258738,2.26052,0.720241
105.44,-2.112433,-1.304088,-1.027855,-1.720591,-0.253392,2.287614,0.698739
105.597,-1.909498,-1.325195,-1.072703,-1.589988,-0.242188,2.336175,0.654414
105.676,-1.805133,-1.334285,-1.094035,-1.522403,-0.236267,2.357912,0.631344
105.755,-1.699368,-1.342339,-1.11452,-1.453638,-0.230164,2.377821,0.607784
105.912,-1.485347,-1.355251,-1.152648,-1.313684,-0.217508,2.4119,0.559582
105.992,-1.3745,-1.360236,-1.170726,-1.240796,-0.210801,2.42643,0.534352
106.071,-1.263965,-1.364098,-1.187665,-1.16785,-0.204013,2.438884,0.50902
106.15,-1.152451,-1.366901,-1.203682,-1.093998,-0.197067,2.449447,0.483293
106.229,-1.040042,-1.368645,-1.218766,-1.019298,-0.189968,2.458111,0.457192
106.308,-0.926827,-1.369327,-1.232905,-0.943807,-0.182722,2.464868,0.430736
106.387,-0.812894,-1.368947,-1.246087,-0.867584,-0.175334,2.469714,0.403946
106.466,-0.69833,-1.367505,-1.258303,-0.790689,-0.16781,2.472644,0.376842
106.561,-0.559853,-1.364367,-1.271701,-0.697413,-0.15859,2.473628,0.343864
106.64,-0.444215,-1.360592,-1.281756,-0.619247,-0.150787,2.472334,0.316145
106.735,-0.304707,-1.354656,-1.292531,-0.524619,-0.14125,2.468239,0.28249
106.814,-0.188429,-1.348562,-1.300388,-0.445475,-0.133198,2.462726,0.25426
106.893,-0.072005,-1.341422,-1.307236,-0.365986,-0.125042,2.455302,0.225832
107.05,0.159448,-1.324151,-1.317832,-0.207233,-0.108553,2.434904,0.168839
107.13,0.277243,-1.313787,-1.321681,-0.126065,-0.10002,2.421637,0.139588
107.209,0.393349,-1.302528,-1.32445,-0.045812,-0.091515,2.406646,0.110594
107.288,0.509149,-1.290258,-1.326192,0.034475,-0.082939,2.389789,0.081514
107.367,0.624556,-1.276988,-1.326905,0.114737,-0.074299,2.371078,0.05237
107.446,0.739477,-1.262727,-1.32659,0.194909,-0.065602,2.350529,0.023186
107.525,0.853826,-1.247487,-1.325245,0.27493,-0.056853,2.328157,-0.006016
107.682,1.079023,-1.21434,-1.319525,0.433265,-0.039343,2.278354,-0.064014
107.762,1.192545,-1.196013,-1.315054,0.513466,-0.030371,2.250283,-0.093503
107.841,1.303718,-1.176982,-1.309613,0.592263,-0.021487,2.220807,-0.122551
107.92,1.41388,-1.157038,-1.303156,0.670602,-0.012586,2.189608,-0.151503
107.999,1.522946,-1.136196,-1.295689,0.74842,-0.003676,2.156712,-0.180338
108.078,1.63083,-1.114474,-1.287217,0.825658,0.005237,2.122142,-0.209033
108.157,1.73745,-1.091887,-1.277746,0.902255,0.014146,2.085927,-0.237566
108.236,1.842722,-1.068453,-1.267285,0.978153,0.023044,2.048095,-0.265915
108.315,1.946565,-1.044191,-1.255841,1.053292,0.031924,2.008673,-0.294058
108.395,2.050184,-1.018796,-1.243259,1.12855,0.040892,1.967166,-0.322324
108.474,2.150908,-0.992924,-1.229864,1.201987,0.049715,1.924642,-0.349985
108.553,2.249964,-0.966281,-1.215516,1.274491,0.0585,1.880626,-0.377376
108.632,2.347275,-0.93889,-1.200225,1.346007,0.067239,1.835151,-0.404473
108.711,2.442766,-0.91077,-1.184003,1.416479,0.075927,1.788252,-0.431257
108.79,2.536362,-0.881944,-1.166863,1.485852,0.084555,1.739967,-0.457706
108.869,2.627991,-0.852433,-1.148818,1.554074,0.093118,1.690333,-0.483801
109.027,2.805066,-0.791453,-1.11007,1.686848,0.11002,1.587171,-0.534844
109.106,2.890374,-0.760031,-1.089397,1.751299,0.118347,1.533724,-0.559753
109.185,2.973441,-0.728018,-1.067879,1.814392,0.126581,1.479087,-0.584228
109.264,3.054202,-0.695442,-1.045533,1.876077,0.134718,1.423303,-0.60825
109.343,3.132594,-0.662326,-1.022377,1.936307,0.14275,1.366415,-0.631801
109.422,3.208557,-0.628696,-0.998427,1.995036,0.150672,1.308467,-0.654861
109.501,3.282031,-0.594579,-0.973703,2.052218,0.158476,1.249505,-0.677413
109.58,3.35296,-0.56,-0.948224,2.107808,0.166158,1.189574,-0.699441
109.66,3.422137,-0.524542,-0.921673,2.162436,0.173805,1.127944,-0.721194
109.739,3.487779,-0.489117,-0.894734,2.214693,0.181221,1.066204,-0.742112
109.818,3.550716,-0.453313,-0.867102,2.265233,0.188497,1.003637,-0.762455
109.897,3.610899,-0.417157,-0.838797,2.314016,0.195627,0.940292,-0.782207
109.976,3.668282,-0.380678,-0.809842,2.361005,0.202605,0.876218,-0.801352
110.055,3.72282,-0.343904,-0.780258,2.406162,0.209425,0.811464,-0.819875
110.134,3.774471,-0.306863,-0.75007,2.449454,0.216084,0.746081,-0.837763
110.213,3.823195,-0.269584,-0.7193,2.490846,0.222575,0.680119,-0.855001
110.293,3.869513,-0.23162,-0.687572,2.530793,0.228972,0.612785,-0.871782
110.372,3.912234,-0.19395,-0.655704,2.568266,0.23511,0.545814,-0.887672
110.529,3.988097,-0.118668,-0.590886,2.636798,0.246763,0.411515,-0.917197
110.608,4.021664,-0.080636,-0.557573,2.668241,0.252343,0.343435,-0.930996
110.687,4.052113,-0.042541,-0.523829,2.697615,0.257728,0.275089,-0.944074
110.766,4.079419,-0.004413,-0.489678,2.724896,0.262912,0.206529,-0.956419
110.845,4.103561,0.033718,-0.455147,2.750064,0.267893,0.137809,-0.968022
110.925,4.124766,0.072306,-0.41982,2.773378,0.272725,0.068111,-0.979008
111.004,4.142487,0.110354,-0.384606,2.794235,0.277283,-0.00077,-0.989092
111.083,4.156995,0.148317,-0.349094,2.812926,0.281627,-0.069649,-0.998409
111.162,4.168279,0.186165,-0.313312,2.829435,0.285752,-0.138475,-1.006951
111.241,4.176331,0.223869,-0.277286,2.84375,0.289656,-0.207194,-1.014713
111.32,4.181144,0.261399,-0.241045,2.855859,0.293335,-0.275751,-1.021688
111.399,4.182715,0.298726,-0.204618,2.865754,0.296787,-0.344095,-1.027871
111.478,4.181041,0.335822,-0.168032,2.873426,0.300008,-0.412172,-1.033256
111.573,4.174735,0.380083,-0.123866,2.879701,0.303573,-0.493609,-1.03867
111.668,4.163747,0.423918,-0.07956,2.882746,0.306799,-0.574492,-1.04292
111.747,4.151054,0.46001,-0.042647,2.882816,0.309219,-0.641266,-1.045564
111.826,4.135141,0.495746,-0.005701,2.880651,0.311399,-0.707543,-1.047396
111.905,4.116021,0.531097,0.03125,2.876252,0.313337,-0.773271,-1.048417
111.984,4.093709,0.566036,0.068176,2.869622,0.315033,-0.838399,-1.048624
112.064,4.067879,0.60097,0.105516,2.86064,0.316501,-0.903689,-1.048005
112.143,4.039198,0.634998,0.142307,2.849538,0.317704,-0.967458,-1.046576
112.222,4.007384,0.668534,0.178987,2.836227,0.318661,-1.030476,-1.044336
112.301,3.972462,0.701552,0.215529,2.820715,0.31937,-1.092696,-1.041285
112.38,3.934459,0.734025,0.251904,2.803016,0.319832,-1.154068,-1.037427
112.459,3.893405,0.76593,0.288083,2.783144,0.320045,-1.214545,-1.032764
112.538,3.849332,0.79724,0.324039,2.761113,0.320011,-1.27408,-1.027301
112.617,3.802274,0.827932,0.359743,2.73694,0.319728,-1.332626,-1.021041
112.697,3.751615,0.858358,0.395615,2.710299,0.319189,-1.390861,-1.013894
112.776,3.698661,0.887734,0.43073,2.681876,0.318407,-1.447282,-1.006046
112.855,3.642839,0.916421,0.465511,2.651372,0.317379,-1.502581,-0.997417
112.934,3.584192,0.944398,0.499931,2.618813,0.316105,-1.556715,-0.988015
113.013,3.522765,0.971642,0.533964,2.584222,0.314585,-1.609642,-0.977847
113.092,3.458606,0.998133,0.567582,2.547627,0.312821,-1.66132,-0.96692
113.171,3.391765,1.02385,0.60076,2.509057,0.310815,-1.71171,-0.955244
113.25,3.322294,1.048772,0.633472,2.468541,0.308568,-1.760772,-0.942827
113.33,3.249318,1.073182,0.666097,2.425561,0.306049,-1.809064,-0.929507
113.409,3.174718,1.096448,0.697795,2.381225,0.303322,-1.85534,-0.915628
113.488,3.097656,1.118865,0.728952,2.335043,0.30036,-1.900177,-0.90104
113.567,3.018191,1.140413,0.759543,2.28705,0.297165,-1.943541,-0.885752
113.646,2.936386,1.161078,0.789546,2.237283,0.293739,-1.985398,-0.869778
113.725,2.852304,1.180841,0.818936,2.185781,0.290086,-2.025715,-0.853129
113.804,2.76601,1.199689,0.847691,2.132584,0.286207,-2.06446,-0.835819
113.883,2.67757,1.217607,0.875788,2.077733,0.282107,-2.101605,-0.81786
113.963,2.585895,1.234789,0.903549,2.020546,0.277732,-2.137559,-0.799028
114.042,2.493348,1.250793,0.930258,1.962496,0.273195,-2.171396,-0.779807
114.121,2.398867,1.265827,0.956245,1.902925,0.268446,-2.203548,-0.759982
114.2,2.302526,1.279879,0.981491,1.841878,0.263489,-2.233992,-0.739567
114.279,2.204399,1.292938,1.005976,1.779402,0.258327,-2.262703,-0.718579
114.374,2.084142,1.307314,1.034385,1.702451,0.251855,-2.294903,-0.692604
114.453,1.982352,1.318153,1.057127,1.637001,0.246258,-2.319722,-0.67041
114.532,1.879025,1.327969,1.079049,1.570283,0.24047,-2.342742,-0.647697
114.611,1.774241,1.336756,1.100135,1.502346,0.234495,-2.363944,-0.624481
114.69,1.668081,1.344505,1.120367,1.433244,0.228339,-2.383314,-0.600781
114.769,1.560627,1.351213,1.13973,1.363031,0.222005,-2.400835,-0.576615
114.849,1.45058,1.356937,1.158438,1.290852,0.215416,-2.41668,-0.551688
114.928,1.340777,1.361531,1.176008,1.218568,0.208741,-2.430442,-0.526641
115.007,1.229933,1.365068,1.192666,1.145339,0.201904,-2.442319,-0.501186
115.086,1.118136,1.367547,1.208399,1.071221,0.19491,-2.452301,-0.475343
115.165,1.005471,1.368966,1.223194,0.996273,0.187765,-2.460382,-0.449131
115.244,0.892027,1.369323,1.237042,0.920552,0.180475,-2.466554,-0.42257
115.323,0.777891,1.368618,1.249929,0.844117,0.173045,-2.470814,-0.395682
115.402,0.663151,1.366852,1.261848,0.767027,0.16548,-2.473158,-0.368487
115.482,0.546436,1.363983,1.27292,0.688356,0.15769,-2.473577,-0.340656
115.561,0.430753,1.360085,1.28286,0.610131,0.149873,-2.47206,-0.312908
115.64,0.314735,1.355133,1.291805,0.531432,0.14194,-2.468626,-0.284917
115.719,0.198474,1.349129,1.299749,0.452322,0.133897,-2.463277,-0.256705
115.798,0.082058,1.34208,1.306685,0.37286,0.12575,-2.456018,-0.228293
115.877,-0.034421,1.333989,1.312607,0.29311,0.117506,-2.446854,-0.199705
115.956,-0.150873,1.324864,1.317511,0.213132,0.10917,-2.435793,-0.170962
116.035,-0.267208,1.314712,1.321393,0.132989,0.10075,-2.422843,-0.142086
116.115,-0.384805,1.303392,1.324281,0.051726,0.092144,-2.407814,-0.112733
116.194,-0.500631,1.291196,1.326099,-0.028561,0.083573,-2.391094,-0.083658
116.273,-0.616069,1.277999,1.326888,-0.108826,0.074938,-2.37252,-0.054519
116.352,-0.73103,1.263811,1.326648,-0.189007,0.066244,-2.352105,-0.025337
116.431,-0.845423,1.248643,1.32538,-0.269041,0.057499,-2.329867,0.003864
116.51,-0.959161,1.232506,1.323083,-0.348867,0.04871,-2.305821,0.033063
116.589,-1.072155,1.215414,1.319761,-0.428422,0.039882,-2.279988,0.062236
116.668,-1.184318,1.197379,1.315415,-0.507645,0.031024,-2.252386,0.09136
116.748,-1.296964,1.178169,1.309974,-0.587469,0.022029,-2.222655,0.120781
116.827,-1.40719,1.15828,1.303579,-0.665837,0.01313,-2.191561,0.14974
116.906,-1.516325,1.137493,1.296173,-0.743688,0.00422,-2.158767,0.178583
116.985,-1.624284,1.115824,1.287762,-0.820963,-0.004693,-2.124299,0.207287
117.064,-1.730983,1.093289,1.278352,-0.897602,-0.013603,-2.088183,0.235831
117.143,-1.83634,1.069907,1.267951,-0.973544,-0.022502,-2.050448,0.264191
117.222,-1.940272,1.045694,1.256567,-1.048731,-0.031383,-2.011123,0.292347
117.301,-2.0427,1.020671,1.244208,-1.123105,-0.04024,-1.970239,0.320276
117.381,-2.14481,0.994524,1.230709,-1.197532,-0.049178,-1.92728,0.348305
117.46,-2.24397,0.967929,1.216419,-1.270095,-0.057965,-1.883353,0.375713
117.539,-2.34139,0.940582,1.201185,-1.341673,-0.066708,-1.837966,0.402829
117.618,-2.436993,0.912506,1.185019,-1.41221,-0.075398,-1.791154,0.429632
117.697,-2.530707,0.883722,1.167935,-1.481652,-0.08403,-1.742952,0.456102
117.776,-2.622459,0.854253,1.149945,-1.549946,-0.092597,-1.693399,0.482219
117.855,-2.712176,0.824121,1.131063,-1.617037,-0.101093,-1.642533,0.507962
117.934,-2.79979,0.793351,1.111304,-1.682874,-0.109509,-1.590392,0.53331
118.014,-2.886301,0.761564,1.090416,-1.748214,-0.117946,-1.536335,0.558558
118.093,-2.969477,0.729579,1.068939,-1.811373,-0.126186,-1.481755,0.583055
118.172,-3.050351,0.697029,1.046633,-1.873128,-0.134327,-1.426025,0.607099
118.251,-3.128859,0.663939,1.023515,-1.933429,-0.142364,-1.36919,0.630673
118.33,-3.204941,0.630333,0.999603,-1.992232,-0.150291,-1.311293,0.653757
118.425,-3.293134,0.589277,0.969823,-2.060894,-0.159669,-1.240327,0.680844
118.504,-3.363666,0.55463,0.944229,-2.116234,-0.167331,-1.18025,0.702789
118.583,-3.431589,0.519553,0.917903,-2.169934,-0.174863,-1.119258,0.724189
118.662,-3.496851,0.484072,0.890865,-2.221951,-0.18226,-1.057398,0.745027
118.741,-3.559401,0.448217,0.863136,-2.272245,-0.189515,-0.994718,0.765287
118.82,-3.619191,0.412014,0.834738,-2.320776,-0.196624,-0.931267,0.784953
118.9,-3.676877,0.375027,0.805321,-2.368088,-0.203667,-0.866277,0.804249
118.979,-3.730973,0.338209,0.775643,-2.41296,-0.210463,-0.801423,0.822675
119.058,-3.782175,0.30113,0.745363,-2.455961,-0.217096,-0.735947,0.840464
119.137,-3.830444,0.263817,0.714505,-2.497057,-0.22356,-0.6699,0.8576
119.216,-3.875742,0.226299,0.683093,-2.536216,-0.229851,-0.603334,0.874072
119.295,-3.918035,0.188606,0.651152,-2.573409,-0.235964,-0.536301,0.889866
119.374,-3.957289,0.150766,0.618705,-2.608606,-0.241894,-0.468851,0.904969
119.453,-3.993475,0.11281,0.585779,-2.64178,-0.247636,-0.401037,0.919371
119.533,-4.026962,0.074284,0.551973,-2.673286,-0.253255,-0.332049,0.933228
119.612,-4.056888,0.036181,0.518158,-2.702312,-0.258607,-0.263663,0.946184
119.691,-4.083667,-0.001949,0.483942,-2.729243,-0.263757,-0.195073,0.958407
119.77,-4.10728,-0.040078,0.449351,-2.754056,-0.268704,-0.126332,0.969885
119.849,-4.127707,-0.078176,0.414411,-2.776734,-0.273441,-0.057493,0.980612
119.928,-4.144934,-0.116214,0.379149,-2.797259,-0.277967,0.011391,0.990578
120.007,-4.158945,-0.154161,0.343594,-2.815614,-0.282277,0.080266,0.999777
120.086,-4.169732,-0.191989,0.307772,-2.831786,-0.286369,0.149079,1.008199
120.166,-4.17736,-0.230143,0.271254,-2.845924,-0.290286,0.218644,1.015932
120.245,-4.181632,-0.267641,0.23498,-2.857664,-0.293927,0.28717,1.022775
120.324,-4.182661,-0.304932,0.198524,-2.867189,-0.29734,0.355473,1.028825
120.403,-4.180446,-0.341986,0.161914,-2.874489,-0.300523,0.423501,1.034077
120.482,-4.17499,-0.378775,0.125179,-2.879561,-0.303473,0.4912,1.038527
120.561,-4.166296,-0.41527,0.088346,-2.882399,-0.306187,0.558518,1.042171
120.64,-4.15437,-0.451444,0.051445,-2.883003,-0.308664,0.625402,1.045008
120.719,-4.139223,-0.487267,0.014504,-2.88137,-0.310901,0.691802,1.047033
120.799,-4.120613,-0.523158,-0.022916,-2.877439,-0.312921,0.758496,1.048258
120.878,-4.099019,-0.558192,-0.05985,-2.871312,-0.314672,0.823764,1.048648
120.957,-4.074247,-0.592794,-0.096738,-2.862958,-0.316179,0.888393,1.048226
121.036,-4.046315,-0.626936,-0.133551,-2.852384,-0.31744,0.952333,1.04699
121.115,-4.015245,-0.660591,-0.170261,-2.839598,-0.318455,1.015535,1.044943
121.194,-3.981062,-0.693735,-0.206838,-2.824609,-0.319223,1.077949,1.042085
121.273,-3.94379,-0.72634,-0.243255,-2.80743,-0.319744,1.139527,1.038419
121.352,-3.903461,-0.758382,-0.279484,-2.788074,-0.320017,1.200221,1.033948
121.432,-3.859536,-0.79023,-0.315949,-2.76627,-0.32004,1.260735,1.028603
121.511,-3.813147,-0.821064,-0.351713,-2.742579,-0.319813,1.319509,1.022522
121.59,-3.763802,-0.851261,-0.387204,-2.716761,-0.319338,1.377259,1.015648
121.669,-3.711538,-0.880797,-0.422395,-2.688836,-0.318616,1.433942,1.007987
121.748,-3.656395,-0.909651,-0.457258,-2.658826,-0.317646,1.489512,0.999543
121.827,-3.598417,-0.937799,-0.491766,-2.626754,-0.316431,1.543927,0.990325
121.906,-3.537648,-0.965219,-0.525893,-2.592645,-0.314969,1.597145,0.980339
121.985,-3.474136,-0.991892,-0.559612,-2.556525,-0.313264,1.649124,0.969592
122.065,-3.407074,-1.018117,-0.593316,-2.517928,-0.311289,1.700458,0.957943
122.144,-3.338191,-1.043221,-0.626135,-2.477848,-0.309096,1.749823,0.945692
122.223,-3.26672,-1.067515,-0.658469,-2.435847,-0.306663,1.797831,0.932707
122.302,-3.192715,-1.090982,-0.690292,-2.391956,-0.303993,1.844445,0.919
122.381,-3.116234,-1.113603,-0.72158,-2.34621,-0.301086,1.889628,0.904579
122.476,-3.021068,-1.139659,-0.758461,-2.288793,-0.297283,1.942019,0.88631
122.555,-2.939346,-1.160355,-0.788485,-2.239089,-0.293865,1.98393,0.87036
122.634,-2.855343,-1.180152,-0.817897,-2.187648,-0.29022,2.024302,0.853735
122.713,-2.769127,-1.199033,-0.846675,-2.134511,-0.28635,2.063105,0.836448
122.792,-2.680763,-1.216984,-0.874797,-2.079718,-0.282257,2.100307,0.818512
122.871,-2.59032,-1.233991,-0.90224,-2.023313,-0.277946,2.135881,0.799942
122.951,-2.496685,-1.250238,-0.929317,-1.964595,-0.273361,2.170217,0.780504
123.03,-2.402272,-1.265307,-0.955331,-1.905077,-0.268619,2.20243,0.7607
123.109,-2.305996,-1.279394,-0.980603,-1.844082,-0.263669,2.232935,0.740306
123.188,-2.207932,-1.292489,-1.005115,-1.781656,-0.258515,2.261708,0.719338
123.267,-2.108155,-1.304582,-1.028848,-1.717849,-0.25316,2.288728,0.697812
123.346,-2.006743,-1.315663,-1.051783,-1.65271,-0.247609,2.313972,0.675745
123.425,-1.903775,-1.325724,-1.073902,-1.586289,-0.241866,2.337422,0.653154
123.504,-1.799331,-1.334756,-1.095188,-1.518638,-0.235935,2.359059,0.630056
123.584,-1.692143,-1.342848,-1.115879,-1.44893,-0.229743,2.379106,0.606168
123.663,-1.584974,-1.349791,-1.135439,-1.378963,-0.223449,2.397045,0.582106
123.742,-1.476575,-1.355687,-1.154119,-1.307927,-0.216981,2.413125,0.557592
123.821,-1.367032,-1.360532,-1.171905,-1.235876,-0.210346,2.427334,0.532646
123.9,-1.256428,-1.364322,-1.188781,-1.162866,-0.203547,2.439661,0.507286
123.979,-1.14485,-1.367053,-1.204735,-1.088955,-0.19659,2.450095,0.481534
124.058,-1.032385,-1.368724,-1.219755,-1.0142,-0.189481,2.45863,0.455407
124.137,-0.919118,-1.369334,-1.233829,-0.938657,-0.182225,2.465257,0.428928
124.217,-0.803692,-1.36887,-1.247107,-0.861417,-0.174733,2.470021,0.401775
124.296,-0.689081,-1.367343,-1.259245,-0.78447,-0.167198,2.472797,0.374647
124.375,-0.573935,-1.364755,-1.270406,-0.706915,-0.159534,2.473655,0.347229
124.454,-0.458345,-1.361109,-1.280582,-0.628811,-0.151746,2.472595,0.319541
124.533,-0.342399,-1.356408,-1.289765,-0.55022,-0.14384,2.469617,0.291606
124.612,-0.226187,-1.350654,-1.297948,-0.471202,-0.135823,2.464725,0.263444
124.691,-0.1098,-1.343854,-1.305124,-0.391818,-0.1277,2.45792,0.235079
124.77,0.006672,-1.336011,-1.311288,-0.312131,-0.119478,2.44921,0.20653
124.85,0.124612,-1.327013,-1.316494,-0.231189,-0.111058,2.438454,0.177458
124.929,0.240982,-1.317091,-1.320607,-0.151078,-0.102657,2.425929,0.14861
125.008,0.357165,-1.306148,-1.323696,-0.070849,-0.094175,2.411523,0.119647
125.087,0.47307,-1.294193,-1.325759,0.009434,-0.085621,2.395246,0.090591
125.166,0.588609,-1.281233,-1.326793,0.08971,-0.077001,2.377112,0.061465
125.245,0.703692,-1.26728,-1.326799,0.169917,-0.06832,2.357135,0.032291
125.324,0.818228,-1.252345,-1.325775,0.249992,-0.059587,2.335329,0.003093
125.403,0.93213,-1.236438,-1.323723,0.329873,-0.050807,2.311712,-0.026109
125.483,1.046737,-1.219352,-1.3206,0.410504,-0.041877,2.28597,-0.055659
125.562,1.159095,-1.201529,-1.316484,0.489807,-0.033025,2.258765,-0.084796
125.641,1.270554,-1.182773,-1.311348,0.56873,-0.024147,2.229809,-0.113868
125.72,1.381027,-1.163101,-1.305194,0.647212,-0.015251,2.199123,-0.142851
125.799,1.49043,-1.142526,-1.298029,0.725192,-0.006343,2.166732,-0.171723
125.878,1.598677,-1.121065,-1.289857,0.80261,0.00257,2.13266,-0.200463
125.957,1.705683,-1.098735,-1.280684,0.879406,0.011481,2.096935,-0.229047
126.036,1.811367,-1.075553,-1.270519,0.955519,0.020383,2.059583,-0.257453
126.116,1.916957,-1.051227,-1.25922,1.03184,0.029382,2.020131,-0.286015
126.195,2.019732,-1.026385,-1.24708,1.106403,0.038245,1.979595,-0.313997
126.274,2.12094,-1.000747,-1.233973,1.180107,0.047079,1.937525,-0.341736
126.353,2.220503,-0.974333,-1.219909,1.252896,0.055876,1.893951,-0.369209
126.432,2.318344,-0.947163,-1.204899,1.324714,0.064629,1.848909,-0.396397
126.527,2.433613,-0.91352,-1.185612,1.409711,0.075089,1.792849,-0.428681
126.606,2.527396,-0.884761,-1.16856,1.479193,0.083723,1.744696,-0.455164
126.685,2.619218,-0.855316,-1.150602,1.547528,0.092293,1.695191,-0.481293
126.764,2.70901,-0.825208,-1.131752,1.614663,0.100791,1.64437,-0.50705
126.843,2.7967,-0.79446,-1.112024,1.680546,0.10921,1.592275,-0.532413
126.922,2.882222,-0.763095,-1.091434,1.745125,0.117546,1.538945,-0.557363
127.002,2.966548,-0.730731,-1.06972,1.809143,0.125893,1.483723,-0.582188
127.081,3.047505,-0.698201,-1.047443,1.870948,0.134038,1.428034,-0.606249
127.16,3.126098,-0.665129,-1.024354,1.931303,0.142079,1.371237,-0.62984
127.239,3.202267,-0.631541,-1.00047,1.990159,0.15001,1.313377,-0.652942
127.318,3.275953,-0.597464,-0.97581,2.047473,0.157825,1.254498,-0.675538
127.397,3.347099,-0.562924,-0.950394,2.103198,0.165517,1.194647,-0.69761
127.476,3.415648,-0.527946,-0.92424,2.157293,0.173081,1.133868,-0.719141
127.555,3.481549,-0.49256,-0.89737,2.209714,0.18051,1.072211,-0.740114
127.635,3.545532,-0.456336,-0.86945,2.261053,0.187891,1.008926,-0.760768
127.714,3.605948,-0.420209,-0.841201,2.309985,0.195033,0.945644,-0.78057
127.793,3.663568,-0.383756,-0.8123,2.357126,0.202024,0.881629,-0.799767
127.872,3.718347,-0.347005,-0.782768,2.402439,0.208858,0.816931,-0.818343
127.951,3.770242,-0.309985,-0.75263,2.445888,0.215531,0.751598,-0.836285
128.03,3.819213,-0.272725,-0.721908,2.487441,0.222036,0.685683,-0.853578
128.109,3.865223,-0.235253,-0.690625,2.527065,0.228368,0.619236,-0.870209
128.188,3.908235,-0.197599,-0.658808,2.564729,0.234524,0.552309,-0.886165
128.268,3.948702,-0.159313,-0.626067,2.600843,0.240572,0.484099,-0.901623
128.347,3.985582,-0.12138,-0.593247,2.634475,0.246357,0.416363,-0.916184
128.426,4.019371,-0.083353,-0.559966,2.666065,0.251951,0.348304,-0.930035
128.505,4.050043,-0.045262,-0.526251,2.695587,0.25735,0.279975,-0.943164
128.584,4.077574,-0.007135,-0.492128,2.723019,0.262549,0.211429,-0.955562
128.663,4.101943,0.030997,-0.457624,2.748338,0.267544,0.142719,-0.967219
128.742,4.123131,0.069105,-0.422765,2.771527,0.272332,0.073898,-0.978126
128.821,4.141121,0.107159,-0.387577,2.792566,0.276909,0.00502,-0.988274
128.901,4.156066,0.145611,-0.351638,2.811664,0.281324,-0.064734,-0.997769
128.98,4.167581,0.183468,-0.315874,2.828329,0.285465,-0.133565,-1.006367
129.059,4.175864,0.221183,-0.279865,2.842801,0.289385,-0.202293,-1.014185
129.138,4.180908,0.258726,-0.243639,2.855068,0.29308,-0.270864,-1.021216
129.217,4.18271,0.296069,-0.207224,2.865121,0.296548,-0.339225,-1.027456
129.296,4.181268,0.333182,-0.170648,2.872952,0.299786,-0.407323,-1.032898
129.375,4.176584,0.370037,-0.13394,2.878555,0.302791,-0.475105,-1.037539
129.454,4.16866,0.406605,-0.097128,2.881926,0.305562,-0.542518,-1.041376
129.534,4.157342,0.443314,-0.059773,2.883062,0.308126,-0.610356,-1.044438
129.613,4.14292,0.479218,-0.022839,2.881933,0.310417,-0.67687,-1.046647
129.692,4.125286,0.514751,0.014114,2.87857,0.312468,-0.742859,-1.048045
129.771,4.104453,0.549885,0.051055,2.872974,0.314277,-0.808271,-1.048629
129.85,4.080436,0.584592,0.087957,2.86515,0.315842,-0.873057,-1.0484
129.929,4.053255,0.618845,0.12479,2.855104,0.317162,-0.937166,-1.047358
130.008,4.02293,0.652619,0.161527,2.842844,0.318236,-1.000548,-1.045504
130.087,3.989486,0.685887,0.198138,2.828379,0.319063,-1.063154,-1.042839
130.167,3.952466,0.719034,0.235056,2.811496,0.319648,-1.125712,-1.039317
130.246,3.912823,0.751205,0.27133,2.79263,0.319977,-1.18661,-1.035027
130.325,3.870146,0.782794,0.307393,2.771598,0.320058,-1.246588,-1.029934
130.404,3.824468,0.813775,0.343217,2.748416,0.31989,-1.305599,-1.024043
130.483,3.775824,0.844126,0.378775,2.723103,0.319474,-1.363597,-1.017357
130.578,3.713453,0.879755,0.421144,2.689869,0.318646,-1.431938,-1.008274
130.657,3.658412,0.908633,0.456019,2.659933,0.317685,-1.487548,-0.999858
130.736,3.600535,0.936806,0.490541,2.627934,0.316478,-1.542005,-0.990667
130.815,3.539865,0.964253,0.524682,2.593897,0.315026,-1.595267,-0.980708
130.894,3.476449,0.990953,0.558416,2.557849,0.313329,-1.647291,-0.969988
130.973,3.410338,1.016884,0.591717,2.519817,0.311389,-1.698037,-0.958516
131.053,3.340695,1.042339,0.624972,2.479312,0.309178,-1.748084,-0.946142
131.132,3.269315,1.066662,0.657324,2.437378,0.306754,-1.796141,-0.933183
131.211,3.195399,1.090159,0.689165,2.393555,0.304092,-1.842806,-0.919501
131.29,3.119006,1.11281,0.720473,2.347875,0.301194,-1.888041,-0.905106
131.369,3.040193,1.134598,0.751221,2.300374,0.298063,-1.931812,-0.890009
131.448,2.959023,1.155506,0.781387,2.251089,0.2947,-1.974084,-0.874221
131.527,2.875558,1.175518,0.810947,2.200058,0.291109,-2.014826,-0.857756
131.606,2.789863,1.194619,0.839879,2.147321,0.287292,-2.054005,-0.840625
131.686,2.700879,1.213017,0.868512,2.09222,0.2832,-2.092057,-0.822614
131.765,2.610899,1.230238,0.89611,2.036175,0.278938,-2.128001,-0.804185
131.844,2.518894,1.246505,0.923013,1.97855,0.274459,-2.162294,-0.785133
131.923,2.424935,1.261806,0.9492,1.919391,0.269768,-2.19491,-0.765472
132.002,2.329096,1.276128,0.974651,1.858744,0.264867,-2.225824,-0.745217
132.081,2.231451,1.28946,0.999346,1.796655,0.259761,-2.255012,-0.724384
132.16,2.132075,1.301793,1.023266,1.733172,0.254454,-2.282451,-0.70299
132.239,2.031046,1.313116,1.046393,1.668346,0.248949,-2.30812,-0.68105
132.319,1.927133,1.323544,1.068985,1.601381,0.243178,-2.33229,-0.658295
132.398,1.823015,1.332809,1.090461,1.534002,0.237289,-2.354338,-0.63531
132.477,1.717483,1.34104,1.111091,1.465434,0.231216,-2.374559,-0.611832
132.556,1.610619,1.348232,1.130859,1.39573,0.224964,-2.39294,-0.58788
132.635,1.502506,1.354378,1.14975,1.324943,0.218537,-2.409464,-0.563472
132.714,1.393227,1.359473,1.16775,1.253129,0.211941,-2.42412,-0.538627
132.793,1.282868,1.363515,1.184844,1.180343,0.205181,-2.436896,-0.513364
132.872,1.171515,1.366498,1.201019,1.106641,0.198261,-2.447782,-0.487703
132.952,1.057826,1.36844,1.21645,1.031133,0.191098,-2.456871,-0.461332
133.031,0.944732,1.369289,1.230738,0.955763,0.183874,-2.463929,-0.434931
133.11,0.830906,1.369077,1.244072,0.879652,0.176508,-2.469077,-0.408192
133.189,0.716436,1.367803,1.256441,0.802858,0.169005,-2.472309,-0.381137
133.268,0.601409,1.365468,1.267836,0.725442,0.161371,-2.473625,-0.353786
133.347,0.485917,1.362074,1.278248,0.647464,0.153612,-2.473022,-0.32616
133.426,0.370047,1.357623,1.287668,0.568983,0.145734,-2.470501,-0.298282
133.505,0.253891,1.35212,1.29609,0.490061,0.137742,-2.466064,-0.270172
133.585,0.136064,1.345479,1.303594,0.409753,0.129541,-2.459622,-0.241494
133.664,0.019603,1.33787,1.309986,0.330129,0.121341,-2.451341,-0.212985
133.743,-0.096873,1.329224,1.315363,0.250249,0.113047,-2.441159,-0.184311
133.822,-0.213274,1.319548,1.31972,0.170175,0.104666,-2.429084,-0.155494
133.901,-0.329509,1.308848,1.323053,0.089969,0.096203,-2.415125,-0.126556
133.98,-0.445489,1.297132,1.325361,0.009693,0.087665,-2.399293,-0.09752
134.059,-0.561123,1.284411,1.32664,-0.070591,0.07906,-2.3816,-0.068409
134.138,-0.676323,1.270694,1.326891,-0.15082,0.070393,-2.36206,-0.039244
134.218,-0.792445,1.255799,1.326096,-0.231944,0.061561,-2.340406,-0.00968
134.297,-0.906498,1.24011,1.324276,-0.311874,0.052791,-2.317197,0.019523
134.376,-1.019848,1.223459,1.321429,-0.391563,0.043981,-2.29219,0.04871
134.455,-1.132407,1.20586,1.317557,-0.470947,0.035136,-2.265406,0.07786
134.534,-1.244088,1.187325,1.312664,-0.549966,0.026264,-2.236865,0.106949
134.629,-1.377102,1.163818,1.305432,-0.644419,0.015569,-2.200248,0.141818
134.708,-1.486544,1.143276,1.298302,-0.722418,0.006661,-2.167917,0.170695
134.787,-1.594834,1.121846,1.290166,-0.799857,-0.002252,-2.133905,0.199439
134.866,-1.701886,1.099547,1.281029,-0.876676,-0.011163,-2.098238,0.228029
134.945,-1.807619,1.076395,1.270898,-0.952815,-0.020066,-2.060944,0.256442
135.024,-1.91195,1.052408,1.259782,-1.028215,-0.028953,-2.022052,0.284656
135.104,-2.01609,1.027286,1.24753,-1.103756,-0.037929,-1.981069,0.313002
135.183,-2.117355,1.001676,1.234457,-1.177492,-0.046764,-1.939052,0.34075
135.262,-2.216978,0.975289,1.220427,-1.250315,-0.055562,-1.895532,0.368234
135.341,-2.314882,0.948146,1.205451,-1.322168,-0.064318,-1.850542,0.395431
135.42,-2.410991,0.920268,1.189539,-1.392996,-0.073023,-1.804116,0.422323
135.499,-2.50523,0.891675,1.172705,-1.462743,-0.081672,-1.756291,0.448886
135.578,-2.597526,0.862392,1.154962,-1.531356,-0.090258,-1.707105,0.475102
135.657,-2.687807,0.832439,1.136323,-1.598782,-0.098773,-1.656594,0.500949
135.737,-2.777107,0.80145,1.11655,-1.665797,-0.107318,-1.604135,0.526727
135.816,-2.863124,0.770223,1.096153,-1.730675,-0.115673,-1.55108,0.551772
135.895,-2.94692,0.738398,1.074905,-1.79421,-0.123938,-1.496822,0.576389
135.974,-3.028431,0.706,1.052824,-1.856354,-0.132107,-1.441402,0.600559
136.053,-3.107593,0.673055,1.029927,-1.917059,-0.140173,-1.384866,0.624264
136.132,-3.184345,0.639588,1.006231,-1.976277,-0.148131,-1.327255,0.647484
136.211,-3.258628,0.605625,0.981754,-2.033962,-0.155974,-1.268614,0.670202
136.29,-3.330384,0.571193,0.956516,-2.09007,-0.163696,-1.20899,0.6924
136.37,-3.400415,0.535873,0.930203,-2.145236,-0.171386,-1.147656,0.714332
136.449,-3.466918,0.500576,0.903492,-2.198038,-0.178847,-1.086193,0.735433
136.528,-3.530732,0.464891,0.876081,-2.249136,-0.186168,-1.023888,0.755963
136.607,-3.591808,0.428846,0.847991,-2.298489,-0.193345,-0.960788,0.775907
136.686,-3.650098,0.392468,0.819243,-2.34606,-0.200373,-0.896943,0.795249
136.765,-3.705557,0.355785,0.789859,-2.391812,-0.207245,-0.832403,0.813975
136.844,-3.758143,0.318827,0.759863,-2.435708,-0.213956,-0.767217,0.832069
136.923,-3.807815,0.281622,0.729278,-2.477716,-0.220501,-0.701436,0.849518
137.003,-3.855105,0.243723,0.697729,-2.518297,-0.226955,-0.634268,0.866516
137.082,-3.898796,0.206107,0.66603,-2.556406,-0.233151,-0.567445,0.882626
137.161,-3.939463,0.168332,0.633815,-2.592532,-0.239167,-0.500182,0.898051
137.24,-3.977076,0.130426,0.601108,-2.626648,-0.244996,-0.43253,0.91278
137.319,-4.011604,0.092419,0.567935,-2.658726,-0.250636,-0.364544,0.9268
137.398,-4.04302,0.05434,0.534321,-2.688743,-0.256082,-0.296274,0.940102
137.477,-4.071302,0.016219,0.500293,-2.716675,-0.261329,-0.227775,0.952675
137.556,-4.096426,-0.021914,0.465877,-2.742499,-0.266373,-0.159099,0.96451
137.636,-4.11863,-0.060513,0.430657,-2.766483,-0.27127,-0.089429,0.975731
137.715,-4.137343,-0.098582,0.395542,-2.788009,-0.275895,-0.020559,0.986051
137.794,-4.152847,-0.136575,0.360119,-2.807372,-0.280305,0.048327,0.995607
137.873,-4.165131,-0.174461,0.324417,-2.824558,-0.284499,0.117175,1.00439
137.952,-4.174184,-0.212213,0.288464,-2.839553,-0.288471,0.185933,1.012394
138.031,-4.180001,-0.2498,0.252287,-2.852346,-0.29222,0.254546,1.019613
138.11,-4.182575,-0.287193,0.215914,-2.862928,-0.295742,0.322962,1.026041
138.189,-4.181906,-0.324363,0.179374,-2.871289,-0.299035,0.391127,1.031674
138.269,-4.177923,-0.361748,0.14223,-2.877486,-0.302134,0.459846,1.036563
138.348,-4.17073,-0.398383,0.105439,-2.881361,-0.304957,0.527347,1.040581
138.427,-4.160302,-0.434709,0.068566,-2.883001,-0.307545,0.594439,1.043793
138.506,-4.146648,-0.470698,0.03164,-2.882405,-0.309893,0.66107,1.046195
138.585,-4.129778,-0.506321,-0.005311,-2.879574,-0.312002,0.727189,1.047785
138.68,-4.105251,-0.548638,-0.049737,-2.873212,-0.314217,0.805947,1.048622
138.759,-4.081348,-0.583361,-0.08664,-2.865468,-0.31579,0.870756,1.048422
138.838,-4.054279,-0.617631,-0.123477,-2.855501,-0.317119,0.93489,1.04741
138.917,-4.024067,-0.651422,-0.160217,-2.84332,-0.318202,0.998299,1.045584
138.996,-3.990733,-0.684709,-0.196834,-2.828933,-0.319038,1.060934,1.042948
139.075,-3.954305,-0.717464,-0.233298,-2.812353,-0.319626,1.122746,1.039504
139.155,-3.91429,-0.750067,-0.270038,-2.793341,-0.31997,1.184452,1.035194
139.234,-3.871721,-0.781677,-0.306109,-2.772386,-0.320059,1.244464,1.03013
139.313,-3.82615,-0.81268,-0.341943,-2.74928,-0.3199,1.30351,1.024267
139.392,-3.77761,-0.843054,-0.377511,-2.724043,-0.319493,1.361545,1.01761
139.471,-3.726142,-0.872774,-0.412787,-2.696694,-0.318839,1.418524,1.010163
139.55,-3.671783,-0.901816,-0.447742,-2.667252,-0.317937,1.474404,1.001934
139.629,-3.614578,-0.93016,-0.48235,-2.635743,-0.316788,1.529139,0.992927
139.708,-3.554569,-0.957782,-0.516584,-2.602189,-0.315394,1.582689,0.98315
139.788,-3.490991,-0.984997,-0.550844,-2.566154,-0.313733,1.635666,0.972472
139.867,-3.425483,-1.011103,-0.584245,-2.528567,-0.311848,1.686704,0.961169
139.946,-3.357319,-1.036424,-0.617193,-2.489019,-0.309721,1.736435,0.949121
140.025,-3.286551,-1.060942,-0.649662,-2.447541,-0.307353,1.784818,0.936336
140.104,-3.213235,-1.084638,-0.681628,-2.404164,-0.304748,1.831817,0.922826
140.183,-3.137426,-1.107492,-0.713064,-2.358923,-0.301906,1.877396,0.908599
140.262,-3.059184,-1.129487,-0.743948,-2.311853,-0.29883,1.921519,0.893668
140.341,-2.97857,-1.150606,-0.774255,-2.26299,-0.295522,1.964152,0.878044
140.421,-2.894582,-1.171083,-0.804334,-2.211719,-0.291939,2.005772,0.861529
140.5,-2.809384,-1.190391,-0.833409,-2.159364,-0.288173,2.045306,0.844547
140.579,-2.722008,-1.208775,-0.861837,-2.105334,-0.284183,2.083254,0.82691
140.658,-2.63252,-1.226221,-0.889598,-2.049671,-0.279973,2.119587,0.808632
140.737,-2.540991,-1.242717,-0.916668,-1.992419,-0.275545,2.154276,0.789727
140.816,-2.447492,-1.258249,-0.943028,-1.933621,-0.270904,2.187294,0.77021
140.895,-2.352094,-1.272805,-0.968656,-1.873324,-0.266053,2.218616,0.750095
140.974,-2.254872,-1.286375,-0.993533,-1.811574,-0.260996,2.248217,0.729399
141.054,-2.154638,-1.299099,-1.017939,-1.747611,-0.255668,2.276416,0.707864
141.133,-2.053975,-1.31065,-1.041246,-1.683083,-0.250208,2.302486,0.686046
141.212,-1.951719,-1.321185,-1.063746,-1.61725,-0.244553,2.32677,0.663695
141.291,-1.84795,-1.330695,-1.085421,-1.550163,-0.238709,2.34925,0.640831
141.37,-1.742747,-1.339174,-1.106254,-1.481874,-0.232679,2.369909,0.617469
141.449,-1.636193,-1.346613,-1.126229,-1.412436,-0.22647,2.388729,0.593628
141.528,-1.52837,-1.353009,-1.14533,-1.341902,-0.220084,2.405697,0.569327
141.607,-1.419361,-1.358355,-1.163543,-1.270327,-0.213528,2.420799,0.544584
141.687,-1.307852,-1.362695,-1.181068,-1.196843,-0.20672,2.434179,0.519098
141.766,-1.196715,-1.365918,-1.197451,-1.123343,-0.199836,2.445492,0.493525
141.845,-1.08465,-1.368081,-1.212906,-1.048972,-0.192797,2.454908,0.46757
141.924,-0.971744,-1.369183,-1.22742,-0.973787,-0.185608,2.462421,0.441252
142.003,-0.858084,-1.369224,-1.240983,-0.897847,-0.178275,2.468024,0.414591
142.082,-0.743759,-1.368203,-1.253583,-0.821211,-0.170805,2.471713,0.387609
142.161,-0.628857,-1.36612,-1.26521,-0.743938,-0.163201,2.473485,0.360327
142.24,-0.513467,-1.362978,-1.275857,-0.666088,-0.155471,2.473339,0.332765
142.32,-0.396212,-1.358719,-1.28563,-0.586726,-0.147521,2.471237,0.304591
142.399,-0.280112,-1.353453,-1.294278,-0.507899,-0.139555,2.467232,0.276532
142.478,-0.163795,-1.347138,-1.301921,-0.428677,-0.13148,2.461313,0.248258
142.557,-0.047352,-1.339777,-1.308555,-0.349123,-0.123303,2.453486,0.219792
142.636,0.069129,-1.331378,-1.314175,-0.269298,-0.115031,2.443757,0.191155
142.731,0.209121,-1.319911,-1.319582,-0.173036,-0.104966,2.429547,0.156524
142.81,0.325364,-1.309247,-1.322952,-0.092833,-0.096506,2.415655,0.127591
142.889,0.441355,-1.297568,-1.325296,-0.012558,-0.087971,2.39989,0.098558
142.968,0.557003,-1.284882,-1.326612,0.067726,-0.079368,2.382263,0.069449
143.047,0.672219,-1.271201,-1.326899,0.147958,-0.070703,2.362789,0.040286
143.126,0.786914,-1.256533,-1.326158,0.228075,-0.061984,2.341483,0.011092
143.206,0.902439,-1.240686,-1.324359,0.309025,-0.053105,2.318056,-0.018481
143.285,1.015815,-1.22407,-1.321548,0.388723,-0.044296,2.293113,-0.047669
143.364,1.128404,-1.206504,-1.317713,0.46812,-0.035452,2.266392,-0.07682
143.443,1.240118,-1.188002,-1.312856,0.547153,-0.026581,2.237913,-0.105912
143.522,1.35087,-1.16858,-1.306981,0.625762,-0.017689,2.207699,-0.134922
143.601,1.460574,-1.14825,-1.300092,0.703886,-0.008784,2.175773,-0.163827
143.68,1.569146,-1.127031,-1.292195,0.781464,0.000129,2.142159,-0.192605
143.759,1.676501,-1.104937,-1.283296,0.858435,0.009041,2.106884,-0.221234
143.839,1.783889,-1.081691,-1.27327,0.935703,0.018059,2.069497,-0.25005
143.918,1.888543,-1.05789,-1.262375,1.011275,0.02695,2.030962,-0.278311
143.997,1.991733,-1.03327,-1.250502,1.086062,0.03582,1.990853,-0.306356
144.076,2.093377,-1.007848,-1.237659,1.160007,0.044662,1.949199,-0.334163
144.155,2.193399,-0.981644,-1.223856,1.233053,0.05347,1.906034,-0.361711
144.234,2.291719,-0.95468,-1.209104,1.305142,0.062236,1.861391,-0.388979
144.313,2.388262,-0.926974,-1.193414,1.376219,0.070954,1.815304,-0.415945
144.392,2.482953,-0.89855,-1.176799,1.446229,0.079617,1.767809,-0.442589
144.472,2.57688,-0.869056,-1.159043,1.515981,0.088327,1.718317,-0.46922
144.551,2.667623,-0.839253,-1.140605,1.583679,0.096859,1.668101,-0.495152
144.63,2.756296,-0.808799,-1.121282,1.650149,0.105316,1.616592,-0.5207
144.709,2.842832,-0.777717,-1.101089,1.715339,0.113691,1.56383,-0.545844
144.788,2.927163,-0.746032,-1.080043,1.779199,0.121978,1.509854,-0.570565
144.867,3.009224,-0.713769,-1.058159,1.841679,0.13017,1.454708,-0.594843
144.946,3.088951,-0.680952,-1.035455,1.902731,0.138261,1.398433,-0.61866
145.025,3.166283,-0.647607,-1.011947,1.962307,0.146246,1.341074,-0.641997
145.105,3.242091,-0.613328,-0.987342,2.021086,0.154215,1.281929,-0.665122
145.184,3.314422,-0.578999,-0.962274,2.077554,0.161965,1.222523,-0.68744
145.263,3.384182,-0.544221,-0.93646,2.13241,0.169589,1.162169,-0.709224
145.342,3.451317,-0.509021,-0.90992,2.185612,0.177082,1.100913,-0.730457
145.421,3.515776,-0.473426,-0.882674,2.23712,0.184437,1.038804,-0.751125
145.5,3.577509,-0.437464,-0.854743,2.286892,0.191649,0.975889,-0.77121
145.579,3.636467,-0.401163,-0.82615,2.334891,0.198713,0.912217,-0.790697
145.658,3.692605,-0.36455,-0.796916,2.38108,0.205622,0.847838,-0.809571
145.738,3.746535,-0.327186,-0.766682,2.425971,0.212457,0.781974,-0.828043
145.817,3.796867,-0.290034,-0.736227,2.468407,0.21904,0.716323,-0.845639
145.896,3.844255,-0.252657,-0.705202,2.50893,0.225453,0.650117,-0.862579
145.975,3.888661,-0.215084,-0.67363,2.547506,0.231692,0.583406,-0.87885
146.054,3.930052,-0.177344,-0.641535,2.584107,0.23775,0.516243,-0.894439
146.133,3.968394,-0.139466,-0.608943,2.618705,0.243625,0.448679,-0.909335
146.212,4.00366,-0.101481,-0.575878,2.651271,0.24931,0.380767,-0.923525
146.291,4.03582,-0.063416,-0.542367,2.681781,0.254802,0.312561,-0.936999
146.371,4.065198,-0.02482,-0.508003,2.710557,0.260163,0.243243,-0.949904
146.45,4.091036,0.013313,-0.473673,2.736859,0.265253,0.174603,-0.961905
146.529,4.113701,0.051436,-0.438974,2.761038,0.270137,0.105827,-0.973161
146.608,4.133176,0.089519,-0.403936,2.783076,0.274812,0.036969,-0.983662
146.687,4.149446,0.127532,-0.368584,2.802956,0.279274,-0.031918,-0.9934
146.782,4.164748,0.173111,-0.325696,2.823982,0.284353,-0.114719,-1.00409
146.861,4.173917,0.210868,-0.289751,2.839056,0.288333,-0.183481,-1.012122
146.94,4.179849,0.248461,-0.253582,2.851928,0.29209,-0.2521,-1.019369
147.019,4.182539,0.285862,-0.217216,2.862588,0.295621,-0.320524,-1.025826
147.098,4.181986,0.323041,-0.180681,2.871029,0.298922,-0.388699,-1.031487
147.177,4.178189,0.359969,-0.144006,2.877242,0.301991,-0.456573,-1.036348
147.272,4.169333,0.404004,-0.099758,2.88176,0.305372,-0.537719,-1.041129
147.351,4.158407,0.44028,-0.062875,2.883055,0.307922,-0.604744,-1.044216
147.446,4.140999,0.483448,-0.01846,2.881651,0.310673,-0.684717,-1.046855
147.525,4.122984,0.518935,0.018492,2.878023,0.312695,-0.75064,-1.048156
147.604,4.101773,0.55402,0.05543,2.872163,0.314475,-0.815982,-1.048644
147.683,4.07738,0.588675,0.092325,2.864076,0.316011,-0.88069,-1.048319
147.763,4.049457,0.623303,0.129614,2.853622,0.317317,-0.945521,-1.047162
147.842,4.018722,0.657012,0.166336,2.841072,0.318358,-1.008804,-1.045201
147.921,3.98487,0.690211,0.202929,2.826319,0.319153,-1.071305,-1.04243
148,3.947928,0.722875,0.239364,2.809374,0.3197,-1.132975,-1.03885
148.079,3.907924,0.754979,0.275614,2.790251,0.32,-1.193766,-1.034465
148.158,3.86489,0.786497,0.31165,2.768963,0.320051,-1.253631,-1.029278
148.237,3.818858,0.817405,0.347445,2.745528,0.319854,-1.312525,-1.023292
148.316,3.769865,0.847679,0.38297,2.719964,0.319408,-1.3704,-1.016513
148.396,3.717272,0.877667,0.418642,2.691926,0.318705,-1.427925,-1.008845
148.475,3.662436,0.906594,0.453541,2.662139,0.317762,-1.483616,-1.000485
148.554,3.604759,0.934819,0.488089,2.630286,0.316572,-1.538157,-0.991349
148.633,3.544287,0.962319,0.522258,2.596394,0.315137,-1.591505,-0.981444
148.712,3.481066,0.989072,0.556022,2.560488,0.313458,-1.643619,-0.970779
148.807,3.40147,1.020226,0.596051,2.514683,0.311117,-1.704596,-0.956957
148.886,3.332371,1.045263,0.628831,2.474443,0.308904,-1.75385,-0.944644
148.965,3.260688,1.06949,0.661124,2.432284,0.306451,-1.801744,-0.9316
149.044,3.186476,1.092887,0.692903,2.388238,0.303761,-1.848241,-0.917832
149.123,3.109792,1.115437,0.724146,2.342341,0.300835,-1.893304,-0.903353
149.202,3.030697,1.137122,0.754827,2.294626,0.297676,-1.936899,-0.888174
149.282,2.948206,1.158182,0.785299,2.244495,0.294242,-1.979515,-0.8721
149.361,2.864445,1.178075,0.814778,2.193238,0.290621,-2.020054,-0.855547
149.44,2.778462,1.197055,0.843625,2.140281,0.286775,-2.059026,-0.83833
149.519,2.690325,1.215106,0.871818,2.085663,0.282706,-2.096401,-0.820463
149.598,2.600101,1.232215,0.899334,2.029428,0.278418,-2.132151,-0.80196
149.677,2.507861,1.248369,0.926154,1.97162,0.273914,-2.166247,-0.782835
149.756,2.413676,1.263554,0.952254,1.912282,0.269198,-2.198663,-0.763102
149.835,2.317619,1.27776,0.977617,1.851461,0.264273,-2.229373,-0.742778
149.915,2.218515,1.291135,1.002528,1.788407,0.259077,-2.258711,-0.72161
149.994,2.118918,1.303335,1.026345,1.724746,0.253743,-2.285919,-0.700143
150.073,2.017678,1.314525,1.049366,1.659747,0.248213,-2.311354,-0.678133
150.152,1.914873,1.324695,1.071573,1.593461,0.24249,-2.334997,-0.655597
150.231,1.810583,1.333838,1.092949,1.525939,0.236579,-2.356829,-0.632553
150.31,1.704888,1.341947,1.113478,1.457233,0.230485,-2.376834,-0.609018
150.389,1.597872,1.349015,1.133143,1.387398,0.224212,-2.394995,-0.585011
150.468,1.489616,1.355037,1.15193,1.316487,0.217765,-2.411298,-0.56055
150.548,1.378814,1.360064,1.170043,1.243637,0.211064,-2.425903,-0.535337
150.627,1.268319,1.363966,1.187018,1.170728,0.204282,-2.438431,-0.510021
150.706,1.156842,1.366811,1.203071,1.096911,0.197342,-2.449069,-0.484309
150.785,1.044467,1.368596,1.218192,1.022243,0.190249,-2.457807,-0.458222
150.864,0.931282,1.36932,1.232368,0.946782,0.183009,-2.464639,-0.43178
150.943,0.817375,1.368981,1.245588,0.870587,0.175626,-2.46956,-0.405002
151.022,0.702834,1.367581,1.257843,0.793717,0.168107,-2.472565,-0.377911
151.101,0.587747,1.365121,1.269121,0.716231,0.160458,-2.473653,-0.350526
151.181,0.47074,1.36155,1.27954,0.637199,0.152585,-2.4728,-0.322518
151.26,0.354828,1.356962,1.28883,0.558657,0.144692,-2.470028,-0.294608
151.339,0.238641,1.351321,1.29712,0.479681,0.136686,-2.46534,-0.26647
151.418,0.122268,1.344632,1.304404,0.400334,0.128575,-2.45874,-0.238125
151.497,0.005801,1.3369,1.310677,0.320676,0.120363,-2.450234,-0.209595
151.576,-0.110671,1.328132,1.315933,0.24077,0.112059,-2.439827,-0.180903
151.655,-0.227057,1.318333,1.320169,0.160677,0.103667,-2.427528,-0.152071
151.734,-0.343267,1.307512,1.32338,0.080459,0.095195,-2.413346,-0.12312
151.814,-0.460676,1.295521,1.325587,-0.000837,0.08654,-2.397078,-0.093706
151.893,-0.576258,1.282669,1.326732,-0.081117,0.077927,-2.379142,-0.064587
151.972,-0.691394,1.268822,1.326847,-0.161334,0.069252,-2.359361,-0.035417
152.051,-0.805993,1.253991,1.325934,-0.241426,0.060524,-2.337751,-0.00622
152.13,-0.919967,1.238187,1.323992,-0.32133,0.051749,-2.314327,0.022982
152.209,-1.033228,1.221423,1.321024,-0.400986,0.042934,-2.289109,0.052167
152.288,-1.145688,1.203712,1.317031,-0.48033,0.034086,-2.262115,0.08131
152.367,-1.257259,1.185067,1.312016,-0.559302,0.025211,-2.233367,0.110391
152.447,-1.369248,1.16525,1.305902,-0.638832,0.016204,-2.202491,0.139752
152.526,-1.478769,1.144772,1.298844,-0.716868,0.007297,-2.170281,0.168638
152.605,-1.587144,1.123405,1.29078,-0.794349,-0.001616,-2.136388,0.197392
152.684,-1.694287,1.101167,1.281714,-0.871214,-0.010527,-2.100838,0.225994
152.763,-1.800117,1.078075,1.271654,-0.947403,-0.019431,-2.06366,0.25442
152.858,-1.925524,1.049201,1.258252,-1.038045,-0.030117,-2.016834,0.288341
152.937,-2.028172,1.024292,1.246032,-1.112539,-0.038978,-1.97617,0.316303
153.016,-2.129247,0.998589,1.232845,-1.186169,-0.047808,-1.933973,0.344021
153.095,-2.22867,0.972112,1.218702,-1.25888,-0.056602,-1.890277,0.371472
153.174,-2.326365,0.944881,1.203614,-1.330615,-0.065352,-1.845115,0.398634
153.253,-2.422256,0.916917,1.187593,-1.401318,-0.074051,-1.798522,0.425488
153.333,-2.517446,0.887874,1.17043,-1.471807,-0.082802,-1.749917,0.452345
153.412,-2.609482,0.858501,1.152568,-1.540268,-0.091379,-1.700555,0.478513
153.491,-2.699495,0.828463,1.133813,-1.607534,-0.099884,-1.649874,0.50431
153.57,-2.787413,0.797782,1.114178,-1.673553,-0.108313,-1.597913,0.529716
153.649,-2.87317,0.766482,1.093679,-1.738274,-0.116657,-1.544713,0.554712
153.728,-2.956699,0.734588,1.072332,-1.801647,-0.124911,-1.490315,0.579277
153.807,-3.037935,0.702125,1.050153,-1.863623,-0.133068,-1.434761,0.603393
153.886,-3.116815,0.669117,1.02716,-1.924154,-0.141122,-1.378095,0.627041
153.966,-3.194229,0.635162,1.003065,-1.98393,-0.149166,-1.319622,0.650492
154.045,-3.268184,0.601136,0.978487,-2.041411,-0.156994,-1.26085,0.673143
154.124,-3.339604,0.566643,0.953151,-2.097309,-0.164699,-1.2011,0.695272
154.203,-3.408434,0.531712,0.927075,-2.15158,-0.172277,-1.140419,0.716862
154.282,-3.47462,0.496368,0.900281,-2.204182,-0.179721,-1.078854,0.737896
154.361,-3.538113,0.460638,0.872788,-2.255075,-0.187026,-1.016451,0.758357
154.44,-3.598861,0.424552,0.844618,-2.30422,-0.194186,-0.953261,0.778231
154.519,-3.656818,0.388137,0.815794,-2.351577,-0.201195,-0.889331,0.7975
154.599,-3.712619,0.350954,0.78596,-2.397675,-0.208134,-0.82389,0.816384
154.678,-3.764824,0.313961,0.755885,-2.441326,-0.214824,-0.758623,0.834394
154.757,-3.814111,0.276725,0.725224,-2.483084,-0.221347,-0.692768,0.851758
154.836,-3.860439,0.239275,0.694001,-2.522915,-0.227699,-0.626375,0.86846
154.915,-3.903773,0.201639,0.66224,-2.560791,-0.233874,-0.559497,0.884489
154.994,-3.94408,0.163847,0.629965,-2.59668,-0.239867,-0.492185,0.899833
155.073,-3.981329,0.125927,0.597201,-2.630556,-0.245675,-0.424491,0.914478
155.152,-4.015489,0.08791,0.563974,-2.662391,-0.251292,-0.356468,0.928414
155.232,-4.046909,0.049343,0.529881,-2.692525,-0.256781,-0.287303,0.941793
155.311,-4.074777,0.011218,0.495801,-2.720182,-0.262002,-0.218777,0.95427
155.39,-4.099486,-0.026915,0.461336,-2.745729,-0.267019,-0.150082,0.966006
155.469,-4.121015,-0.065027,0.426513,-2.769146,-0.271829,-0.081271,0.976994
155.548,-4.139348,-0.103088,0.39136,-2.790416,-0.276429,-0.012396,0.987224
155.627,-4.154471,-0.14107,0.355903,-2.809522,-0.280814,0.056488,0.996688
155.706,-4.166372,-0.178942,0.32017,-2.826449,-0.284981,0.125328,1.005379
155.785,-4.175043,-0.216676,0.284189,-2.841184,-0.288927,0.194071,1.01329
155.865,-4.180523,-0.254715,0.247527,-2.85386,-0.292695,0.263531,1.020501
155.944,-4.182672,-0.292081,0.211131,-2.864151,-0.296187,0.331917,1.026826
156.023,-4.181578,-0.32922,0.174571,-2.87222,-0.29945,0.400045,1.032353
156.102,-4.17724,-0.366104,0.137876,-2.878062,-0.30248,0.467864,1.037081
156.181,-4.169663,-0.402704,0.101074,-2.881672,-0.305276,0.535319,1.041004
156.26,-4.158853,-0.438991,0.064193,-2.883047,-0.307835,0.602359,1.04412
156.339,-4.144817,-0.474938,0.027262,-2.882186,-0.310156,0.668932,1.046426
156.418,-4.127566,-0.510517,-0.009689,-2.87909,-0.312236,0.734987,1.04792
156.498,-4.106836,-0.546142,-0.047101,-2.87368,-0.314095,0.801296,1.048605
156.577,-4.083159,-0.580897,-0.084008,-2.866094,-0.315686,0.866152,1.048464
156.656,-4.056316,-0.6152,-0.12085,-2.856286,-0.317032,0.930336,1.047509
156.735,-4.026327,-0.649027,-0.157599,-2.844262,-0.318132,0.993798,1.045742
156.814,-3.993216,-0.68235,-0.194225,-2.830033,-0.318986,1.056489,1.043163
156.909,-3.949299,-0.721719,-0.238067,-2.810017,-0.319685,1.130788,1.038992
156.988,-3.909404,-0.753843,-0.274324,-2.79097,-0.319993,1.191612,1.034636
157.067,-3.866478,-0.785382,-0.310368,-2.76976,-0.320053,1.251511,1.029477
157.146,-3.820552,-0.816313,-0.346172,-2.746401,-0.319865,1.31044,1.023519
157.225,-3.771664,-0.84661,-0.381707,-2.720913,-0.319429,1.368352,1.016768
157.304,-3.719851,-0.876251,-0.416946,-2.693314,-0.318745,1.425204,1.009229
157.384,-3.664442,-0.905574,-0.452301,-2.663237,-0.3178,1.481648,1.000796
157.463,-3.606866,-0.933824,-0.486862,-2.631458,-0.316619,1.536231,0.991688
157.542,-3.546493,-0.96135,-0.521045,-2.597639,-0.315193,1.589622,0.981811
157.621,-3.483369,-0.98813,-0.554824,-2.561804,-0.313522,1.641781,0.971172
157.7,-3.417544,-1.014144,-0.588173,-2.523983,-0.311608,1.692666,0.95978
157.779,-3.349069,-1.039372,-0.621065,-2.484205,-0.309453,1.742239,0.947644
157.858,-3.277996,-1.063793,-0.653476,-2.4425,-0.307057,1.79046,0.934773
157.937,-3.204381,-1.08739,-0.685381,-2.3989,-0.304423,1.837293,0.921177
158.017,-3.127302,-1.110426,-0.717147,-2.352854,-0.301516,1.883267,0.906681
158.096,-3.048746,-1.132307,-0.747956,-2.305546,-0.298409,1.927196,0.891658
158.175,-2.967825,-1.15331,-0.778186,-2.25645,-0.295071,1.969631,0.875944
158.254,-2.884603,-1.173419,-0.807812,-2.205605,-0.291504,2.010538,0.859551
158.333,-2.799144,-1.192617,-0.836812,-2.153049,-0.287711,2.049886,0.842491
158.412,-2.711513,-1.210891,-0.865162,-2.098823,-0.283695,2.087644,0.824778
158.491,-2.62178,-1.228226,-0.892842,-2.042969,-0.279459,2.123783,0.806425
158.57,-2.530014,-1.244608,-0.919829,-1.985532,-0.275007,2.158276,0.787446
158.65,-2.435087,-1.260214,-0.946431,-1.925798,-0.27028,2.191499,0.767606
158.729,-2.339446,-1.274641,-0.971962,-1.865307,-0.265402,2.222596,0.747414
158.808,-2.241991,-1.28808,-0.996739,-1.80337,-0.260318,2.25197,0.726642
158.887,-2.142796,-1.30052,-1.020743,-1.740035,-0.255032,2.279598,0.705307
158.966,-2.041941,-1.311952,-1.043955,-1.67535,-0.249548,2.305457,0.683425
159.045,-1.939501,-1.322366,-1.066358,-1.609366,-0.24387,2.329529,0.661013
159.124,-1.835557,-1.331754,-1.087933,-1.542134,-0.238004,2.351794,0.638088
159.203,-1.73019,-1.34011,-1.108666,-1.473705,-0.231953,2.372235,0.614668
159.283,-1.622122,-1.347512,-1.128784,-1.403246,-0.225642,2.39106,0.590467
159.362,-1.514139,-1.35377,-1.14777,-1.332573,-0.219234,2.407784,0.566107
159.441,-1.404981,-1.358978,-1.165865,-1.260866,-0.212656,2.42264,0.541307
159.52,-1.294734,-1.363132,-1.183057,-1.188181,-0.205913,2.435618,0.516088
159.599,-1.183483,-1.36623,-1.199331,-1.114575,-0.19901,2.446707,0.490469
159.678,-1.071314,-1.368267,-1.214675,-1.040104,-0.191953,2.455898,0.46447
159.757,-0.958314,-1.369244,-1.229077,-0.964827,-0.184747,2.463185,0.43811
159.836,-0.844571,-1.369158,-1.242526,-0.888802,-0.177397,2.468561,0.411411
159.916,-0.728721,-1.36799,-1.255163,-0.811112,-0.169815,2.472055,0.384048
159.995,-0.61375,-1.365768,-1.266663,-0.73376,-0.162195,2.473575,0.356728
160.074,-0.498303,-1.362488,-1.27718,-0.655839,-0.154449,2.473178,0.329131
160.153,-0.38247,-1.35815,-1.286707,-0.577409,-0.146583,2.470862,0.301279
160.232,-0.26634,-1.35276,-1.295236,-0.498531,-0.138603,2.46663,0.273193
160.311,-0.150003,-1.34632,-1.30276,-0.419267,-0.130516,2.460486,0.244895
160.39,-0.03355,-1.338836,-1.309274,-0.339678,-0.122328,2.452433,0.216407
160.469,0.082929,-1.330314,-1.314773,-0.259825,-0.114045,2.442478,0.187752
160.549,0.200816,-1.320633,-1.319302,-0.178756,-0.105567,2.430467,0.158585
160.628,0.317074,-1.310042,-1.322745,-0.098561,-0.097113,2.416709,0.12966
160.707,0.433085,-1.298435,-1.325163,-0.01829,-0.088583,2.401077,0.100633
160.786,0.548761,-1.285821,-1.326552,0.061996,-0.079984,2.383583,0.071529
160.865,0.664011,-1.27221,-1.326913,0.142233,-0.071324,2.36424,0.042369
160.96,0.801913,-1.254537,-1.325984,0.23857,-0.060837,2.338553,0.007262
161.039,0.915911,-1.238768,-1.324079,0.318482,-0.052063,2.315194,-0.02194
161.118,1.029199,-1.222038,-1.321147,0.398148,-0.04325,2.29004,-0.051125
161.197,1.141689,-1.20436,-1.317191,0.477504,-0.034402,2.263109,-0.080271
161.276,1.253293,-1.185749,-1.312213,0.556491,-0.025528,2.234423,-0.109354
161.355,1.363925,-1.166218,-1.306217,0.635045,-0.016635,2.204005,-0.138353
161.435,1.47488,-1.145518,-1.299114,0.714092,-0.007615,2.17146,-0.167609
161.514,1.583296,-1.124183,-1.291085,0.791594,0.001298,2.137626,-0.196369
161.593,1.690485,-1.101976,-1.282055,0.868482,0.010209,2.102135,-0.224976
161.672,1.796363,-1.078914,-1.27203,0.944696,0.019113,2.065014,-0.253409
161.751,1.900848,-1.055016,-1.26102,1.020178,0.028002,2.026292,-0.281645
161.83,2.003859,-1.030299,-1.249031,1.094869,0.036869,1.985997,-0.309663
161.909,2.105315,-1.004784,-1.236073,1.16871,0.045708,1.944163,-0.337441
161.988,2.205139,-0.978489,-1.222157,1.241645,0.054511,1.900821,-0.364957
162.068,2.304484,-0.951088,-1.207099,1.314522,0.063382,1.855428,-0.392533
162.147,2.400788,-0.923287,-1.191287,1.385462,0.072094,1.809155,-0.419458
162.226,2.495231,-0.89477,-1.174552,1.455328,0.080749,1.761478,-0.446058
162.305,2.587738,-0.86556,-1.156905,1.524065,0.089342,1.712435,-0.472312
162.384,2.678239,-0.835678,-1.138361,1.591621,0.097865,1.662065,-0.498199
162.463,2.766662,-0.805148,-1.118934,1.657941,0.106312,1.610405,-0.5237
162.542,2.852941,-0.773994,-1.09864,1.722976,0.114677,1.557497,-0.548795
162.621,2.937006,-0.742239,-1.077494,1.786675,0.122953,1.50338,-0.573465
162.701,3.019814,-0.709496,-1.055228,1.849768,0.131237,1.447391,-0.597993
162.78,3.099231,-0.676608,-1.032417,1.910629,0.139315,1.390971,-0.621748
162.859,3.176244,-0.643196,-1.008805,1.970008,0.147284,1.333473,-0.645021
162.938,3.250794,-0.609285,-0.984412,2.02786,0.15514,1.274941,-0.667794
163.017,3.322823,-0.574901,-0.959254,2.084139,0.162875,1.21542,-0.690049
163.096,3.392275,-0.540072,-0.933353,2.138801,0.170484,1.154957,-0.711769
163.175,3.459096,-0.504823,-0.906728,2.191805,0.17796,1.093598,-0.732936
163.254,3.523234,-0.469183,-0.8794,2.243109,0.185299,1.03139,-0.753536
163.334,3.5854,-0.432722,-0.85103,2.293289,0.192584,0.967581,-0.7738
163.413,3.643991,-0.396378,-0.822352,2.341053,0.199628,0.903814,-0.793207
163.492,3.699756,-0.359727,-0.793035,2.387001,0.206517,0.839345,-0.812
163.571,3.752651,-0.322797,-0.763104,2.431098,0.213245,0.774226,-0.830162
163.65,3.802636,-0.285616,-0.73258,2.473309,0.219809,0.708507,-0.847681
163.729,3.849673,-0.248215,-0.701489,2.513603,0.226201,0.642237,-0.864542
163.808,3.893724,-0.21062,-0.669853,2.551947,0.232419,0.57547,-0.880733
163.887,3.934755,-0.172862,-0.637699,2.588312,0.238456,0.508257,-0.89624
163.967,3.973195,-0.13449,-0.604633,2.623092,0.244381,0.439791,-0.911236
164.046,4.008055,-0.096493,-0.571508,2.65539,0.250042,0.371838,-0.925333
164.125,4.039806,-0.05842,-0.53794,2.685628,0.255508,0.303596,-0.938713
164.204,4.068424,-0.020302,-0.503956,2.713784,0.260776,0.235119,-0.951364
164.283,4.093887,0.017831,-0.46958,2.739835,0.265842,0.16646,-0.963278
164.362,4.116175,0.055951,-0.43484,2.763762,0.270702,0.097671,-0.974445
164.441,4.135271,0.094027,-0.399763,2.785545,0.275352,0.028807,-0.984856
164.52,4.15116,0.132031,-0.364376,2.805168,0.279789,-0.04008,-0.994503
164.6,4.16397,0.170411,-0.328253,2.822822,0.28406,-0.109807,-1.003486
164.679,4.17337,0.208178,-0.292325,2.838053,0.288057,-0.178576,-1.011574
164.758,4.179533,0.245784,-0.256171,2.851082,0.29183,-0.247207,-1.018878
164.837,4.182454,0.283199,-0.219818,2.861901,0.295376,-0.315647,-1.025391
164.916,4.182133,0.320395,-0.183294,2.8705,0.298694,-0.383842,-1.031109
165.011,4.177451,0.364792,-0.139188,2.877892,0.302376,-0.465449,-1.036926
165.09,4.169989,0.401402,-0.102389,2.881582,0.305181,-0.532918,-1.040878
165.169,4.159294,0.437702,-0.06551,2.883036,0.307748,-0.599974,-1.044022
165.248,4.145373,0.473661,-0.028581,2.882255,0.310077,-0.666565,-1.046357
165.327,4.128237,0.509254,0.00837,2.879239,0.312166,-0.732639,-1.047881
165.406,4.1079,0.544451,0.045315,2.87399,0.314012,-0.798144,-1.048592
165.486,4.084059,0.579664,0.082692,2.866403,0.315633,-0.863848,-1.048483
165.565,4.057328,0.613984,0.119537,2.856674,0.316988,-0.928057,-1.047557
165.644,4.027451,0.647828,0.156289,2.84473,0.318097,-0.991546,-1.045819
165.723,3.994451,0.681169,0.19292,2.830579,0.31896,-1.054265,-1.043269
165.802,3.958353,0.713983,0.229401,2.814233,0.319575,-1.116168,-1.039911
165.881,3.919185,0.746242,0.265705,2.795705,0.319942,-1.177204,-1.035746
165.96,3.876977,0.777923,0.301802,2.775008,0.320061,-1.237328,-1.030778
166.039,3.831763,0.809001,0.337666,2.75216,0.319932,-1.296492,-1.025011
166.119,3.782949,0.839832,0.373716,2.726847,0.319549,-1.35538,-1.01836
166.198,3.731792,0.869623,0.409024,2.699722,0.31892,-1.412475,-1.010998
166.277,3.677741,0.89874,0.444015,2.670504,0.318045,-1.468474,-1.002852
166.356,3.620838,0.927159,0.478662,2.639215,0.316923,-1.523334,-0.993928
166.435,3.561127,0.954859,0.512938,2.605879,0.315555,-1.577013,-0.984233
166.514,3.498654,0.981819,0.546815,2.570522,0.313942,-1.629469,-0.973775
166.593,3.433468,1.008018,0.580269,2.533172,0.312086,-1.680662,-0.962562
166.672,3.365619,1.033434,0.613272,2.493857,0.309988,-1.73055,-0.950602
166.752,3.294252,1.058356,0.646209,2.452073,0.307618,-1.779703,-0.93774
166.831,3.221205,1.08214,0.67823,2.408899,0.305038,-1.826852,-0.924307
166.91,3.145661,1.105085,0.709724,2.363856,0.302221,-1.872585,-0.910156
166.989,3.067677,1.127173,0.740669,2.316979,0.29917,-1.916865,-0.8953
167.068,2.987314,1.148387,0.771038,2.268306,0.295887,-1.959659,-0.87975
167.147,2.904634,1.16871,0.80081,2.217874,0.292375,-2.000933,-0.863517
167.226,2.819701,1.188127,0.829961,2.165722,0.288635,-2.040655,-0.846615
167.305,2.732582,1.206623,0.858468,2.11189,0.284672,-2.078795,-0.829056
167.385,2.642201,1.224399,0.886658,2.055708,0.280434,-2.115774,-0.81062
167.464,2.550887,1.240997,0.913803,1.998624,0.27603,-2.150641,-0.791781
167.543,2.457595,1.256633,0.94024,1.939989,0.271411,-2.183839,-0.772329
167.622,2.362397,1.271294,0.965947,1.879851,0.266583,-2.215344,-0.752277
167.701,2.265367,1.284969,0.990906,1.818254,0.261547,-2.24513,-0.731642
167.78,2.166581,1.297648,1.015095,1.755247,0.256309,-2.273176,-0.71044
167.859,2.066113,1.30932,1.038498,1.690879,0.250872,-2.299458,-0.688686
167.938,1.964044,1.319977,1.061095,1.6252,0.24524,-2.323958,-0.666399
168.018,1.859131,1.329726,1.08314,1.557405,0.239344,-2.34693,-0.643303
168.097,1.754078,1.338315,1.104064,1.489242,0.233334,-2.367784,-0.619993
168.176,1.647664,1.345867,1.124131,1.419924,0.227143,-2.386802,-0.596203
168.255,1.539973,1.352374,1.143327,1.349505,0.220776,-2.403969,-0.57195
168.334,1.431087,1.357833,1.161636,1.278039,0.214238,-2.419271,-0.547254
168.413,1.321092,1.362239,1.179044,1.205582,0.207534,-2.432697,-0.522133
168.492,1.210072,1.365588,1.195538,1.13219,0.200668,-2.444237,-0.496608
168.571,1.098114,1.367878,1.211105,1.05792,0.193647,-2.453881,-0.470697
168.651,0.983871,1.369116,1.225912,0.981875,0.186385,-2.461708,-0.444086
168.73,0.870288,1.36927,1.239576,0.906013,0.179067,-2.467516,-0.417462
168.809,0.75603,1.368363,1.25228,0.829448,0.171611,-2.47141,-0.390513
168.888,0.641185,1.366394,1.264012,0.752241,0.164022,-2.473387,-0.363262
168.967,0.525844,1.363365,1.274764,0.67445,0.156305,-2.473447,-0.335729
169.062,0.386609,1.358323,1.286384,0.580216,0.146866,-2.470978,-0.302277
169.141,0.270489,1.35297,1.294949,0.501354,0.13889,-2.466814,-0.274199
169.22,0.154158,1.346568,1.302509,0.422102,0.130807,-2.460738,-0.245908
169.299,0.037708,1.339121,1.309059,0.342523,0.122622,-2.452753,-0.217427
169.378,-0.078772,1.330636,1.314594,0.262679,0.114342,-2.442866,-0.188777
169.457,-0.19519,1.321119,1.31911,0.182631,0.105974,-2.431084,-0.159981
169.537,-0.312928,1.310437,1.32264,0.101425,0.097416,-2.417232,-0.130694
169.616,-0.42895,1.298867,1.325094,0.021155,0.088888,-2.401667,-0.101671
169.695,-0.544639,1.286289,1.32652,-0.059131,0.080292,-2.384239,-0.072569
169.774,-0.659906,1.272713,1.326918,-0.139371,0.071634,-2.364962,-0.043411
169.853,-0.774661,1.25815,1.326286,-0.219503,0.06292,-2.343851,-0.014219
169.932,-0.888815,1.242612,1.324626,-0.299466,0.054157,-2.320923,0.014984
170.011,-1.00228,1.22611,1.321939,-0.379195,0.045353,-2.296194,0.044176
170.09,-1.114968,1.208657,1.318226,-0.458631,0.036513,-2.269685,0.073333
170.17,-1.228201,1.190028,1.313425,-0.53871,0.027532,-2.241046,0.102801
170.249,-1.33906,1.170703,1.307658,-0.617367,0.018642,-2.211017,0.13182
170.328,-1.44888,1.15047,1.300878,-0.695546,0.009738,-2.179272,0.160738
170.407,-1.557577,1.129345,1.293089,-0.773185,0.000826,-2.145838,0.18953
170.486,-1.665066,1.107344,1.284296,-0.850224,-0.008087,-2.110739,0.218176
170.565,-1.771264,1.084484,1.274508,-0.926605,-0.016993,-2.074004,0.246653
170.644,-1.876088,1.060784,1.263732,-1.002266,-0.025886,-2.03566,0.274938
170.723,-1.979457,1.03626,1.251975,-1.077151,-0.034759,-1.995737,0.30301
170.803,-2.08257,1.010608,1.23908,-1.152131,-0.043717,-1.953732,0.331198
170.882,-2.182769,0.984487,1.225379,-1.225276,-0.052529,-1.910727,0.358775
170.961,-2.281275,0.957603,1.210728,-1.29747,-0.0613,-1.866241,0.386074
171.04,-2.378012,0.929976,1.195138,-1.368658,-0.070023,-1.820307,0.413073
171.119,-2.472905,0.901628,1.178622,-1.438785,-0.078692,-1.772961,0.439752
171.198,-2.56588,0.87258,1.161191,-1.507796,-0.087301,-1.72424,0.46609
171.277,-2.656865,0.842856,1.142859,-1.575637,-0.095841,-1.674183,0.492067
171.356,-2.74579,0.812478,1.123642,-1.642257,-0.104307,-1.622826,0.517662
171.436,-2.83367,0.781074,1.103293,-1.708422,-0.112798,-1.569538,0.543171
171.515,-2.91824,0.749453,1.082337,-1.772426,-0.121095,-1.51569,0.567938
171.594,-3.000548,0.71725,1.060542,-1.835056,-0.129298,-1.460667,0.592265
171.673,-3.080528,0.684491,1.037924,-1.896263,-0.1374,-1.404511,0.616132
171.752,-3.158119,0.651202,1.014502,-1.956,-0.145396,-1.347266,0.639522
171.831,-3.233261,0.617407,0.990293,-2.014219,-0.153279,-1.288976,0.662415
171.91,-3.305896,0.583134,0.965316,-2.070877,-0.161044,-1.229687,0.684795
171.989,-3.375966,0.548408,0.93959,-2.125928,-0.168683,-1.169444,0.706644
172.069,-3.444256,0.512809,0.912796,-2.179996,-0.176286,-1.107514,0.728211
172.148,-3.509004,0.477255,0.885624,-2.231687,-0.183656,-1.045494,0.74894
172.227,-3.571031,0.441331,0.857766,-2.281647,-0.190884,-0.982663,0.769088
172.306,-3.630288,0.405065,0.829242,-2.329838,-0.197964,-0.91907,0.788639
172.385,-3.68673,0.368485,0.800076,-2.376222,-0.20489,-0.854764,0.807579
172.464,-3.740313,0.331618,0.770289,-2.420763,-0.211657,-0.789795,0.825893
172.543,-3.790995,0.294495,0.739904,-2.463426,-0.21826,-0.724214,0.843566
172.622,-3.838737,0.257143,0.708946,-2.50418,-0.224694,-0.658071,0.860585
172.702,-3.88405,0.219115,0.677036,-2.54347,-0.231032,-0.590571,0.87714
172.781,-3.925765,0.181392,0.644996,-2.580284,-0.23711,-0.523454,0.892803
172.86,-3.964435,0.143528,0.612456,-2.615097,-0.243005,-0.455931,0.907773
172.939,-4.000031,0.105552,0.57944,-2.647881,-0.248711,-0.388054,0.92204
173.018,-4.032525,0.067495,0.545976,-2.678613,-0.254224,-0.319876,0.935591
173.113,-4.067457,0.021663,0.505175,-2.712815,-0.260592,-0.237567,0.950925
173.192,-4.093033,-0.01647,0.470813,-2.738942,-0.265665,-0.168913,0.962866
173.271,-4.115435,-0.054591,0.436086,-2.762945,-0.270532,-0.100128,0.974059
173.35,-4.134645,-0.092669,0.40102,-2.784804,-0.27519,-0.031265,0.984497
173.429,-4.150649,-0.130676,0.365644,-2.804505,-0.279634,0.037621,0.994172
173.508,-4.163434,-0.168581,0.329984,-2.82203,-0.283861,0.106479,1.003076
173.588,-4.17309,-0.206832,0.293611,-2.837547,-0.287918,0.176124,1.011299
173.667,-4.179368,-0.244445,0.257465,-2.850655,-0.291699,0.244761,1.018631
173.746,-4.182406,-0.281867,0.221118,-2.861553,-0.295254,0.313208,1.025172
173.825,-4.1822,-0.319071,0.1846,-2.870231,-0.298579,0.381412,1.030919
173.904,-4.178751,-0.356028,0.147939,-2.876684,-0.301674,0.449321,1.035866
173.983,-4.172061,-0.392708,0.111163,-2.880905,-0.304534,0.516881,1.040009
174.062,-4.162135,-0.429084,0.074301,-2.882893,-0.307158,0.58404,1.043347
174.141,-4.148982,-0.465127,0.037382,-2.882644,-0.309544,0.650746,1.045875
174.221,-4.132383,-0.501259,-0.000035,-2.880115,-0.311716,0.717783,1.047608
174.3,-4.112766,-0.536548,-0.036984,-2.875369,-0.313617,0.783421,1.048502
174.379,-4.08996,-0.571421,-0.073904,-2.868393,-0.315274,0.848452,1.048583
174.458,-4.063983,-0.60585,-0.110767,-2.859193,-0.316688,0.912824,1.047851
174.537,-4.034853,-0.63981,-0.147544,-2.847776,-0.317856,0.976489,1.046306
174.616,-4.002594,-0.673274,-0.184206,-2.834149,-0.318777,1.039397,1.04395
174.695,-3.967232,-0.706215,-0.220726,-2.818325,-0.319451,1.101498,1.040784
174.774,-3.928792,-0.738609,-0.257074,-2.800316,-0.319877,1.162745,1.036811
174.854,-3.886762,-0.770829,-0.293679,-2.779865,-0.320056,1.223848,1.031969
174.933,-3.842223,-0.802045,-0.329598,-2.757501,-0.319983,1.283233,1.026381
175.012,-3.794704,-0.832639,-0.365261,-2.732997,-0.319662,1.341623,1.019998
175.091,-3.744243,-0.862587,-0.400641,-2.706375,-0.319093,1.398972,1.012823
175.17,-3.690877,-0.891866,-0.43571,-2.677653,-0.318276,1.455236,1.004863
175.249,-3.63465,-0.920453,-0.470441,-2.646855,-0.317212,1.510371,0.996124
175.328,-3.575604,-0.948327,-0.504807,-2.614005,-0.315903,1.564335,0.986612
175.407,-3.513784,-0.975465,-0.538782,-2.579127,-0.314349,1.617086,0.976336
175.487,-3.448406,-1.002176,-0.572761,-2.541769,-0.312526,1.669227,0.965157
175.566,-3.381153,-1.027771,-0.605869,-2.502895,-0.310482,1.719413,0.953365
175.645,-3.311278,-1.052568,-0.638506,-2.462079,-0.308198,1.768266,0.940833
175.724,-3.238835,-1.07655,-0.670648,-2.419355,-0.305674,1.815747,0.927572
175.803,-3.163881,-1.099696,-0.702271,-2.374754,-0.302914,1.861821,0.913592
175.882,-3.086472,-1.12199,-0.733348,-2.328311,-0.299918,1.90645,0.898903
175.961,-3.006671,-1.143414,-0.763857,-2.280062,-0.29669,1.949601,0.883517
176.04,-2.924537,-1.16395,-0.793773,-2.230046,-0.293232,1.99124,0.867446
176.12,-2.839053,-1.183827,-0.823441,-2.177634,-0.289498,2.031832,0.850485
176.199,-2.752421,-1.202532,-0.852096,-2.124177,-0.285586,2.070332,0.833073
176.278,-2.663655,-1.220304,-0.880089,-2.069073,-0.281451,2.107226,0.815015
176.357,-2.572823,-1.23713,-0.9074,-2.012365,-0.277098,2.142485,0.796325
176.436,-2.479995,-1.252996,-0.934007,-1.954096,-0.272531,2.176083,0.777018
176.515,-2.385245,-1.26789,-0.95989,-1.894311,-0.267752,2.207993,0.757107
176.594,-2.288644,-1.281801,-0.985029,-1.833057,-0.262765,2.238191,0.73661
176.673,-2.190269,-1.294719,-1.009403,-1.770382,-0.257575,2.266654,0.715541
176.753,-2.088918,-1.306776,-1.033289,-1.705515,-0.252115,2.293685,0.69364
176.832,-1.987203,-1.317663,-1.056069,-1.640127,-0.246527,2.318588,0.671472
176.911,-1.883947,-1.327528,-1.078031,-1.573467,-0.240748,2.341693,0.648783
176.99,-1.77923,-1.336363,-1.099156,-1.505587,-0.234782,2.362982,0.625591
177.069,-1.673133,-1.344162,-1.119429,-1.436539,-0.228634,2.382439,0.601913
177.164,-1.543838,-1.35216,-1.142657,-1.352037,-0.221006,2.403388,0.572824
177.243,-1.434993,-1.357656,-1.160998,-1.280607,-0.214474,2.418757,0.548143
177.322,-1.325036,-1.3621,-1.178439,-1.208185,-0.207776,2.432251,0.523037
177.401,-1.214051,-1.365487,-1.194965,-1.134825,-0.200916,2.443858,0.497525
177.48,-1.102125,-1.367815,-1.210565,-1.060586,-0.193901,2.453569,0.471628
177.559,-0.989344,-1.369082,-1.225227,-0.985524,-0.186735,2.461379,0.445365
177.639,-0.874354,-1.369283,-1.239105,-0.908733,-0.179331,2.467341,0.418418
177.718,-0.760118,-1.368413,-1.251843,-0.832193,-0.171879,2.471304,0.39148
177.797,-0.645293,-1.366482,-1.26361,-0.755007,-0.164295,2.47335,0.36424
177.876,-0.529968,-1.363492,-1.274397,-0.677236,-0.156583,2.473478,0.336716
177.955,-0.414231,-1.359443,-1.284196,-0.598939,-0.148749,2.471687,0.308932
178.034,-0.298174,-1.354341,-1.292999,-0.520178,-0.1408,2.46798,0.280908
178.113,-0.181885,-1.348188,-1.300799,-0.441014,-0.132742,2.462359,0.252666
178.192,-0.065455,-1.34099,-1.307591,-0.361507,-0.124581,2.454828,0.224228
178.272,0.0525,-1.33264,-1.313435,-0.280709,-0.116218,2.445262,0.195253
178.351,0.16894,-1.323356,-1.318181,-0.200701,-0.107869,2.433907,0.166488
178.43,0.28525,-1.313044,-1.321904,-0.120538,-0.099436,2.420664,0.137594
178.509,0.401337,-1.301715,-1.324603,-0.040281,-0.090926,2.405545,0.108593
178.588,0.517114,-1.289376,-1.326274,0.040007,-0.082346,2.388559,0.079508
178.667,0.63249,-1.276037,-1.326917,0.120264,-0.073702,2.369721,0.050361
178.746,0.747375,-1.261708,-1.32653,0.200427,-0.065001,2.349046,0.021175
178.825,0.86168,-1.246401,-1.325115,0.280435,-0.056249,2.326549,-0.008028
178.905,0.976751,-1.229916,-1.322635,0.361235,-0.047342,2.301928,-0.037593
178.984,1.089622,-1.212676,-1.319153,0.440742,-0.038509,2.275819,-0.06676
179.063,1.201648,-1.194496,-1.314648,0.519908,-0.029647,2.247944,-0.095875
179.142,1.312741,-1.175389,-1.309124,0.59867,-0.020761,2.218327,-0.124916
179.221,1.422817,-1.155372,-1.302585,0.676968,-0.01186,2.186989,-0.153859
179.3,1.531789,-1.134458,-1.295035,0.754742,-0.002949,2.153955,-0.182684
179.379,1.639574,-1.112664,-1.286482,0.831929,0.005964,2.11925,-0.211367
179.458,1.746087,-1.090007,-1.27693,0.908472,0.014872,2.082902,-0.239885
179.538,1.852567,-1.066202,-1.266248,0.985265,0.023882,2.044448,-0.268576
179.617,1.956272,-1.041863,-1.254712,1.06033,0.03276,2.004879,-0.296698
179.696,2.058459,-1.016715,-1.242203,1.134573,0.041613,1.963755,-0.324589
179.775,2.15905,-0.99078,-1.22873,1.207935,0.050433,1.921108,-0.35223
179.854,2.257966,-0.964075,-1.214304,1.280361,0.059214,1.876971,-0.379597
179.933,2.355132,-0.936623,-1.198937,1.351794,0.06795,1.831379,-0.406669
180.012,2.450471,-0.908445,-1.18264,1.422178,0.076633,1.784366,-0.433427
180.091,2.543909,-0.879562,-1.165425,1.49146,0.085256,1.73597,-0.459848
180.171,2.63652,-0.849619,-1.147072,1.56044,0.093921,1.685589,-0.48624
180.25,2.725915,-0.819387,-1.128053,1.627339,0.102404,1.634522,-0.511923
180.329,2.813197,-0.788519,-1.108159,1.692977,0.110808,1.582188,-0.537208
180.408,2.898297,-0.757039,-1.087406,1.757302,0.119127,1.528626,-0.562078
180.487,2.981149,-0.724973,-1.065809,1.820264,0.127352,1.473879,-0.586511
180.566,3.061689,-0.692344,-1.043386,1.881814,0.135479,1.417989,-0.610489
180.645,3.139855,-0.659179,-1.020154,1.941905,0.143501,1.361,-0.633994
180.724,3.215586,-0.625502,-0.99613,2.00049,0.151412,1.302955,-0.657008
180.804,3.289734,-0.590905,-0.971016,2.058235,0.159303,1.243146,-0.679793
180.883,3.360388,-0.556279,-0.945457,2.113653,0.166971,1.183113,-0.701763
180.962,3.428435,-0.521221,-0.919165,2.167431,0.17451,1.122164,-0.723189
181.041,3.493824,-0.48576,-0.89216,2.219528,0.181913,1.060344,-0.744054
181.12,3.556504,-0.449921,-0.864464,2.269904,0.189175,0.997702,-0.764341
181.215,3.628221,-0.406365,-0.830272,2.328149,0.197714,0.921352,-0.787952
181.31,3.69587,-0.362353,-0.795149,2.383782,0.20603,0.843969,-0.810679
181.404,3.758727,-0.318404,-0.759517,2.436199,0.214032,0.766469,-0.832272
181.499,3.818059,-0.273632,-0.72266,2.486455,0.22188,0.68729,-0.853166
181.594,3.87311,-0.228554,-0.684992,2.533923,0.229479,0.60734,-0.873103
181.689,3.923818,-0.183219,-0.646556,2.57855,0.236821,0.526709,-0.892061
181.783,3.969661,-0.138159,-0.607811,2.61986,0.243824,0.446345,-0.909835
181.878,4.011563,-0.092466,-0.567976,2.658688,0.250629,0.364629,-0.926783
181.957,4.042983,-0.054388,-0.534363,2.688707,0.256075,0.296359,-0.940086
182.036,4.071269,-0.016267,-0.500336,2.716641,0.261322,0.22786,-0.95266
182.115,4.096397,0.021867,-0.46592,2.742468,0.266367,0.159185,-0.964495
182.195,4.118605,0.060465,-0.430701,2.766455,0.271264,0.089514,-0.975718
182.274,4.137322,0.098535,-0.395585,2.787983,0.275889,0.020645,-0.986039
182.353,4.15283,0.136527,-0.360163,2.807349,0.2803,-0.048241,-0.995595
182.432,4.165118,0.174414,-0.324462,2.824538,0.284494,-0.11709,-1.004379
182.527,4.175615,0.219793,-0.281199,2.842306,0.289244,-0.199757,-1.01391
182.606,4.180779,0.257343,-0.244981,2.854654,0.292947,-0.268335,-1.020971
182.701,4.182695,0.302231,-0.201177,2.866572,0.2971,-0.350521,-1.028412
182.78,4.180716,0.339304,-0.164578,2.874034,0.3003,-0.41857,-1.033722
182.859,4.175495,0.376113,-0.12785,2.879268,0.303266,-0.486295,-1.03823
182.954,4.164929,0.419988,-0.083556,2.882604,0.306522,-0.567232,-1.042585
183.033,4.152584,0.456117,-0.046648,2.882917,0.308968,-0.634056,-1.045317
183.112,4.137019,0.491893,-0.009704,2.880994,0.311174,-0.70039,-1.047237
183.191,4.118246,0.527287,0.027248,2.876836,0.313139,-0.766179,-1.048345
183.27,4.096279,0.562272,0.064178,2.870448,0.314861,-0.831375,-1.048641
183.349,4.071135,0.596821,0.101059,2.861833,0.316339,-0.895926,-1.048123
183.428,4.042834,0.630907,0.137861,2.850999,0.317572,-0.959782,-1.046792
183.507,4.011398,0.664504,0.174557,2.837954,0.318558,-1.022894,-1.04465
183.587,3.976394,0.698001,0.211579,2.822501,0.319305,-1.085996,-1.041655
183.681,3.931225,0.736649,0.254862,2.801477,0.319858,-1.159034,-1.037077
183.76,3.889924,0.768506,0.291024,2.781428,0.320052,-1.219436,-1.032349
183.84,3.845026,0.800158,0.327414,2.758926,0.319995,-1.279638,-1.026745
183.919,3.797688,0.83079,0.363093,2.734553,0.319688,-1.33809,-1.02041
183.998,3.747405,0.860779,0.398491,2.708059,0.319134,-1.395503,-1.013284
184.077,3.694216,0.890099,0.43358,2.679465,0.318333,-1.451835,-1.005371
184.156,3.638161,0.918729,0.468332,2.648793,0.317284,-1.50704,-0.99668
184.235,3.579286,0.946647,0.502722,2.616067,0.31599,-1.561077,-0.987215
184.314,3.517634,0.973831,0.536721,2.581312,0.31445,-1.613903,-0.976984
184.393,3.453255,1.000259,0.570304,2.544555,0.312667,-1.665478,-0.965996
184.473,3.385332,1.026232,0.603862,2.505322,0.310614,-1.716389,-0.954106
184.552,3.315615,1.051079,0.636529,2.464625,0.308344,-1.765324,-0.941619
184.631,3.243328,1.07511,0.668702,2.422015,0.305835,-1.812891,-0.928402
184.71,3.168525,1.098308,0.700357,2.377528,0.303089,-1.859051,-0.914465
184.789,3.091264,1.120655,0.731468,2.331196,0.300108,-1.903769,-0.899819
184.868,3.011607,1.142132,0.762012,2.283057,0.296894,-1.947012,-0.884475
184.947,2.929613,1.162723,0.791966,2.233147,0.29345,-1.988744,-0.868445
185.026,2.845348,1.182413,0.821305,2.181505,0.289778,-2.028934,-0.851742
185.106,2.757768,1.201417,0.850366,2.127486,0.285831,-2.068029,-0.834154
185.185,2.66913,1.219247,0.878401,2.072481,0.28171,-2.105021,-0.816135
185.264,2.578422,1.23613,0.905754,2.01587,0.27737,-2.140381,-0.797483
185.343,2.485714,1.252055,0.932405,1.957694,0.272816,-2.174081,-0.778213
185.422,2.391079,1.26701,0.958332,1.898001,0.268049,-2.206095,-0.758339
185.501,2.29459,1.280981,0.983517,1.836836,0.263075,-2.236399,-0.737877
185.58,2.19632,1.293959,1.007939,1.774246,0.257897,-2.264967,-0.716843
185.659,2.096348,1.305934,1.031579,1.71028,0.252519,-2.29178,-0.695252
185.739,1.993454,1.317028,1.054703,1.644153,0.246874,-2.31712,-0.67284
185.818,1.890289,1.326955,1.076715,1.577569,0.241106,-2.340335,-0.650182
185.897,1.785659,1.335854,1.097892,1.509762,0.235151,-2.361736,-0.62702
185.976,1.679644,1.343716,1.118217,1.440784,0.229014,-2.381305,-0.603371
186.055,1.572327,1.350537,1.137675,1.370689,0.222699,-2.399027,-0.579255
186.134,1.46379,1.35631,1.156251,1.29953,0.216212,-2.414888,-0.554689
186.213,1.354118,1.361031,1.173931,1.227364,0.209557,-2.428877,-0.529694
186.292,1.243395,1.364697,1.190699,1.154246,0.202739,-2.440982,-0.504287
186.372,1.130289,1.36733,1.206739,1.079291,0.195675,-2.451311,-0.47816
186.466,0.996247,1.369035,1.224359,0.990126,0.187176,-2.460957,-0.446977
186.561,0.859669,1.369231,1.240801,0.898908,0.178378,-2.467959,-0.414964
186.656,0.722127,1.367891,1.255851,0.806682,0.16938,-2.472194,-0.382485
186.735,0.607126,1.365608,1.267294,0.729296,0.161753,-2.473605,-0.355149
186.83,0.468218,1.361461,1.279753,0.635492,0.152415,-2.47276,-0.321912
186.924,0.330256,1.355855,1.290668,0.541975,0.143007,-2.469195,-0.288671
187.019,0.190457,1.348677,1.300259,0.446858,0.133339,-2.462838,-0.254753
187.098,0.074035,1.341556,1.307125,0.367375,0.125185,-2.455448,-0.226329
187.177,-0.042445,1.333394,1.312977,0.287606,0.116934,-2.446153,-0.19773
187.257,-0.160366,1.324075,1.317866,0.206601,0.108487,-2.434808,-0.168612
187.336,-0.276688,1.313839,1.321665,0.126447,0.10006,-2.421704,-0.139726
187.415,-0.392795,1.302584,1.324439,0.046195,0.091556,-2.406722,-0.110732
187.494,-0.508598,1.290319,1.326186,-0.034092,0.08298,-2.389874,-0.081653
187.573,-0.624006,1.277053,1.326904,-0.114354,0.074341,-2.371172,-0.052509
187.652,-0.73893,1.262797,1.326594,-0.194526,0.065643,-2.350631,-0.023326
187.731,-0.853281,1.247562,1.325254,-0.274548,0.056895,-2.328268,0.005876
187.81,-0.966971,1.231359,1.322887,-0.354357,0.048103,-2.304099,0.035074
187.89,-1.081335,1.213978,1.319444,-0.434896,0.039161,-2.277803,0.064613
187.969,-1.193426,1.195867,1.315015,-0.514089,0.030301,-2.250058,0.093732
188.048,-1.304591,1.176828,1.309566,-0.592883,0.021417,-2.220568,0.122779
188.127,-1.414745,1.156877,1.303101,-0.671218,0.012516,-2.189355,0.151731
188.206,-1.523801,1.136028,1.295626,-0.749031,0.003606,-2.156445,0.180565
188.285,-1.631676,1.114299,1.287146,-0.826264,-0.005307,-2.121863,0.209259
188.364,-1.738285,1.091705,1.277668,-0.902857,-0.014216,-2.085635,0.237791
188.443,-1.843547,1.068265,1.267198,-0.978749,-0.023114,-2.04779,0.266138
188.523,-1.948683,1.043684,1.255595,-1.054828,-0.032107,-2.007847,0.294633
188.602,-2.050985,1.018595,1.243157,-1.129133,-0.040961,-1.966837,0.322543
188.681,-2.151696,0.992717,1.229755,-1.202562,-0.049784,-1.924301,0.350203
188.76,-2.250738,0.966068,1.215399,-1.275059,-0.058569,-1.880273,0.37759
188.839,-2.348035,0.938671,1.200101,-1.346567,-0.067308,-1.834786,0.404686
188.918,-2.443511,0.910545,1.183872,-1.41703,-0.075995,-1.787877,0.431467
188.997,-2.537092,0.881714,1.166725,-1.486395,-0.084623,-1.739581,0.457913
189.076,-2.628706,0.852198,1.148672,-1.554607,-0.093185,-1.689936,0.484005
189.156,-2.719401,0.821636,1.129484,-1.622453,-0.101782,-1.638328,0.510044
189.235,-2.806841,0.790814,1.109654,-1.688186,-0.110192,-1.586085,0.53536
189.314,-2.892104,0.759379,1.088964,-1.752609,-0.118517,-1.532613,0.56026
189.393,-2.975124,0.727355,1.067429,-1.815673,-0.12675,-1.477952,0.584726
189.472,-3.055836,0.694767,1.045066,-1.877329,-0.134884,-1.422145,0.608739
189.551,-3.134179,0.66164,1.021892,-1.937529,-0.142914,-1.365235,0.632279
189.63,-3.210091,0.628,0.997927,-1.996227,-0.150833,-1.307266,0.655329
189.709,-3.283514,0.593873,0.973187,-2.053376,-0.158635,-1.248283,0.677871
189.789,-3.355271,0.558845,0.947365,-2.109626,-0.166411,-1.187568,0.700163
189.868,-3.423513,0.523818,0.921126,-2.163526,-0.173959,-1.126684,0.721629
189.947,-3.489099,0.488385,0.894173,-2.215749,-0.181372,-1.064927,0.742536
190.026,-3.55198,0.452574,0.866527,-2.266253,-0.188645,-1.002343,0.762867
190.105,-3.612106,0.416411,0.838209,-2.315,-0.195772,-0.938983,0.782606
190.184,-3.669431,0.379926,0.80924,-2.361951,-0.202746,-0.874894,0.801739
190.263,-3.72391,0.343145,0.779644,-2.407071,-0.209564,-0.810127,0.820249
190.342,-3.775501,0.306099,0.749444,-2.450324,-0.216219,-0.744731,0.838124
190.422,-3.824762,0.268342,0.718268,-2.492187,-0.222787,-0.677919,0.855562
190.501,-3.870421,0.230848,0.686922,-2.531583,-0.229099,-0.611413,0.872115
190.58,-3.91308,0.193174,0.655043,-2.569015,-0.235234,-0.544433,0.887991
190.659,-3.952703,0.155351,0.622657,-2.604455,-0.241186,-0.477031,0.903179
190.738,-3.989261,0.117407,0.589787,-2.637875,-0.246951,-0.409259,0.917666
190.817,-4.022725,0.079372,0.55646,-2.66925,-0.252525,-0.341169,0.931442
190.896,-4.05307,0.041275,0.522701,-2.698554,-0.257903,-0.272815,0.944495
190.975,-4.080271,0.003147,0.488537,-2.725766,-0.263081,-0.20425,0.956816
191.055,-4.104592,-0.035467,0.453555,-2.751168,-0.268116,-0.134655,0.968537
191.134,-4.125406,-0.07357,0.418655,-2.774105,-0.272879,-0.065824,0.979355
191.213,-4.14302,-0.111616,0.383432,-2.794891,-0.277431,0.003057,0.989413
191.292,-4.157422,-0.149576,0.34791,-2.813509,-0.281768,0.071936,0.998705
191.371,-4.168599,-0.18742,0.312119,-2.829946,-0.285886,0.140759,1.007222
191.45,-4.176543,-0.225118,0.276086,-2.844187,-0.289782,0.209473,1.014957
191.529,-4.181248,-0.262642,0.239839,-2.856223,-0.293453,0.278024,1.021906
191.608,-4.182711,-0.299962,0.203405,-2.866044,-0.296897,0.34636,1.028062
191.688,-4.180887,-0.337517,0.16635,-2.873725,-0.30015,0.415287,1.033484
191.767,-4.175822,-0.37434,0.129629,-2.879066,-0.303128,0.483029,1.038031
191.846,-4.167519,-0.410872,0.092806,-2.882175,-0.305871,0.550395,1.041773
191.925,-4.155984,-0.447085,0.055912,-2.883048,-0.308377,0.617336,1.044707
192.004,-4.141226,-0.482952,0.018974,-2.881686,-0.310643,0.683797,1.046832
192.083,-4.123257,-0.518445,-0.017978,-2.878089,-0.312669,0.749728,1.048144
192.162,-4.10209,-0.553535,-0.054917,-2.87226,-0.314452,0.815077,1.048643
192.241,-4.077741,-0.588196,-0.091813,-2.864203,-0.315991,0.879795,1.048329
192.321,-4.049862,-0.622831,-0.129103,-2.853781,-0.3173,0.944636,1.047183
192.4,-4.01917,-0.656547,-0.165826,-2.841262,-0.318345,1.00793,1.045234
192.479,-3.985362,-0.689753,-0.202421,-2.826539,-0.319144,1.070441,1.042474
192.558,-3.948463,-0.722425,-0.238859,-2.809625,-0.319694,1.132123,1.038906
192.637,-3.908501,-0.754537,-0.275112,-2.790531,-0.319997,1.192927,1.034532
192.716,-3.865509,-0.786063,-0.311151,-2.769274,-0.320052,1.252806,1.029355
192.795,-3.819519,-0.81698,-0.346949,-2.745868,-0.319858,1.311713,1.023381
192.874,-3.770566,-0.847263,-0.382478,-2.720334,-0.319416,1.369603,1.016613
192.954,-3.718015,-0.87726,-0.418154,-2.692326,-0.318717,1.427143,1.008955
193.033,-3.663218,-0.906197,-0.453058,-2.662567,-0.317777,1.48285,1.000606
193.112,-3.60558,-0.934432,-0.487611,-2.630743,-0.316591,1.537407,0.991481
193.191,-3.545147,-0.961941,-0.521785,-2.596879,-0.315159,1.590772,0.981587
193.27,-3.481964,-0.988705,-0.555555,-2.561001,-0.313483,1.642903,0.970932
193.365,-3.402412,-1.019872,-0.595592,-2.515229,-0.311146,1.703902,0.957122
193.444,-3.33335,-1.044921,-0.628379,-2.475016,-0.308936,1.753175,0.944821
193.523,-3.261702,-1.069159,-0.660678,-2.432883,-0.306487,1.801088,0.931786
193.602,-3.187524,-1.092568,-0.692465,-2.388863,-0.3038,1.847604,0.918029
193.681,-3.110875,-1.115129,-0.723715,-2.342991,-0.300878,1.892688,0.90356
193.76,-3.031813,-1.136826,-0.754404,-2.295302,-0.297722,1.936304,0.88839
193.84,-2.949355,-1.157899,-0.784885,-2.245195,-0.294291,1.978941,0.872326
193.919,-2.865625,-1.177805,-0.814372,-2.193963,-0.290673,2.019501,0.855782
193.998,-2.779673,-1.196798,-0.843228,-2.141028,-0.28683,2.058495,0.838574
194.077,-2.691565,-1.214862,-0.87143,-2.086434,-0.282764,2.095893,0.820716
194.156,-2.60137,-1.231984,-0.898957,-2.030221,-0.278479,2.131665,0.802222
194.235,-2.509157,-1.248151,-0.925786,-1.972434,-0.273978,2.165784,0.783105
194.314,-2.414999,-1.26335,-0.951897,-1.913117,-0.269265,2.198223,0.763381
194.393,-2.318967,-1.277569,-0.977269,-1.852317,-0.264343,2.228958,0.743065
194.473,-2.219888,-1.290958,-1.002191,-1.789283,-0.259149,2.25832,0.721905
194.552,-2.120314,-1.303173,-1.026019,-1.72564,-0.253819,2.285553,0.700445
194.631,-2.019096,-1.314377,-1.049051,-1.66066,-0.248291,2.311013,0.678443
194.71,-1.916312,-1.324561,-1.07127,-1.594391,-0.242571,2.334681,0.655914
194.789,-1.812042,-1.333718,-1.092658,-1.526886,-0.236662,2.356538,0.632877
194.868,-1.706367,-1.341841,-1.113199,-1.458197,-0.230571,2.376568,0.609349
194.947,-1.599369,-1.348924,-1.132876,-1.388376,-0.2243,2.394755,0.585348
195.026,-1.49113,-1.35496,-1.151675,-1.31748,-0.217855,2.411084,0.560894
195.106,-1.380342,-1.360002,-1.169801,-1.244644,-0.211157,2.425715,0.535686
195.185,-1.269863,-1.363919,-1.186788,-1.171748,-0.204378,2.43827,0.510376
195.264,-1.158398,-1.366779,-1.202855,-1.097943,-0.19744,2.448934,0.484669
195.343,-1.046035,-1.368579,-1.217988,-1.023286,-0.190349,2.457698,0.458587
195.422,-0.932861,-1.369317,-1.232177,-0.947836,-0.18311,2.464557,0.43215
195.501,-0.818963,-1.368993,-1.245411,-0.871651,-0.17573,2.469504,0.405377
195.58,-0.70443,-1.367608,-1.257679,-0.79479,-0.168213,2.472537,0.378289
195.659,-0.589351,-1.365162,-1.268971,-0.717312,-0.160565,2.473651,0.350909
195.739,-0.47235,-1.361607,-1.279404,-0.638287,-0.152694,2.472825,0.322904
195.818,-0.356442,-1.357033,-1.288707,-0.559752,-0.144802,2.47008,0.294998
195.897,-0.240258,-1.351406,-1.297011,-0.480782,-0.136798,2.465418,0.266863
195.976,-0.123887,-1.344732,-1.30431,-0.40144,-0.128688,2.458845,0.23852
196.055,-0.007421,-1.337015,-1.310596,-0.321786,-0.120478,2.450365,0.209993
196.134,0.109052,-1.328261,-1.315867,-0.241882,-0.112175,2.439984,0.181303
196.213,0.22544,-1.318476,-1.320117,-0.161791,-0.103784,2.427712,0.152472
196.292,0.341652,-1.30767,-1.323343,-0.081575,-0.095313,2.413556,0.123523
196.372,0.459066,-1.295693,-1.325564,-0.000279,-0.08666,2.397314,0.094111
196.451,0.574654,-1.282854,-1.326723,0.080001,-0.078047,2.379404,0.064992
196.53,0.689796,-1.269021,-1.326853,0.16022,-0.069373,2.359649,0.035823
196.609,0.804404,-1.254203,-1.325954,0.240314,-0.060646,2.338064,0.006626
196.688,0.918387,-1.238413,-1.324026,0.320221,-0.051872,2.314665,-0.022576
196.767,1.031659,-1.221663,-1.321072,0.39988,-0.043057,2.289472,-0.051761
196.846,1.14413,-1.203965,-1.317093,0.47923,-0.034209,2.262503,-0.080905
196.925,1.255714,-1.185333,-1.312093,0.558207,-0.025335,2.233779,-0.109987
197.005,1.367718,-1.165529,-1.305993,0.637743,-0.016328,2.202927,-0.13935
197.084,1.477254,-1.145062,-1.298949,0.715787,-0.007421,2.17074,-0.168237
197.163,1.585645,-1.123708,-1.290899,0.793276,0.001492,2.136871,-0.196994
197.242,1.692806,-1.101482,-1.281847,0.87015,0.010403,2.101344,-0.225598
197.321,1.798655,-1.078402,-1.271801,0.946349,0.019307,2.064187,-0.254026
197.416,1.924086,-1.049542,-1.258415,1.037004,0.029993,2.017388,-0.28795
197.495,2.026755,-1.024644,-1.246208,1.111509,0.038855,1.976746,-0.315916
197.574,2.127853,-0.998952,-1.233035,1.185152,0.047686,1.93457,-0.343637
197.653,2.2273,-0.972485,-1.218905,1.257876,0.05648,1.890895,-0.371092
197.732,2.325019,-0.945264,-1.20383,1.329625,0.065231,1.845753,-0.398259
197.811,2.420936,-0.91731,-1.187822,1.400342,0.073931,1.799179,-0.425116
197.891,2.516153,-0.888277,-1.170672,1.470847,0.082682,1.750594,-0.451978
197.97,2.608216,-0.858914,-1.152823,1.539324,0.09126,1.70125,-0.478152
198.049,2.698257,-0.828885,-1.13408,1.606607,0.099767,1.650587,-0.503954
198.128,2.786206,-0.798213,-1.114457,1.672644,0.108196,1.598644,-0.529366
198.207,2.871993,-0.766922,-1.09397,1.737383,0.116542,1.545461,-0.554367
198.286,2.955553,-0.735036,-1.072635,1.800776,0.124797,1.491079,-0.578938
198.365,3.036821,-0.70258,-1.050467,1.862772,0.132956,1.435541,-0.603061
198.444,3.115734,-0.669579,-1.027486,1.923323,0.141011,1.37889,-0.626715
198.524,3.193184,-0.635631,-1.003401,1.98312,0.149057,1.320432,-0.650174
198.603,3.267173,-0.601612,-0.978834,2.040623,0.156886,1.261674,-0.672832
198.682,3.338628,-0.567126,-0.953508,2.096543,0.164593,1.201938,-0.694968
198.761,3.407495,-0.5322,-0.927443,2.150837,0.172173,1.141269,-0.716566
198.84,3.473719,-0.496862,-0.900658,2.203463,0.179619,1.079715,-0.737607
198.919,3.537249,-0.461138,-0.873175,2.25438,0.186926,1.017325,-0.758077
198.998,3.598035,-0.425056,-0.845015,2.303549,0.194088,0.954145,-0.777958
199.077,3.656031,-0.388645,-0.816199,2.350931,0.201099,0.890225,-0.797237
199.157,3.711872,-0.351466,-0.786374,2.397055,0.20804,0.824793,-0.816129
199.236,3.764119,-0.314477,-0.756307,2.440732,0.214732,0.759534,-0.834148
199.315,3.813446,-0.277245,-0.725655,2.482516,0.221258,0.693687,-0.851521
199.394,3.859815,-0.239797,-0.694439,2.522375,0.227612,0.627302,-0.868233
199.473,3.903192,-0.202163,-0.662685,2.560278,0.233789,0.56043,-0.884271
199.552,3.943541,-0.164373,-0.630417,2.596195,0.239785,0.493124,-0.899624
199.631,3.980832,-0.126455,-0.59766,2.630099,0.245595,0.425435,-0.914279
199.71,4.015036,-0.088439,-0.564439,2.661963,0.251215,0.357416,-0.928225
199.79,4.046499,-0.049872,-0.530352,2.692126,0.256707,0.288254,-0.941615
199.869,4.074411,-0.011748,-0.496277,2.719812,0.261931,0.219731,-0.954101
199.948,4.099164,0.026385,-0.461818,2.745388,0.266951,0.151038,-0.965848
200.027,4.120737,0.064497,-0.427,2.768835,0.271764,0.082228,-0.976846
200.106,4.139115,0.10256,-0.391851,2.790135,0.276366,0.013354,-0.987087
200.185,4.154283,0.140542,-0.356398,2.809271,0.280754,-0.05553,-0.996561
200.264,4.166229,0.178416,-0.320668,2.826229,0.284925,-0.124371,-1.005263
200.343,4.174944,0.216152,-0.28469,2.840994,0.288874,-0.193116,-1.013186
200.423,4.18047,0.254194,-0.248032,2.853702,0.292645,-0.262578,-1.020408
200.502,4.182665,0.291563,-0.211638,2.864023,0.29614,-0.330968,-1.026743
200.581,4.181615,0.328705,-0.17508,2.872123,0.299406,-0.3991,-1.032282
200.66,4.177323,0.365593,-0.138387,2.877996,0.30244,-0.466923,-1.037021
200.739,4.169791,0.402197,-0.101586,2.881637,0.305239,-0.534384,-1.040955
200.818,4.159025,0.438489,-0.064706,2.883043,0.307801,-0.60143,-1.044082
200.897,4.145034,0.474441,-0.027776,2.882214,0.310125,-0.66801,-1.046399
200.976,4.127828,0.510025,0.009175,2.879149,0.312208,-0.734072,-1.047905
201.056,4.107143,0.545656,0.046587,2.873769,0.314071,-0.80039,-1.048602
201.135,4.08351,0.580416,0.083495,2.866215,0.315666,-0.865255,-1.048471
201.214,4.056711,0.614727,0.120339,2.856437,0.317015,-0.929448,-1.047528
201.293,4.026765,0.64856,0.157088,2.844445,0.318119,-0.992921,-1.045772
201.372,3.993697,0.68189,0.193717,2.830246,0.318976,-1.055623,-1.043205
201.467,3.949832,0.721268,0.237561,2.810266,0.319679,-1.129937,-1.039047
201.546,3.90998,0.7534,0.273821,2.79125,0.319991,-1.190773,-1.034702
201.625,3.867095,0.784948,0.309869,2.770069,0.320054,-1.250685,-1.029554
201.704,3.821211,0.815887,0.345676,2.746741,0.319869,-1.309628,-1.023608
201.783,3.772364,0.846193,0.381215,2.721281,0.319436,-1.367554,-1.016868
201.862,3.720591,0.875843,0.416458,2.693712,0.318756,-1.424421,-1.009339
201.942,3.665223,0.905176,0.451818,2.663665,0.317815,-1.480881,-1.000918
202.021,3.607686,0.933436,0.486384,2.631914,0.316637,-1.53548,-0.99182
202.1,3.547351,0.960972,0.520573,2.598123,0.315214,-1.588888,-0.981954
202.179,3.484266,0.987763,0.554357,2.562316,0.313547,-1.641064,-0.971325
202.258,3.418478,1.013788,0.587712,2.524522,0.311636,-1.691967,-0.959944
202.337,3.350039,1.039027,0.620611,2.484771,0.309484,-1.741559,-0.947818
202.416,3.279002,1.063459,0.653029,2.443092,0.307092,-1.789799,-0.934957
202.495,3.205422,1.087068,0.684941,2.399519,0.304462,-1.836652,-0.921371
202.575,3.128377,1.110115,0.716714,2.353498,0.301557,-1.882645,-0.906885
202.654,3.049854,1.132009,0.747532,2.306216,0.298454,-1.926595,-0.891872
202.733,2.968966,1.153024,0.77777,2.257145,0.295119,-1.969051,-0.876168
202.812,2.885775,1.173145,0.807404,2.206323,0.291555,-2.00998,-0.859784
202.891,2.800347,1.192357,0.836413,2.153791,0.287766,-2.04935,-0.842733
202.97,2.712746,1.210644,0.864773,2.099588,0.283753,-2.08713,-0.825028
203.049,2.623042,1.227991,0.892462,2.043757,0.27952,-2.123292,-0.806684
203.128,2.531304,1.244387,0.919459,1.986341,0.27507,-2.157807,-0.787715
203.208,2.436404,1.260007,0.946071,1.926628,0.270346,-2.191054,-0.767882
203.287,2.340788,1.274448,0.971612,1.866158,0.265471,-2.222176,-0.747698
203.366,2.243358,1.2879,0.996399,1.804241,0.26039,-2.251574,-0.726935
203.445,2.144187,1.300354,1.020414,1.740925,0.255106,-2.279225,-0.705607
203.524,2.043354,1.3118,1.043638,1.676258,0.249625,-2.30511,-0.683733
203.603,1.940936,1.322228,1.066052,1.610292,0.243951,-2.329206,-0.661328
203.682,1.837013,1.331631,1.087639,1.543077,0.238087,-2.351497,-0.63841
203.761,1.731665,1.340001,1.108383,1.474665,0.232038,-2.371963,-0.614997
203.841,1.623615,1.347417,1.128514,1.404221,0.22573,-2.390814,-0.590802
203.92,1.515649,1.35369,1.147512,1.333563,0.219324,-2.407564,-0.566448
203.999,1.406507,1.358913,1.16562,1.26187,0.212748,-2.422447,-0.541655
204.078,1.296274,1.363082,1.182824,1.189198,0.206007,-2.43545,-0.516442
204.157,1.185036,1.366194,1.199111,1.115604,0.199107,-2.446565,-0.490828
204.236,1.072879,1.368246,1.214468,1.041145,0.192052,-2.455783,-0.464834
204.315,0.95989,1.369237,1.228884,0.965879,0.184848,-2.463096,-0.438479
204.394,0.846157,1.369167,1.242346,0.889864,0.1775,-2.4685,-0.411784
204.474,0.730315,1.368013,1.254997,0.812183,0.16992,-2.47202,-0.384426
204.553,0.615352,1.365807,1.26651,0.734839,0.162301,-2.473567,-0.357109
204.632,0.499911,1.362541,1.277041,0.656925,0.154557,-2.473197,-0.329516
204.711,0.384082,1.358218,1.286581,0.578502,0.146693,-2.470908,-0.301667
204.79,0.267956,1.352842,1.295124,0.499631,0.138715,-2.466702,-0.273585
204.869,0.151621,1.346417,1.302663,0.420371,0.130629,-2.460584,-0.24529
204.948,0.03517,1.338947,1.309191,0.340786,0.122443,-2.452558,-0.216805
205.027,-0.08131,1.33044,1.314704,0.260937,0.114161,-2.442629,-0.188151
205.107,-0.199199,1.320773,1.319247,0.17987,0.105684,-2.430645,-0.158987
205.186,-0.315459,1.310196,1.322705,0.099677,0.097231,-2.416913,-0.130062
205.265,-0.431474,1.298603,1.325136,0.019406,0.088702,-2.401307,-0.101037
205.344,-0.547155,1.286003,1.32654,-0.06088,0.080104,-2.383839,-0.071934
205.423,-0.662412,1.272406,1.326915,-0.141119,0.071445,-2.364522,-0.042775
205.518,-0.800323,1.254749,1.326003,-0.237458,0.060958,-2.338865,-0.007668
205.597,-0.914331,1.238993,1.324113,-0.317373,0.052186,-2.315531,0.021534
205.676,-1.027629,1.222277,1.321195,-0.397042,0.043372,-2.290402,0.05072
205.755,-1.140131,1.204613,1.317253,-0.476404,0.034526,-2.263496,0.079866
205.834,-1.251748,1.186014,1.312289,-0.555395,0.025652,-2.234834,0.10895
205.913,-1.362394,1.166496,1.306308,-0.633957,0.016758,-2.20444,0.13795
205.993,-1.473364,1.145808,1.299218,-0.713011,0.007739,-2.171918,0.167208
206.072,-1.581797,1.124485,1.291203,-0.790521,-0.001174,-2.138108,0.19597
206.151,-1.689004,1.10229,1.282187,-0.867418,-0.010085,-2.10264,0.224579
206.23,-1.794901,1.07924,1.272177,-0.943642,-0.018989,-2.065541,0.253015
206.309,-1.899405,1.055354,1.261179,-1.019134,-0.027878,-2.026841,0.281254
206.388,-2.002437,1.030648,1.249204,-1.093836,-0.036746,-1.986568,0.309276
206.467,-2.103916,1.005144,1.23626,-1.16769,-0.045585,-1.944755,0.337057
206.546,-2.203763,0.97886,1.222357,-1.240638,-0.054389,-1.901434,0.364577
206.626,-2.303132,0.951469,1.207313,-1.313529,-0.063261,-1.856061,0.392157
206.705,-2.399462,0.923679,1.191514,-1.384483,-0.071973,-1.809808,0.419086
206.784,-2.493931,0.895172,1.174791,-1.454364,-0.080629,-1.76215,0.445691
206.863,-2.586466,0.865971,1.157156,-1.523118,-0.089223,-1.713126,0.471949
206.942,-2.676995,0.836098,1.138625,-1.59069,-0.097747,-1.662774,0.497842
207.021,-2.765448,0.805577,1.11921,-1.657028,-0.106195,-1.611132,0.523349
207.1,-2.851756,0.774431,1.098928,-1.722081,-0.114562,-1.55824,0.548449
207.179,-2.935853,0.742684,1.077793,-1.785799,-0.122839,-1.504141,0.573125
207.259,-3.018694,0.709949,1.055539,-1.848912,-0.131124,-1.448167,0.59766
207.338,-3.098143,0.677069,1.03274,-1.909793,-0.139203,-1.391763,0.621421
207.417,-3.17519,0.643664,1.009139,-1.969193,-0.147174,-1.33428,0.644701
207.496,-3.249775,0.60976,0.984756,-2.027066,-0.155032,-1.275762,0.667481
207.575,-3.321839,0.575382,0.959609,-2.083367,-0.162768,-1.216254,0.689743
207.654,-3.391327,0.540559,0.933718,-2.138052,-0.170379,-1.155804,0.71147
207.733,-3.458185,0.505316,0.907103,-2.191079,-0.177857,-1.094457,0.732646
207.812,-3.522361,0.469682,0.879784,-2.242407,-0.185198,-1.032261,0.753253
207.892,-3.584566,0.433225,0.851425,-2.292613,-0.192485,-0.968462,0.773526
207.971,-3.643196,0.396886,0.822755,-2.340401,-0.199531,-0.904705,0.792942
208.05,-3.699,0.360238,0.793447,-2.386375,-0.206422,-0.840246,0.811743
208.129,-3.751936,0.323312,0.763524,-2.430498,-0.213153,-0.775136,0.829914
208.208,-3.801962,0.286135,0.733009,-2.472736,-0.219719,-0.709424,0.847442
208.287,-3.849039,0.248736,0.701925,-2.513056,-0.226114,-0.643162,0.864312
208.366,-3.893132,0.211144,0.670297,-2.551427,-0.232334,-0.576402,0.880512
208.445,-3.934205,0.173388,0.638149,-2.58782,-0.238373,-0.509194,0.89603
208.525,-3.972689,0.135018,0.60509,-2.622628,-0.244301,-0.440734,0.911035
208.604,-4.007591,0.097021,0.571972,-2.654955,-0.249964,-0.372785,0.925142
208.683,-4.039386,0.05895,0.53841,-2.685222,-0.255433,-0.304547,0.938532
208.762,-4.068048,0.020832,0.504431,-2.713407,-0.260705,-0.236072,0.951194
208.841,-4.093555,-0.017301,0.47006,-2.739488,-0.265773,-0.167415,0.963118
208.92,-4.115887,-0.055421,0.435325,-2.763444,-0.270636,-0.098628,0.974295
208.999,-4.135028,-0.093498,0.400253,-2.785257,-0.275289,-0.029764,0.984716
209.078,-4.150962,-0.131503,0.36487,-2.80491,-0.279729,0.039122,0.994374
209.158,-4.163816,-0.169884,0.32875,-2.822595,-0.284003,0.10885,1.003368
209.237,-4.173261,-0.207654,0.292826,-2.837856,-0.288003,0.177621,1.011467
209.316,-4.179469,-0.245262,0.256675,-2.850916,-0.291779,0.246254,1.018782
209.395,-4.182436,-0.28268,0.220324,-2.861766,-0.295328,0.314697,1.025306
209.474,-4.182159,-0.319879,0.183803,-2.870396,-0.298649,0.382895,1.031035
209.569,-4.177532,-0.364281,0.139698,-2.877825,-0.302336,0.464508,1.036865
209.648,-4.170115,-0.400896,0.102901,-2.881546,-0.305143,0.531983,1.040828
209.727,-4.159465,-0.437199,0.066023,-2.883032,-0.307714,0.599045,1.043984
209.806,-4.145589,-0.473164,0.029095,-2.882282,-0.310046,0.665643,1.04633
209.885,-4.128498,-0.508762,-0.007857,-2.879296,-0.312138,0.731724,1.047865
209.964,-4.108205,-0.543965,-0.044802,-2.874078,-0.313988,0.797238,1.048587
210.044,-4.084408,-0.579183,-0.082179,-2.866523,-0.315613,0.862951,1.04849
210.123,-4.057722,-0.61351,-0.119025,-2.856824,-0.316971,0.927169,1.047575
210.202,-4.027888,-0.647361,-0.155779,-2.844911,-0.318084,0.990668,1.045848
210.281,-3.994931,-0.68071,-0.192412,-2.830791,-0.31895,1.053399,1.04331
210.36,-3.958876,-0.71353,-0.228895,-2.814475,-0.319568,1.115313,1.039963
210.439,-3.91975,-0.745798,-0.265202,-2.795977,-0.319939,1.176362,1.03581
210.518,-3.877585,-0.777487,-0.301302,-2.775311,-0.320061,1.236499,1.030853
210.597,-3.832412,-0.808573,-0.337169,-2.752492,-0.319936,1.295676,1.025096
210.677,-3.783639,-0.839414,-0.373223,-2.727209,-0.319556,1.354579,1.018457
210.756,-3.732523,-0.869214,-0.408536,-2.700114,-0.318931,1.411689,1.011106
210.835,-3.678512,-0.89834,-0.443531,-2.670925,-0.318059,1.467703,1.002971
210.914,-3.621648,-0.926769,-0.478183,-2.639664,-0.31694,1.52258,0.994057
210.993,-3.561976,-0.954479,-0.512464,-2.606356,-0.315576,1.576275,0.984373
211.072,-3.499541,-0.98145,-0.546347,-2.571027,-0.313966,1.628749,0.973926
211.151,-3.434392,-1.007659,-0.579807,-2.533705,-0.312114,1.679959,0.962723
211.23,-3.36658,-1.033087,-0.612817,-2.494417,-0.310019,1.729866,0.950774
211.31,-3.295249,-1.05802,-0.64576,-2.45266,-0.307652,1.779038,0.937922
211.389,-3.222238,-1.081815,-0.677788,-2.409512,-0.305076,1.826206,0.924498
211.468,-3.146728,-1.104772,-0.70929,-2.364494,-0.302262,1.871959,0.910358
211.547,-3.068777,-1.126872,-0.740242,-2.317643,-0.299214,1.91626,0.895512
211.626,-2.988447,-1.148098,-0.77062,-2.268995,-0.295934,1.959074,0.879971
211.705,-2.905799,-1.168434,-0.800401,-2.218587,-0.292425,2.00037,0.863748
211.784,-2.820897,-1.187864,-0.82956,-2.166458,-0.288689,2.040114,0.846855
211.863,-2.733808,-1.206372,-0.858077,-2.11265,-0.284729,2.078276,0.829305
211.943,-2.643456,-1.224161,-0.886276,-2.05649,-0.280494,2.115278,0.810877
212.022,-2.552171,-1.240773,-0.913431,-1.999428,-0.276092,2.150167,0.792047
212.101,-2.458906,-1.256422,-0.939877,-1.940815,-0.271477,2.183389,0.772603
212.18,-2.363734,-1.271097,-0.965595,-1.880697,-0.266651,2.214917,0.75256
212.259,-2.266729,-1.284786,-0.990564,-1.81912,-0.261619,2.244728,0.731933
212.338,-2.167966,-1.297479,-1.014764,-1.756133,-0.256383,2.272798,0.710738
212.417,-2.067521,-1.309165,-1.038178,-1.691783,-0.250949,2.299105,0.688993
212.496,-1.965474,-1.319836,-1.060787,-1.626122,-0.24532,2.323629,0.666712
212.576,-1.860581,-1.3296,-1.082843,-1.558344,-0.239426,2.346627,0.643623
212.655,-1.755548,-1.338203,-1.103779,-1.490198,-0.233419,2.367507,0.620321
212.734,-1.649153,-1.345769,-1.123858,-1.420895,-0.22723,2.38655,0.596537
212.813,-1.541479,-1.352291,-1.143066,-1.350491,-0.220866,2.403743,0.572291
212.892,-1.432609,-1.357764,-1.161388,-1.27904,-0.21433,2.419071,0.5476
212.971,-1.322629,-1.362185,-1.178809,-1.206596,-0.207628,2.432524,0.522485
213.05,-1.211622,-1.365549,-1.195315,-1.133217,-0.200765,2.444089,0.496965
213.129,-1.099676,-1.367853,-1.210895,-1.058959,-0.193746,2.45376,0.47106
213.209,-0.985445,-1.369107,-1.225715,-0.982924,-0.186485,2.461614,0.444454
213.288,-0.871872,-1.369276,-1.239393,-0.907072,-0.17917,2.467448,0.417834
213.367,-0.757622,-1.368383,-1.25211,-0.830517,-0.171716,2.471369,0.39089
213.446,-0.642785,-1.366428,-1.263856,-0.753318,-0.164128,2.473373,0.363643
213.525,-0.52745,-1.363415,-1.274622,-0.675535,-0.156413,2.473459,0.336114
213.62,-0.388222,-1.35839,-1.286258,-0.58131,-0.146976,2.471022,0.302666
213.699,-0.272105,-1.353052,-1.294836,-0.502453,-0.139002,2.466885,0.274591
213.778,-0.155776,-1.346664,-1.302411,-0.423206,-0.13092,2.460835,0.246303
213.857,-0.039327,-1.339232,-1.308975,-0.343632,-0.122736,2.452877,0.217824
213.936,0.077153,-1.330761,-1.314524,-0.26379,-0.114458,2.443016,0.189177
214.015,0.193573,-1.321258,-1.319054,-0.183745,-0.106091,2.431261,0.160382
214.095,0.311313,-1.310591,-1.322599,-0.102541,-0.097534,2.417436,0.131097
214.174,0.427339,-1.299034,-1.325067,-0.022272,-0.089008,2.401896,0.102075
214.253,0.543033,-1.28647,-1.326508,0.058015,-0.080412,2.384494,0.072974
214.332,0.658307,-1.272908,-1.326919,0.138256,-0.071755,2.365243,0.043816
214.411,0.773069,-1.258359,-1.326302,0.21839,-0.063042,2.344157,0.014625
214.49,0.887233,-1.242834,-1.324656,0.298355,-0.054279,2.321254,-0.014578
214.569,1.000708,-1.226346,-1.321983,0.378089,-0.045475,2.29655,-0.04377
214.648,1.113407,-1.208906,-1.318285,0.457529,-0.036636,2.270065,-0.072928
214.728,1.226652,-1.19029,-1.313498,0.537613,-0.027655,2.241451,-0.102397
214.807,1.337525,-1.170978,-1.307746,0.616277,-0.018766,2.211446,-0.131417
214.886,1.447361,-1.150757,-1.300979,0.694462,-0.009862,2.179725,-0.160336
214.965,1.556074,-1.129645,-1.293204,0.772109,-0.00095,2.146314,-0.189131
215.044,1.66358,-1.107656,-1.284426,0.849158,0.007963,2.111239,-0.217779
215.123,1.769797,-1.084808,-1.274651,0.925548,0.016869,2.074526,-0.246258
215.202,1.87464,-1.061119,-1.263888,1.00122,0.025763,2.036204,-0.274546
215.281,1.97803,-1.036607,-1.252145,1.076115,0.034636,1.996303,-0.302621
215.361,2.081165,-1.010965,-1.239264,1.151108,0.043594,1.95432,-0.330812
215.44,2.181387,-0.984855,-1.225576,1.224265,0.052406,1.911336,-0.358393
215.519,2.279918,-0.957982,-1.210939,1.296473,0.061178,1.866869,-0.385696
215.598,2.37668,-0.930365,-1.195362,1.367676,0.069902,1.820955,-0.4127
215.677,2.471599,-0.902027,-1.178858,1.437817,0.078572,1.773629,-0.439383
215.756,2.564601,-0.872989,-1.161439,1.506844,0.087181,1.724927,-0.465726
215.835,2.655614,-0.843274,-1.14312,1.574702,0.095723,1.674888,-0.491708
215.914,2.744568,-0.812905,-1.123915,1.641339,0.10419,1.623549,-0.517308
215.994,2.832479,-0.78151,-1.103578,1.707522,0.112682,1.570278,-0.542824
216.073,2.91708,-0.749897,-1.082634,1.771546,0.12098,1.516447,-0.567597
216.152,2.999419,-0.717702,-1.060851,1.834195,0.129184,1.46144,-0.59193
216.231,3.079432,-0.684951,-1.038244,1.895422,0.137288,1.4053,-0.615804
216.31,3.157057,-0.651668,-1.014833,1.95518,0.145286,1.348069,-0.6392
216.389,3.232233,-0.61788,-0.990635,2.01342,0.15317,1.289794,-0.662101
216.468,3.304903,-0.583613,-0.965668,2.0701,0.160936,1.230518,-0.684488
216.547,3.37501,-0.548894,-0.939952,2.125174,0.168578,1.170288,-0.706344
216.627,3.443337,-0.513301,-0.913169,2.179265,0.176182,1.10837,-0.727918
216.706,3.508122,-0.477752,-0.886007,2.23098,0.183555,1.046362,-0.748655
216.785,3.570187,-0.441833,-0.858158,2.280964,0.190784,0.983542,-0.768812
216.864,3.629483,-0.405571,-0.829643,2.32918,0.197866,0.919959,-0.788372
216.943,3.685965,-0.368995,-0.800486,2.375589,0.204795,0.855663,-0.80732
217.022,3.739588,-0.332133,-0.770707,2.420156,0.211564,0.790703,-0.825643
217.101,3.79031,-0.295013,-0.740331,2.462846,0.21817,0.72513,-0.843325
217.18,3.838094,-0.257664,-0.70938,2.503626,0.224606,0.658995,-0.860353
217.26,3.883448,-0.219639,-0.677477,2.542944,0.230946,0.591502,-0.876917
217.339,3.925206,-0.181917,-0.645445,2.579786,0.237027,0.52439,-0.89259
217.418,3.963919,-0.144055,-0.612911,2.614626,0.242924,0.456872,-0.90757
217.497,3.999558,-0.106081,-0.579903,2.64744,0.248633,0.389,-0.921846
217.576,4.032095,-0.068025,-0.546444,2.6782,0.254148,0.320826,-0.935408
217.671,4.067079,-0.022193,-0.50565,2.712437,0.26052,0.23852,-0.950754
217.75,4.092699,0.01594,-0.471293,2.738593,0.265596,0.169868,-0.962705
217.829,4.115145,0.054061,-0.436571,2.762626,0.270466,0.101085,-0.973909
217.908,4.1344,0.09214,-0.40151,2.784515,0.275127,0.032223,-0.984357
217.987,4.150448,0.130148,-0.366138,2.804246,0.279574,-0.036664,-0.994043
218.066,4.163278,0.168055,-0.330481,2.821801,0.283804,-0.105522,-1.002957
218.146,4.17298,0.206308,-0.294112,2.837349,0.287864,-0.175168,-1.011192
218.225,4.179303,0.243923,-0.257969,2.850488,0.291648,-0.243808,-1.018534
218.304,4.182386,0.281348,-0.221625,2.861416,0.295206,-0.312258,-1.025087
218.383,4.182225,0.318556,-0.185109,2.870126,0.298535,-0.380466,-1.030844
218.462,4.178821,0.355516,-0.14845,2.876609,0.301632,-0.448379,-1.035802
218.541,4.172176,0.3922,-0.111675,2.880862,0.304496,-0.515944,-1.039957
218.62,4.162295,0.428581,-0.074814,2.88288,0.307123,-0.583109,-1.043306
218.699,4.149187,0.464628,-0.037895,2.882663,0.309512,-0.649822,-1.045845
218.779,4.132633,0.500765,-0.000479,2.880165,0.311687,-0.716866,-1.04759
218.858,4.113061,0.53606,0.03647,2.87545,0.313592,-0.782512,-1.048495
218.937,4.090299,0.570939,0.073391,2.868505,0.315253,-0.847552,-1.048588
219.016,4.064365,0.605375,0.110255,2.859336,0.31667,-0.911934,-1.047867
219.095,4.03528,0.639341,0.147033,2.847949,0.317841,-0.975609,-1.046333
219.174,4.003064,0.672812,0.183697,2.834354,0.318766,-1.038527,-1.043989
219.253,3.967744,0.705761,0.220219,2.818561,0.319443,-1.10064,-1.040834
219.332,3.929348,0.738163,0.25657,2.800581,0.319873,-1.1619,-1.036872
219.412,3.88736,0.770391,0.293178,2.780161,0.320055,-1.223016,-1.032041
219.491,3.842862,0.801615,0.3291,2.757826,0.319986,-1.282414,-1.026465
219.57,3.795385,0.832218,0.364767,2.733353,0.319668,-1.340818,-1.020092
219.649,3.744964,0.862175,0.400151,2.706759,0.319102,-1.398182,-1.012929
219.728,3.691639,0.891464,0.435225,2.678067,0.318289,-1.454461,-1.004979
219.807,3.635451,0.920061,0.469961,2.647298,0.317229,-1.509612,-0.996251
219.886,3.576444,0.947944,0.504332,2.614475,0.315923,-1.563593,-0.98675
219.965,3.514663,0.975093,0.538313,2.579626,0.314372,-1.616361,-0.976484
220.045,3.449322,1.001815,0.572298,2.542296,0.312553,-1.66852,-0.965316
220.124,3.382106,1.02742,0.605411,2.503449,0.310512,-1.718724,-0.953534
220.203,3.312267,1.052229,0.638056,2.46266,0.308231,-1.767596,-0.941013
220.282,3.23986,1.076222,0.670205,2.419962,0.305711,-1.815097,-0.927762
220.361,3.16494,1.09938,0.701835,2.375386,0.302954,-1.86119,-0.913791
220.44,3.087565,1.121686,0.73292,2.328969,0.299962,-1.90584,-0.899112
220.519,3.007796,1.143122,0.763437,2.280745,0.296737,-1.949012,-0.883735
220.598,2.925695,1.163671,0.793362,2.230753,0.293282,-1.990672,-0.867674
220.678,2.840242,1.183561,0.823038,2.178365,0.289551,-2.031286,-0.850723
220.757,2.75364,1.202278,0.851702,2.124932,0.285641,-2.069807,-0.83332
220.836,2.664903,1.220063,0.879705,2.06985,0.28151,-2.106724,-0.815271
220.915,2.574099,1.236902,0.907025,2.013164,0.27716,-2.142006,-0.796589
220.994,2.481299,1.252782,0.933642,1.954916,0.272596,-2.175627,-0.77729
221.073,2.386575,1.26769,0.959536,1.895152,0.26782,-2.207561,-0.757388
221.152,2.29,1.281615,0.984685,1.833919,0.262836,-2.237783,-0.736899
221.231,2.191649,1.294546,1.00907,1.771263,0.257649,-2.26627,-0.715838
221.311,2.090321,1.306617,1.032966,1.706415,0.252192,-2.293326,-0.693945
221.39,1.988628,1.317518,1.055758,1.641045,0.246606,-2.318254,-0.671784
221.469,1.885393,1.327398,1.077731,1.574402,0.24083,-2.341384,-0.649102
221.548,1.780696,1.336247,1.098868,1.506539,0.234866,-2.362699,-0.625916
221.627,1.674618,1.344061,1.119153,1.437507,0.228721,-2.382181,-0.602246
221.722,1.545343,1.352076,1.142396,1.353022,0.221096,-2.403161,-0.573164
221.801,1.436514,1.357587,1.160749,1.281607,0.214566,-2.418556,-0.548489
221.88,1.326572,1.362045,1.178202,1.209198,0.20787,-2.432076,-0.523389
221.959,1.215601,1.365447,1.194742,1.135851,0.201013,-2.443709,-0.497883
222.038,1.103687,1.367789,1.210355,1.061624,0.193999,-2.453447,-0.471991
222.117,0.990917,1.369072,1.225029,0.986573,0.186836,-2.461283,-0.445733
222.197,0.875937,1.369288,1.238921,0.909792,0.179434,-2.467273,-0.41879
222.276,0.761711,1.368433,1.251673,0.833261,0.171984,-2.471262,-0.391857
222.355,0.646893,1.366516,1.263453,0.756084,0.164401,-2.473334,-0.36462
222.434,0.531574,1.36354,1.274254,0.67832,0.156691,-2.473489,-0.337101
222.513,0.415843,1.359507,1.284067,0.600031,0.148859,-2.471725,-0.30932
222.592,0.299789,1.354419,1.292884,0.521276,0.140911,-2.468045,-0.281299
222.671,0.183503,1.348281,1.300698,0.442117,0.132855,-2.46245,-0.25306
222.75,0.067074,1.341097,1.307503,0.362615,0.124695,-2.454946,-0.224625
222.83,-0.050881,1.332762,1.313362,0.28182,0.116333,-2.445406,-0.195652
222.909,-0.167322,1.323492,1.318122,0.201815,0.107986,-2.434078,-0.166889
222.988,-0.283634,1.313195,1.32186,0.121653,0.099554,-2.420861,-0.137996
223.067,-0.399725,1.301879,1.324572,0.041398,0.091045,-2.405768,-0.108997
223.146,-0.515507,1.289554,1.326258,-0.03889,0.082466,-2.388808,-0.079912
223.225,-0.630889,1.276229,1.326915,-0.119148,0.073822,-2.369996,-0.050766
223.304,-0.745781,1.261914,1.326543,-0.199314,0.065122,-2.349346,-0.021581
223.383,-0.860095,1.246621,1.325142,-0.279324,0.056371,-2.326874,0.007622
223.463,-0.975176,1.230149,1.322676,-0.360127,0.047464,-2.302279,0.037187
223.542,-1.088058,1.212922,1.319208,-0.439639,0.038632,-2.276194,0.066355
223.621,-1.200096,1.194755,1.314718,-0.51881,0.02977,-2.248344,0.095471
223.7,-1.311204,1.175661,1.309208,-0.597578,0.020885,-2.21875,0.124512
223.779,-1.421294,1.155656,1.302683,-0.675883,0.011984,-2.187436,0.153458
223.858,-1.530282,1.134754,1.295147,-0.753664,0.003073,-2.154425,0.182284
223.937,-1.638084,1.112973,1.286607,-0.830861,-0.00584,-2.119744,0.210969
224.016,-1.744615,1.090328,1.27707,-0.907413,-0.014748,-2.083419,0.23949
224.096,-1.851115,1.066535,1.266402,-0.984216,-0.023758,-2.044987,0.268183
224.175,-1.95484,1.042207,1.254879,-1.059292,-0.032637,-2.00544,0.296308
224.254,-2.057049,1.017071,1.242383,-1.133546,-0.04149,-1.964337,0.324203
224.333,-2.157663,0.991145,1.228924,-1.206922,-0.050311,-1.921711,0.351847
224.412,-2.256603,0.964452,1.214511,-1.279361,-0.059093,-1.877595,0.379218
224.491,-2.353793,0.93701,1.199157,-1.350808,-0.067829,-1.832022,0.406295
224.57,-2.449158,0.908842,1.182873,-1.421207,-0.076512,-1.785029,0.433057
224.649,-2.542623,0.879969,1.165671,-1.490504,-0.085136,-1.736652,0.459483
224.729,-2.635262,0.850035,1.14733,-1.559501,-0.093802,-1.68629,0.48588
224.808,-2.724687,0.819811,1.128324,-1.626418,-0.102287,-1.635241,0.511568
224.887,-2.811998,0.788952,1.108442,-1.692073,-0.110692,-1.582924,0.53686
224.966,-2.897129,0.757481,1.0877,-1.756417,-0.119012,-1.529379,0.561735
225.045,-2.980013,0.725423,1.066115,-1.819398,-0.127239,-1.474648,0.586174
225.124,-3.060586,0.692802,1.043703,-1.880968,-0.135367,-1.418774,0.610159
225.203,-3.138785,0.659644,1.020482,-1.94108,-0.14339,-1.3618,0.633671
225.282,-3.21455,0.625974,0.99647,-1.999686,-0.151303,-1.303769,0.656691
225.362,-3.288733,0.591383,0.971366,-2.057454,-0.159195,-1.243973,0.679484
225.441,-3.359423,0.556763,0.945817,-2.112894,-0.166865,-1.183954,0.701461
225.52,-3.427507,0.521712,0.919535,-2.166695,-0.174406,-1.123017,0.722895
225.599,-3.492934,0.486255,0.89254,-2.218816,-0.181811,-1.061209,0.743767
225.678,-3.555651,0.450422,0.864853,-2.269216,-0.189075,-0.998578,0.764063
225.773,-3.627415,0.406871,0.830672,-2.32749,-0.197616,-0.922241,0.787684
225.852,-3.683998,0.370306,0.801537,-2.373964,-0.20455,-0.857969,0.806655
225.931,-3.737723,0.333453,0.77178,-2.418598,-0.211325,-0.793032,0.825
226.01,-3.78855,0.296342,0.741425,-2.461355,-0.217937,-0.72748,0.842705
226.089,-3.836439,0.259,0.710494,-2.502204,-0.224379,-0.661364,0.859757
226.168,-3.881353,0.221458,0.679013,-2.541112,-0.230648,-0.594735,0.876142
226.248,-3.923767,0.183266,0.646597,-2.578505,-0.236813,-0.526793,0.892042
226.327,-3.96259,0.145409,0.614081,-2.613418,-0.242717,-0.459289,0.907047
226.406,-3.998339,0.107438,0.581089,-2.646304,-0.248432,-0.391428,0.921349
226.485,-4.030987,0.069384,0.547646,-2.677137,-0.253955,-0.323264,0.934936
226.564,-4.06051,0.031276,0.513778,-2.705895,-0.259281,-0.254849,0.947798
226.643,-4.086883,-0.006856,0.479512,-2.732554,-0.264405,-0.186237,0.959925
226.722,-4.110087,-0.044982,0.444874,-2.757094,-0.269325,-0.11748,0.971308
226.801,-4.130103,-0.083074,0.409892,-2.779496,-0.274036,-0.048632,0.981937
226.881,-4.147109,-0.121583,0.374142,-2.799985,-0.27859,0.021126,0.991925
226.96,-4.160666,-0.159515,0.338547,-2.818032,-0.282869,0.089995,1.001014
227.039,-4.170996,-0.197323,0.30269,-2.833894,-0.286929,0.158795,1.009327
227.118,-4.178091,-0.234978,0.266598,-2.847558,-0.290767,0.227471,1.016856
227.197,-4.181946,-0.272451,0.230299,-2.859014,-0.294379,0.295972,1.023598
227.276,-4.182558,-0.309713,0.193822,-2.868253,-0.297763,0.364242,1.029545
227.355,-4.179926,-0.346735,0.157194,-2.875267,-0.300915,0.43223,1.034694
227.434,-4.174053,-0.383488,0.120445,-2.880051,-0.303835,0.499883,1.039041
227.514,-4.164806,-0.420402,0.083135,-2.88262,-0.306551,0.567997,1.042621
227.593,-4.152425,-0.456528,0.046226,-2.882907,-0.308994,0.634816,1.045343
227.672,-4.136823,-0.492299,0.009282,-2.880959,-0.311198,0.701144,1.047254
227.751,-4.118013,-0.527689,-0.02767,-2.876776,-0.31316,0.766927,1.048353
227.83,-4.09601,-0.562669,-0.0646,-2.870362,-0.314879,0.832116,1.04864
227.909,-4.07083,-0.597213,-0.10148,-2.861722,-0.316355,0.896659,1.048112
227.988,-4.042493,-0.631294,-0.138281,-2.850863,-0.317584,0.960507,1.046772
228.067,-4.011021,-0.664885,-0.174975,-2.837793,-0.318568,1.02361,1.044621
228.147,-3.975981,-0.698376,-0.211995,-2.822314,-0.319312,1.086703,1.041616
228.226,-3.938276,-0.730903,-0.248387,-2.804827,-0.319798,1.148159,1.037836
228.305,-3.897516,-0.762863,-0.284586,-2.785164,-0.320035,1.208724,1.033251
228.384,-3.853734,-0.794232,-0.320565,-2.763342,-0.320025,1.268353,1.027865
228.463,-3.806964,-0.824985,-0.356295,-2.739376,-0.319766,1.326997,1.021682
228.542,-3.757241,-0.855098,-0.391749,-2.713286,-0.319259,1.384613,1.014707
228.621,-3.704604,-0.884548,-0.426899,-2.685092,-0.318505,1.441155,1.006944
228.7,-3.649094,-0.913312,-0.461718,-2.654815,-0.317504,1.496579,0.998401
228.78,-3.589998,-0.941718,-0.496612,-2.622057,-0.316239,1.551521,0.98896
228.859,-3.528838,-0.969035,-0.530683,-2.587662,-0.314743,1.604567,0.978866
228.938,-3.464942,-0.995599,-0.564343,-2.551261,-0.313003,1.656368,0.968012
229.017,-3.398359,-1.021392,-0.597565,-2.51288,-0.31102,1.706884,0.956408
229.096,-3.32914,-1.046392,-0.630323,-2.472551,-0.308796,1.756077,0.944062
229.175,-3.257339,-1.070581,-0.662592,-2.430305,-0.306333,1.803907,0.930984
229.254,-3.183012,-1.09394,-0.694348,-2.386174,-0.303632,1.850339,0.917184
229.333,-3.106217,-1.116451,-0.725565,-2.340192,-0.300696,1.895336,0.902673
229.413,-3.025995,-1.138364,-0.756604,-2.291779,-0.297484,1.939404,0.887264
229.492,-2.944414,-1.159114,-0.786665,-2.242182,-0.294081,1.981408,0.871356
229.571,-2.86055,-1.178966,-0.816115,-2.190846,-0.29045,2.021876,0.854772
229.65,-2.774467,-1.197903,-0.844932,-2.137812,-0.286593,2.060775,0.837525
229.729,-2.686232,-1.215912,-0.873095,-2.083119,-0.282514,2.098077,0.819628
229.824,-2.577375,-1.236318,-0.906062,-2.015214,-0.277319,2.140775,0.797267
229.903,-2.484645,-1.252232,-0.932705,-1.957022,-0.272762,2.174456,0.77799
229.982,-2.389988,-1.267175,-0.958624,-1.897311,-0.267994,2.206451,0.758109
230.061,-2.293478,-1.281135,-0.9838,-1.836129,-0.263018,2.236734,0.73764
230.14,-2.195189,-1.294101,-1.008213,-1.773523,-0.257837,2.265283,0.716599
230.219,-2.095197,-1.306065,-1.031844,-1.709542,-0.252457,2.292076,0.695003
230.299,-1.992285,-1.317147,-1.054959,-1.6434,-0.246809,2.317395,0.672584
230.378,-1.889103,-1.327063,-1.076961,-1.576802,-0.241039,2.34059,0.64992
230.457,-1.784457,-1.335949,-1.098128,-1.508981,-0.235082,2.36197,0.626752
230.536,-1.678427,-1.3438,-1.118444,-1.43999,-0.228943,2.381517,0.603099
230.615,-1.571095,-1.350608,-1.137892,-1.369882,-0.222626,2.399218,0.578977
230.694,-1.462544,-1.35637,-1.156458,-1.298712,-0.216137,2.415059,0.554406
230.773,-1.35286,-1.361079,-1.174127,-1.226535,-0.20948,2.429026,0.529406
230.852,-1.242126,-1.364732,-1.190886,-1.153406,-0.20266,2.44111,0.503995
230.932,-1.129009,-1.367354,-1.206915,-1.078441,-0.195595,2.451417,0.477864
231.011,-1.016425,-1.368875,-1.221802,-1.00357,-0.188464,2.459682,0.451686
231.09,-0.903052,-1.369335,-1.235741,-0.927922,-0.181188,2.46604,0.425159
231.169,-0.788979,-1.368733,-1.248723,-0.851554,-0.173771,2.470485,0.398301
231.248,-0.674294,-1.367069,-1.260735,-0.774525,-0.166219,2.473015,0.371135
231.327,-0.559087,-1.364345,-1.271771,-0.696896,-0.158539,2.473626,0.343681
231.406,-0.443445,-1.360564,-1.281819,-0.618726,-0.150735,2.472319,0.31596
231.485,-0.32746,-1.355727,-1.290874,-0.540076,-0.142815,2.469095,0.287995
231.565,-0.209748,-1.349757,-1.299023,-0.460004,-0.134681,2.463879,0.259448
231.644,-0.093344,-1.342808,-1.306057,-0.380574,-0.126544,2.456805,0.231055
231.723,0.023133,-1.334819,-1.312077,-0.300849,-0.118309,2.447826,0.202483
231.802,0.139592,-1.325794,-1.31708,-0.220891,-0.109982,2.436948,0.173754
231.881,0.255942,-1.31574,-1.321062,-0.140761,-0.10157,2.424181,0.14489
231.96,0.372094,-1.304667,-1.324019,-0.060522,-0.093079,2.409533,0.115913
232.039,0.487958,-1.292581,-1.325949,0.019764,-0.084516,2.393017,0.086847
232.118,0.603443,-1.279494,-1.326852,0.100035,-0.075887,2.374645,0.057714
232.198,0.719913,-1.265229,-1.326716,0.181242,-0.067089,2.354164,0.028166
232.277,0.834365,-1.250155,-1.325547,0.261293,-0.058349,2.332101,-0.001034
232.356,0.94817,-1.234112,-1.323351,0.341142,-0.049563,2.30823,-0.030234
232.435,1.06124,-1.217112,-1.320127,0.420726,-0.040739,2.282569,-0.05941
232.514,1.173487,-1.199167,-1.31588,0.499984,-0.031884,2.255138,-0.08854
232.593,1.284824,-1.180293,-1.310613,0.578853,-0.023003,2.225957,-0.117602
232.672,1.395165,-1.160504,-1.304329,0.657274,-0.014105,2.195051,-0.146572
232.751,1.504423,-1.139814,-1.297034,0.735186,-0.005196,2.162442,-0.175429
232.831,1.613876,-1.117962,-1.288621,0.813502,0.00383,2.127711,-0.204512
232.91,1.7207,-1.09551,-1.279308,0.890204,0.01274,2.091754,-0.233072
232.989,1.826191,-1.072209,-1.269002,0.966217,0.02164,2.054175,-0.261451
233.068,1.930265,-1.048076,-1.257713,1.04148,0.030523,2.015003,-0.289628
233.147,2.032842,-1.023131,-1.245448,1.115935,0.039383,1.974268,-0.31758
233.226,2.133843,-0.997392,-1.232217,1.189525,0.048213,1.932002,-0.345286
233.321,2.253101,-0.965418,-1.215042,1.276792,0.05878,1.879195,-0.378246
233.4,2.350355,-0.938002,-1.199721,1.348275,0.067518,1.833674,-0.405334
233.479,2.445787,-0.909859,-1.18347,1.418713,0.076203,1.786731,-0.432107
233.558,2.539321,-0.881011,-1.166301,1.488051,0.08483,1.738402,-0.458546
233.637,2.630886,-0.851479,-1.148227,1.556234,0.09339,1.688725,-0.484628
233.717,2.721531,-0.820901,-1.129017,1.624051,0.101985,1.637085,-0.510658
233.796,2.808919,-0.790064,-1.109166,1.689752,0.110394,1.584812,-0.535964
233.875,2.894129,-0.758615,-1.088455,1.754143,0.118716,1.531311,-0.560854
233.954,2.977094,-0.726577,-1.0669,1.817174,0.126947,1.476622,-0.58531
234.033,3.05775,-0.693976,-1.044517,1.878796,0.135079,1.420788,-0.609311
234.112,3.136035,-0.660836,-1.021325,1.93896,0.143106,1.363852,-0.63284
234.191,3.211888,-0.627184,-0.99734,1.997621,0.151022,1.305858,-0.655878
234.27,3.28525,-0.593046,-0.972582,2.054732,0.158821,1.246851,-0.678408
234.35,3.356944,-0.558007,-0.946742,2.110943,0.166594,1.186113,-0.700686
234.429,3.425123,-0.52297,-0.920486,2.164803,0.174139,1.125208,-0.722139
234.508,3.490645,-0.487528,-0.893516,2.216985,0.181549,1.06343,-0.743032
234.587,3.55346,-0.451707,-0.865853,2.267447,0.188818,1.000827,-0.763349
234.666,3.613519,-0.415537,-0.837519,2.316151,0.195941,0.937448,-0.783074
234.745,3.670776,-0.379044,-0.808535,2.363059,0.202912,0.873343,-0.802192
234.824,3.725186,-0.342257,-0.778924,2.408134,0.209726,0.80856,-0.820687
234.903,3.776707,-0.305204,-0.748709,2.451341,0.216377,0.74315,-0.838546
234.983,3.825896,-0.267442,-0.71752,2.493158,0.222941,0.676324,-0.855969
235.062,3.871484,-0.229943,-0.686161,2.532507,0.229249,0.609806,-0.872505
235.141,3.914069,-0.192265,-0.65427,2.569892,0.23538,0.542816,-0.888365
235.22,3.953619,-0.154438,-0.621871,2.605284,0.241327,0.475404,-0.903536
235.299,3.990103,-0.116492,-0.58899,2.638655,0.247088,0.407623,-0.918006
235.378,4.023493,-0.078455,-0.555652,2.66998,0.252657,0.339527,-0.931765
235.457,4.053762,-0.040358,-0.521883,2.699234,0.25803,0.271167,-0.9448
235.536,4.080887,-0.002229,-0.48771,2.726395,0.263203,0.202597,-0.957104
235.616,4.105131,0.036384,-0.452719,2.751745,0.268233,0.132999,-0.968806
235.695,4.125868,0.074487,-0.417811,2.774631,0.272992,0.064167,-0.979606
235.774,4.143405,0.112531,-0.38258,2.795364,0.277538,-0.004715,-0.989646
235.853,4.157729,0.150488,-0.347052,2.813931,0.281869,-0.073593,-0.998919
235.932,4.168828,0.188329,-0.311254,2.830314,0.285982,-0.142414,-1.007417
236.011,4.176694,0.226023,-0.275216,2.844503,0.289873,-0.211125,-1.015134
236.09,4.181322,0.263543,-0.238964,2.856486,0.293539,-0.279672,-1.022064
236.169,4.182706,0.300857,-0.202526,2.866253,0.296977,-0.348002,-1.028201
236.249,4.180803,0.338407,-0.165468,2.873879,0.300225,-0.416922,-1.033603
236.328,4.17566,0.375222,-0.128743,2.879167,0.303197,-0.484655,-1.03813
236.407,4.16728,0.411747,-0.091919,2.882222,0.305934,-0.552012,-1.041853
236.486,4.155667,0.447953,-0.055023,2.883042,0.308434,-0.618941,-1.044768
236.565,4.140831,0.483811,-0.018085,2.881626,0.310695,-0.68539,-1.046873
236.644,4.122785,0.519294,0.018868,2.877975,0.312715,-0.751308,-1.048165
236.723,4.101541,0.554374,0.055805,2.872092,0.314492,-0.816643,-1.048645
236.802,4.077116,0.589025,0.0927,2.863982,0.316025,-0.881344,-1.048312
236.882,4.04916,0.623648,0.129988,2.853506,0.317328,-0.946168,-1.047146
236.961,4.018393,0.657352,0.166709,2.840933,0.318368,-1.009444,-1.045177
237.04,3.98451,0.690546,0.2033,2.826158,0.31916,-1.071936,-1.042398
237.119,3.947536,0.723205,0.239734,2.809191,0.319705,-1.133597,-1.03881
237.198,3.907502,0.755302,0.275982,2.790045,0.320001,-1.19438,-1.034416
237.277,3.864437,0.786814,0.312016,2.768735,0.32005,-1.254235,-1.029221
237.356,3.818375,0.817716,0.347807,2.745279,0.31985,-1.313118,-1.023227
237.435,3.769352,0.847984,0.38333,2.719693,0.319403,-1.370983,-1.01644
237.515,3.716729,0.877964,0.418998,2.691634,0.318697,-1.428497,-1.008763
237.594,3.661864,0.906885,0.453894,2.661825,0.317751,-1.484177,-1.000396
237.673,3.604158,0.935102,0.488438,2.629952,0.316559,-1.538706,-0.991252
237.752,3.543658,0.962595,0.522603,2.596039,0.315122,-1.592041,-0.98134
237.831,3.480409,0.98934,0.556363,2.560113,0.31344,-1.644142,-0.970666
237.926,3.400781,1.020485,0.596387,2.514284,0.311095,-1.705104,-0.956835
238.005,3.331655,1.045514,0.629162,2.474024,0.30888,-1.754344,-0.944515
238.084,3.259946,1.069732,0.661449,2.431845,0.306425,-1.802224,-0.931463
238.163,3.185708,1.093121,0.693224,2.387781,0.303732,-1.848706,-0.917689
238.242,3.109,1.115662,0.724461,2.341864,0.300804,-1.893755,-0.903203
238.321,3.029881,1.137338,0.755136,2.294132,0.297643,-1.937335,-0.888016
238.401,2.947366,1.158389,0.785602,2.243982,0.294206,-1.979935,-0.871935
238.48,2.863582,1.178273,0.815075,2.192708,0.290583,-2.020458,-0.855375
238.559,2.777577,1.197243,0.843915,2.139734,0.286735,-2.059414,-0.838152
238.638,2.689418,1.215285,0.872101,2.085099,0.282664,-2.096773,-0.820278
238.717,2.599173,1.232385,0.899611,2.028848,0.278373,-2.132506,-0.801769
238.796,2.506913,1.248528,0.926423,1.971024,0.273867,-2.166585,-0.782637
238.875,2.412709,1.263704,0.952516,1.911671,0.269149,-2.198983,-0.762899
238.954,2.316633,1.277899,0.977871,1.850835,0.264222,-2.229677,-0.742569
239.034,2.217511,1.291264,1.002774,1.787767,0.259023,-2.258996,-0.721395
239.113,2.117897,1.303454,1.026583,1.724092,0.253688,-2.286187,-0.699922
239.192,2.01664,1.314634,1.049596,1.659079,0.248155,-2.311604,-0.677907
239.271,1.91382,1.324794,1.071795,1.59278,0.242431,-2.335229,-0.655366
239.35,1.809515,1.333926,1.093163,1.525246,0.236518,-2.357042,-0.632316
239.429,1.703807,1.342024,1.113683,1.456529,0.230422,-2.377028,-0.608777
239.508,1.596777,1.349081,1.133339,1.386682,0.224147,-2.39517,-0.584765
239.587,1.48851,1.355092,1.152116,1.31576,0.217698,-2.411455,-0.560299
239.667,1.377695,1.360109,1.170221,1.242901,0.210996,-2.42604,-0.535082
239.746,1.267191,1.364001,1.187186,1.169982,0.204213,-2.438549,-0.509761
239.825,1.155703,1.366835,1.20323,1.096156,0.197271,-2.449167,-0.484046
239.904,1.04332,1.368609,1.218341,1.021479,0.190176,-2.457886,-0.457955
239.983,0.930127,1.369322,1.232507,0.946011,0.182934,-2.464699,-0.431509
240.062,0.816213,1.368973,1.245718,0.869808,0.17555,-2.4696,-0.404728
240.141,0.701666,1.367562,1.257962,0.792932,0.16803,-2.472586,-0.377634
240.22,0.586575,1.36509,1.269231,0.71544,0.16038,-2.473655,-0.350246
240.3,0.469563,1.361509,1.279639,0.636402,0.152506,-2.472782,-0.322235
240.379,0.353648,1.35691,1.288919,0.557856,0.144611,-2.46999,-0.294323
240.458,0.237458,1.351258,1.297199,0.478876,0.136604,-2.465282,-0.266183
240.537,0.121084,1.344558,1.304473,0.399526,0.128492,-2.458663,-0.237836
240.616,0.004617,1.336816,1.310735,0.319865,0.120279,-2.450137,-0.209304
240.695,-0.111855,1.328037,1.315981,0.239956,0.111974,-2.439711,-0.180611
240.774,-0.228239,1.318228,1.320206,0.159862,0.103581,-2.427393,-0.151777
240.853,-0.344447,1.307397,1.323408,0.079643,0.095108,-2.413192,-0.122825
240.933,-0.461853,1.295395,1.325604,-0.001654,0.086453,-2.396905,-0.09341
241.012,-0.577431,1.282533,1.326738,-0.081933,0.077839,-2.37895,-0.06429
241.091,-0.692562,1.268676,1.326843,-0.162149,0.069164,-2.359151,-0.03512
241.17,-0.807155,1.253835,1.325919,-0.242239,0.060435,-2.337522,-0.005923
241.249,-0.921123,1.238021,1.323967,-0.322142,0.05166,-2.31408,0.023279
241.328,-1.034376,1.221248,1.320988,-0.401794,0.042845,-2.288843,0.052463
241.407,-1.146827,1.203527,1.316985,-0.481135,0.033996,-2.261832,0.081606
241.486,-1.258388,1.184873,1.31196,-0.560103,0.025121,-2.233066,0.110686
241.566,-1.370367,1.165047,1.305835,-0.639628,0.016114,-2.202172,0.140047
241.645,-1.479877,1.144559,1.298767,-0.717659,0.007206,-2.169945,0.168931
241.724,-1.58824,1.123183,1.290693,-0.795134,-0.001706,-2.136035,0.197684
241.803,-1.69537,1.100937,1.281617,-0.871993,-0.010618,-2.100469,0.226284
241.882,-1.801186,1.077836,1.271547,-0.948175,-0.019521,-2.063273,0.254708
241.977,-1.926576,1.048952,1.258133,-1.038807,-0.030207,-2.016428,0.288626
242.056,-2.029208,1.024035,1.245902,-1.113292,-0.039068,-1.975749,0.316587
242.135,-2.130266,0.998324,1.232706,-1.186914,-0.047898,-1.933537,0.344301
242.214,-2.229673,0.971839,1.218553,-1.259615,-0.056691,-1.889825,0.371749
242.293,-2.32735,0.9446,1.203456,-1.331339,-0.065441,-1.844648,0.398909
242.372,-2.423222,0.916629,1.187425,-1.402031,-0.074139,-1.798041,0.425759
242.452,-2.518392,0.887579,1.170253,-1.472509,-0.082889,-1.749422,0.452612
242.531,-2.610408,0.858199,1.152382,-1.540958,-0.091465,-1.700046,0.478777
242.61,-2.700399,0.828154,1.133617,-1.608211,-0.099971,-1.649352,0.50457
242.689,-2.788296,0.797467,1.113974,-1.674218,-0.108398,-1.597378,0.529973
242.768,-2.874031,0.766161,1.093466,-1.738925,-0.116742,-1.544166,0.554964
242.847,-2.957537,0.734261,1.072111,-1.802285,-0.124995,-1.489756,0.579524
242.926,-3.038749,0.701792,1.049924,-1.864246,-0.133151,-1.43419,0.603636
243.005,-3.117604,0.668778,1.026922,-1.924762,-0.141204,-1.377513,0.627279
243.085,-3.194994,0.634818,1.002818,-1.984523,-0.149247,-1.319029,0.650725
243.164,-3.268923,0.600787,0.978233,-2.041988,-0.157073,-1.260247,0.673371
243.243,-3.340317,0.56629,0.952889,-2.097869,-0.164777,-1.200488,0.695495
243.322,-3.40912,0.531354,0.926806,-2.152123,-0.172354,-1.139798,0.717079
243.401,-3.47528,0.496006,0.900005,-2.204708,-0.179796,-1.078223,0.738107
243.48,-3.538744,0.460273,0.872505,-2.255584,-0.1871,-1.015813,0.758562
243.559,-3.599464,0.424184,0.844329,-2.30471,-0.194258,-0.952614,0.77843
243.638,-3.657393,0.387765,0.815497,-2.352049,-0.201266,-0.888677,0.797693
243.718,-3.713164,0.350579,0.785657,-2.398128,-0.208203,-0.823229,0.81657
243.797,-3.76534,0.313584,0.755576,-2.44176,-0.214891,-0.757956,0.834574
243.876,-3.814597,0.276346,0.72491,-2.483498,-0.221413,-0.692095,0.851931
243.955,-3.860895,0.238893,0.693681,-2.52331,-0.227762,-0.625697,0.868627
244.034,-3.904198,0.201255,0.661914,-2.561166,-0.233936,-0.558815,0.884649
244.113,-3.944474,0.163462,0.629634,-2.597035,-0.239927,-0.491498,0.899985
244.192,-3.981691,0.125541,0.596865,-2.63089,-0.245733,-0.423801,0.914623
244.271,-4.015821,0.087523,0.563634,-2.662704,-0.251348,-0.355775,0.928552
244.351,-4.047208,0.048955,0.529537,-2.692817,-0.256835,-0.286607,0.941924
244.43,-4.075044,0.010831,0.495452,-2.720452,-0.262054,-0.21808,0.954393
244.509,-4.099721,-0.027302,0.460984,-2.745978,-0.267069,-0.149383,0.966122
244.588,-4.121217,-0.065414,0.426157,-2.769373,-0.271877,-0.080571,0.977102
244.667,-4.139518,-0.103475,0.391001,-2.790621,-0.276474,-0.011696,0.987324
244.746,-4.154608,-0.141456,0.355541,-2.809705,-0.280857,0.057188,0.99678
244.825,-4.166477,-0.179327,0.319805,-2.82661,-0.285022,0.126028,1.005463
244.904,-4.175114,-0.217058,0.283822,-2.841323,-0.288966,0.194769,1.013367
244.984,-4.180561,-0.255096,0.247158,-2.853976,-0.292732,0.264227,1.02057
245.063,-4.182677,-0.29246,0.21076,-2.864244,-0.296222,0.332611,1.026886
245.142,-4.18155,-0.329596,0.174199,-2.872291,-0.299482,0.400737,1.032406
245.221,-4.177179,-0.366477,0.137502,-2.87811,-0.30251,0.468551,1.037125
245.3,-4.16957,-0.403074,0.100699,-2.881697,-0.305304,0.536003,1.04104
245.379,-4.158726,-0.439358,0.063817,-2.88305,-0.30786,0.603039,1.044147
245.458,-4.144657,-0.475302,0.026887,-2.882166,-0.310178,0.669607,1.046445
245.537,-4.127375,-0.510877,-0.010065,-2.879047,-0.312255,0.735656,1.047931
245.617,-4.106611,-0.546498,-0.047476,-2.873614,-0.314112,0.801959,1.048608
245.696,-4.082902,-0.581248,-0.084383,-2.866006,-0.315701,0.866808,1.048458
245.775,-4.056027,-0.615547,-0.121224,-2.856175,-0.317045,0.930985,1.047495
245.854,-4.026006,-0.649368,-0.157972,-2.844129,-0.318142,0.994439,1.04572
245.933,-3.992863,-0.682686,-0.194597,-2.829877,-0.318994,1.057123,1.043133
246.028,-3.948909,-0.722049,-0.238437,-2.809834,-0.319689,1.131411,1.038952
246.107,-3.908983,-0.754167,-0.274692,-2.790766,-0.319995,1.192226,1.034587
246.186,-3.866026,-0.7857,-0.310733,-2.769533,-0.320052,1.252115,1.02942
246.265,-3.82007,-0.816624,-0.346534,-2.746153,-0.319862,1.311034,1.023455
246.344,-3.771152,-0.846915,-0.382067,-2.720643,-0.319423,1.368936,1.016696
246.423,-3.719309,-0.876549,-0.417303,-2.693022,-0.318736,1.425776,1.009148
246.503,-3.663871,-0.905865,-0.452655,-2.662925,-0.317789,1.482209,1.000708
246.582,-3.606266,-0.934108,-0.487212,-2.631125,-0.316606,1.53678,0.991592
246.661,-3.545865,-0.961626,-0.521391,-2.597284,-0.315177,1.590159,0.981707
246.74,-3.482713,-0.988399,-0.555165,-2.56143,-0.313504,1.642305,0.97106
246.819,-3.416861,-1.014405,-0.58851,-2.523588,-0.311587,1.693177,0.959661
246.898,-3.348359,-1.039624,-0.621397,-2.48379,-0.309429,1.742736,0.947517
246.977,-3.27726,-1.064037,-0.653803,-2.442066,-0.307031,1.790943,0.934639
247.056,-3.20362,-1.087625,-0.685702,-2.398447,-0.304395,1.837762,0.921035
247.136,-3.126515,-1.110652,-0.717463,-2.352382,-0.301485,1.883721,0.906532
247.215,-3.047935,-1.132525,-0.748267,-2.305056,-0.298376,1.927635,0.891502
247.294,-2.96699,-1.153519,-0.77849,-2.255942,-0.295036,1.970054,0.875781
247.373,-2.883745,-1.173619,-0.80811,-2.205079,-0.291467,2.010946,0.859381
247.452,-2.798263,-1.192808,-0.837103,-2.152505,-0.287672,2.050278,0.842314
247.531,-2.710611,-1.211072,-0.865447,-2.098263,-0.283653,2.08802,0.824594
247.61,-2.620857,-1.228397,-0.89312,-2.042393,-0.279415,2.124142,0.806235
247.689,-2.529071,-1.24477,-0.9201,-1.984939,-0.27496,2.158618,0.78725
247.769,-2.434124,-1.260366,-0.946694,-1.92519,-0.270232,2.191823,0.767403
247.848,-2.338464,-1.274783,-0.972217,-1.864685,-0.265351,2.222904,0.747205
247.927,-2.24099,-1.288212,-0.996987,-1.802733,-0.260265,2.25226,0.726428
248.006,-2.141779,-1.300642,-1.020983,-1.739384,-0.254977,2.279869,0.705087
248.085,-2.040907,-1.312063,-1.044187,-1.674685,-0.249491,2.305711,0.6832
248.164,-1.938451,-1.322466,-1.066581,-1.608688,-0.243812,2.329764,0.660782
248.243,-1.834493,-1.331844,-1.088149,-1.541444,-0.237943,2.352011,0.637852
248.322,-1.729112,-1.340189,-1.108872,-1.473003,-0.23189,2.372433,0.614428
248.402,-1.621031,-1.347581,-1.128981,-1.402533,-0.225578,2.391239,0.590221
248.481,-1.513035,-1.353828,-1.147958,-1.331849,-0.219168,2.407944,0.565857
248.56,-1.403866,-1.359026,-1.166045,-1.260132,-0.212588,2.422782,0.541053
248.639,-1.293608,-1.363169,-1.183227,-1.187437,-0.205843,2.43574,0.51583
248.718,-1.182347,-1.366256,-1.199492,-1.113822,-0.198939,2.44681,0.490207
248.797,-1.070169,-1.368283,-1.214826,-1.039343,-0.19188,2.455982,0.464204
248.876,-0.957161,-1.369248,-1.229219,-0.964058,-0.184673,2.463249,0.43784
248.955,-0.843411,-1.369152,-1.242658,-0.888025,-0.177322,2.468606,0.411137
249.035,-0.727554,-1.367973,-1.255285,-0.810328,-0.169738,2.47208,0.383772
249.114,-0.612578,-1.36574,-1.266775,-0.73297,-0.162116,2.473581,0.356448
249.193,-0.497127,-1.362449,-1.277282,-0.655043,-0.154369,2.473164,0.328849
249.272,-0.38129,-1.358101,-1.286799,-0.576609,-0.146502,2.470829,0.300994
249.351,-0.265157,-1.3527,-1.295317,-0.497727,-0.138522,2.466578,0.272906
249.43,-0.148819,-1.346249,-1.302832,-0.418459,-0.130434,2.460413,0.244606
249.509,-0.032366,-1.338755,-1.309335,-0.338867,-0.122244,2.452341,0.216117
249.588,0.084113,-1.330222,-1.314824,-0.259012,-0.11396,2.442367,0.18746
249.668,0.201999,-1.32053,-1.319343,-0.177941,-0.105481,2.430336,0.158292
249.747,0.318255,-1.309929,-1.322775,-0.097745,-0.097026,2.416559,0.129365
249.826,0.434263,-1.298312,-1.325182,-0.017473,-0.088496,2.400908,0.100338
249.905,0.549935,-1.285688,-1.326561,0.062812,-0.079897,2.383395,0.071233
249.984,0.66518,-1.272067,-1.326911,0.143049,-0.071236,2.364034,0.042072
250.079,0.803076,-1.254381,-1.32597,0.239384,-0.060748,2.338325,0.006965
250.158,0.917067,-1.238602,-1.324054,0.319294,-0.051974,2.314948,-0.022237
250.237,1.030347,-1.221863,-1.321112,0.398956,-0.04316,2.289775,-0.051422
250.316,1.142828,-1.204176,-1.317145,0.47831,-0.034312,2.262826,-0.080567
250.395,1.254423,-1.185555,-1.312157,0.557292,-0.025438,2.234123,-0.10965
250.474,1.365045,-1.166015,-1.306151,0.635842,-0.016544,2.203687,-0.138647
250.554,1.475988,-1.145305,-1.299037,0.714883,-0.007525,2.171124,-0.167902
250.633,1.584393,-1.123961,-1.290998,0.792379,0.001388,2.137274,-0.19666
250.712,1.691569,-1.101745,-1.281958,0.869261,0.0103,2.101766,-0.225266
250.791,1.797433,-1.078675,-1.271923,0.945468,0.019203,2.064628,-0.253697
250.87,1.901903,-1.054768,-1.260903,1.020942,0.028092,2.02589,-0.281931
250.949,2.004898,-1.030044,-1.248904,1.095624,0.036959,1.98558,-0.309947
251.028,2.106339,-1.00452,-1.235937,1.169457,0.045798,1.94373,-0.337722
251.107,2.206146,-0.978217,-1.222011,1.242382,0.0546,1.900373,-0.365236
251.187,2.305472,-0.950809,-1.206943,1.315249,0.063471,1.854965,-0.392809
251.266,2.401758,-0.923001,-1.191122,1.386178,0.072182,1.808677,-0.419731
251.345,2.496181,-0.894477,-1.174377,1.456033,0.080837,1.760986,-0.446327
251.424,2.588669,-0.865259,-1.156721,1.524758,0.089429,1.71193,-0.472577
251.503,2.679149,-0.835371,-1.138168,1.592301,0.097951,1.661546,-0.498461
251.582,2.767551,-0.804834,-1.118732,1.658609,0.106398,1.609873,-0.523958
251.661,2.853807,-0.773674,-1.098429,1.723631,0.114762,1.556952,-0.549049
251.74,2.937849,-0.741913,-1.077274,1.787316,0.123037,1.502824,-0.573713
251.82,3.020634,-0.709164,-1.055,1.850395,0.13132,1.446823,-0.598237
251.899,3.100026,-0.676271,-1.032181,1.911241,0.139396,1.390392,-0.621987
251.978,3.177015,-0.642854,-1.008561,1.970604,0.147365,1.332883,-0.645255
252.057,3.251539,-0.608937,-0.98416,2.02844,0.155219,1.274341,-0.668023
252.136,3.323542,-0.574549,-0.958995,2.084703,0.162953,1.21481,-0.690272
252.215,3.392968,-0.539715,-0.933086,2.139348,0.170561,1.154337,-0.711987
252.294,3.459762,-0.504463,-0.906453,2.192335,0.178036,1.092969,-0.733149
252.373,3.523873,-0.468819,-0.879118,2.243622,0.185373,1.030754,-0.753742
252.453,3.58601,-0.432354,-0.850742,2.293784,0.192656,0.966936,-0.774
252.532,3.644572,-0.396007,-0.822057,2.341529,0.199699,0.903161,-0.793402
252.611,3.700308,-0.359353,-0.792734,2.387459,0.206586,0.838686,-0.812187
252.69,3.753174,-0.32242,-0.762796,2.431537,0.213313,0.773561,-0.830343
252.769,3.80313,-0.285237,-0.732267,2.473729,0.219874,0.707835,-0.847855
252.848,3.850136,-0.247833,-0.70117,2.514003,0.226266,0.641561,-0.86471
252.927,3.894156,-0.210237,-0.669529,2.552327,0.232481,0.574789,-0.880894
253.006,3.935156,-0.172478,-0.637369,2.588672,0.238517,0.507571,-0.896395
253.086,3.973565,-0.134104,-0.604298,2.62343,0.24444,0.439102,-0.911383
253.165,4.008393,-0.096106,-0.571169,2.655708,0.250098,0.371145,-0.925473
253.244,4.040113,-0.058033,-0.537597,2.685925,0.255563,0.302901,-0.938845
253.323,4.068699,-0.019915,-0.503608,2.71406,0.260829,0.234422,-0.951489
253.402,4.09413,0.018219,-0.469228,2.740089,0.265893,0.165761,-0.963395
253.481,4.116386,0.056338,-0.434485,2.763994,0.270751,0.096971,-0.974554
253.56,4.135449,0.094414,-0.399404,2.785755,0.275399,0.028106,-0.984958
253.639,4.151306,0.132417,-0.364014,2.805356,0.279833,-0.04078,-0.994597
253.734,4.166109,0.177977,-0.321085,2.826044,0.284877,-0.123572,-1.005167
253.829,4.17624,0.223338,-0.277796,2.843563,0.289603,-0.206225,-1.014609
253.924,4.181688,0.268449,-0.234195,2.857893,0.294003,-0.288647,-1.022914
254.003,4.182647,0.305734,-0.197735,2.86737,0.297411,-0.356945,-1.028946
254.098,4.179505,0.350255,-0.153691,2.87582,0.301204,-0.438703,-1.035144
254.192,4.171783,0.393921,-0.109941,2.881007,0.304625,-0.519118,-1.040133
254.287,4.159325,0.437612,-0.065602,2.883036,0.307742,-0.599808,-1.044016
254.382,4.142202,0.480812,-0.02119,2.881831,0.310514,-0.679826,-1.046727
254.461,4.124425,0.516327,0.015762,2.878368,0.312554,-0.74579,-1.048088
254.54,4.103449,0.551442,0.052702,2.872672,0.314352,-0.811176,-1.048636
254.619,4.079291,0.58613,0.089602,2.864749,0.315906,-0.875932,-1.048371
254.698,4.051969,0.620363,0.126431,2.854604,0.317215,-0.94001,-1.047293
254.793,4.014954,0.66089,0.170588,2.839474,0.318463,-1.016095,-1.044921
254.872,3.980743,0.694028,0.207164,2.824466,0.319229,-1.078502,-1.042056
254.951,3.943444,0.726629,0.243579,2.807267,0.319748,-1.140072,-1.038383
255.03,3.903087,0.758666,0.279806,2.787892,0.320018,-1.200759,-1.033905
255.125,3.850551,0.79641,0.32308,2.76173,0.320015,-1.272499,-1.027458
255.22,3.793697,0.833261,0.365991,2.732472,0.319653,-1.342811,-1.019858
255.315,3.732588,0.869177,0.408492,2.700149,0.318932,-1.411618,-1.011116
255.394,3.678581,0.898304,0.443488,2.670962,0.31806,-1.467634,-1.002981
255.504,3.598639,0.937695,0.491638,2.626878,0.316436,-1.543726,-0.990361
255.599,3.525239,0.970582,0.53263,2.585624,0.31465,-1.607578,-0.978262
255.694,3.447886,1.002381,0.573024,2.54147,0.312511,-1.669628,-0.965067
255.851,3.311618,1.052452,0.638351,2.462279,0.308209,-1.768036,-0.940895
255.977,3.1949,1.090312,0.689375,2.393257,0.304074,-1.843111,-0.919408
256.072,3.102718,1.117439,0.726952,2.338088,0.300558,-1.897319,-0.902006
256.166,3.008082,1.143048,0.76333,2.280919,0.296748,-1.948862,-0.883791
256.277,2.892086,1.171669,0.805206,2.21019,0.29183,-2.006967,-0.861034
256.372,2.789287,1.194742,0.840069,2.146966,0.287266,-2.05426,-0.840509
256.451,2.701414,1.21291,0.868344,2.092553,0.283225,-2.091836,-0.822723
256.53,2.611446,1.230137,0.895946,2.036517,0.278964,-2.127789,-0.804298
256.609,2.519453,1.24641,0.922853,1.978901,0.274487,-2.162092,-0.785249
256.688,2.425506,1.261717,0.949045,1.919752,0.269797,-2.194719,-0.765592
256.767,2.329678,1.276045,0.9745,1.859113,0.264897,-2.225643,-0.745341
256.846,2.232044,1.289383,0.9992,1.797032,0.259793,-2.254842,-0.724511
256.925,2.132678,1.301721,1.023125,1.733558,0.254486,-2.282292,-0.70312
257.005,2.03037,1.313187,1.046544,1.667911,0.248912,-2.308285,-0.680903
257.084,1.927755,1.323485,1.068853,1.601782,0.243213,-2.332152,-0.658431
257.163,1.823646,1.332756,1.090334,1.534411,0.237325,-2.35421,-0.635449
257.242,1.718122,1.340994,1.110969,1.46585,0.231253,-2.374443,-0.611975
257.321,1.611265,1.348192,1.130742,1.396153,0.225002,-2.392835,-0.588025
257.4,1.50316,1.354344,1.149639,1.325372,0.218577,-2.40937,-0.56362
257.495,1.371623,1.360351,1.171181,1.2389,0.210626,-2.426779,-0.533695
257.574,1.261062,1.364185,1.188095,1.16593,0.203834,-2.439184,-0.508352
257.653,1.149522,1.36696,1.204088,1.092055,0.196883,-2.449698,-0.482615
257.732,1.037092,1.368676,1.219148,1.017334,0.18978,-2.458312,-0.456504
257.811,0.923857,1.36933,1.233262,0.941823,0.18253,-2.465019,-0.430039
257.891,0.808459,1.36891,1.246579,0.864613,0.175044,-2.469863,-0.402899
257.97,0.693872,1.367428,1.258758,0.787692,0.167515,-2.472719,-0.375784
258.049,0.578747,1.364884,1.26996,0.710161,0.159856,-2.473658,-0.348378
258.128,0.463174,1.361282,1.280177,0.632079,0.152073,-2.472678,-0.320701
258.207,0.347241,1.356625,1.289402,0.553507,0.144172,-2.46978,-0.292776
258.286,0.231038,1.350915,1.297627,0.474505,0.136159,-2.464967,-0.264623
258.365,0.114657,1.344158,1.304845,0.395136,0.128041,-2.458242,-0.236265
258.444,-0.001813,1.336359,1.311051,0.31546,0.119823,-2.449611,-0.207724
258.524,-0.119756,1.327404,1.3163,0.234527,0.111407,-2.438935,-0.178658
258.603,-0.236132,1.317525,1.320456,0.154422,0.103009,-2.426489,-0.149816
258.682,-0.352324,1.306625,1.323588,0.074197,0.094531,-2.412161,-0.120857
258.761,-0.468243,1.294712,1.325693,-0.006086,0.085979,-2.395962,-0.091805
258.84,-0.583799,1.281794,1.326771,-0.086363,0.077361,-2.377905,-0.062681
258.919,-0.698902,1.267882,1.326819,-0.166574,0.068683,-2.358004,-0.033509
258.998,-0.813463,1.252987,1.325838,-0.246655,0.059952,-2.336275,-0.004311
259.077,-0.927394,1.23712,1.323829,-0.326546,0.051174,-2.312733,0.024891
259.157,-1.042033,1.220075,1.320749,-0.407189,0.042245,-2.287066,0.054442
259.236,-1.154426,1.202291,1.316676,-0.486506,0.033394,-2.259935,0.083582
259.315,-1.265924,1.183574,1.311582,-0.565447,0.024518,-2.231051,0.112657
259.394,-1.376441,1.163939,1.305471,-0.643948,0.015622,-2.200437,0.141644
259.473,-1.485889,1.143402,1.298348,-0.721951,0.006715,-2.168117,0.170522
259.552,-1.594186,1.121978,1.290218,-0.799393,-0.002198,-2.134115,0.199267
259.631,-1.701246,1.099684,1.281087,-0.876216,-0.01111,-2.098458,0.227858
259.71,-1.806987,1.076537,1.270962,-0.952359,-0.020012,-2.061173,0.256272
259.79,-1.912638,1.052246,1.259705,-1.028713,-0.029012,-2.021788,0.284843
259.869,-2.015476,1.027437,1.247606,-1.10331,-0.037876,-1.981317,0.312835
259.948,-2.116751,1.001832,1.234539,-1.177051,-0.046711,-1.93931,0.340584
260.027,-2.216384,0.97545,1.220515,-1.249879,-0.05551,-1.895798,0.368069
260.106,-2.314299,0.948312,1.205544,-1.321739,-0.064265,-1.850817,0.395269
260.201,-2.42966,0.914704,1.186304,-1.406789,-0.074728,-1.794827,0.427569
260.28,-2.523523,0.885975,1.16929,-1.476318,-0.083365,-1.746732,0.454066
260.359,-2.615429,0.856558,1.151369,-1.544702,-0.091937,-1.697282,0.480211
260.438,-2.705306,0.826477,1.132556,-1.611888,-0.100438,-1.646516,0.505983
260.517,-2.793086,0.795755,1.112864,-1.677824,-0.108861,-1.594473,0.531363
260.596,-2.878699,0.764415,1.092309,-1.742458,-0.1172,-1.541193,0.556331
260.676,-2.963121,0.732076,1.070631,-1.806534,-0.125551,-1.486021,0.581175
260.77,-3.0593,0.693334,1.044073,-1.879983,-0.135236,-1.419687,0.609775
260.865,-3.15309,0.653407,1.016067,-1.952116,-0.144873,-1.351065,0.637998
260.944,-3.228395,0.619645,0.991909,-2.010437,-0.152764,-1.292842,0.660925
261.023,-3.301196,0.585402,0.966982,-2.067199,-0.160537,-1.233617,0.683339
261.102,-3.371437,0.550705,0.941305,-2.122357,-0.168184,-1.173435,0.705223
261.182,-3.439902,0.515134,0.914558,-2.176536,-0.175796,-1.111564,0.726827
261.261,-3.504828,0.479606,0.887433,-2.228339,-0.183176,-1.049599,0.747594
261.34,-3.567035,0.443705,0.859619,-2.278415,-0.190413,-0.98682,0.76778
261.419,-3.626476,0.407461,0.831139,-2.326723,-0.197503,-0.923276,0.787372
261.498,-3.683105,0.3709,0.802014,-2.373227,-0.204439,-0.859015,0.806353
261.577,-3.736877,0.334052,0.772267,-2.41789,-0.211217,-0.794088,0.824708
261.656,-3.787751,0.296944,0.741921,-2.460678,-0.217831,-0.728546,0.842424
261.735,-3.835688,0.259607,0.711,-2.501558,-0.224276,-0.662439,0.859486
261.815,-3.8812,0.221591,0.679125,-2.540979,-0.230626,-0.594971,0.876086
261.894,-3.923114,0.183878,0.647119,-2.577923,-0.236716,-0.527882,0.891794
261.988,-3.96902,0.138821,0.608384,-2.619276,-0.243723,-0.447526,0.909582
262.068,-4.004659,0.100352,0.57489,-2.652206,-0.249476,-0.378747,0.923935
262.147,-4.036727,0.062286,0.541366,-2.682654,-0.254962,-0.310532,0.937388
262.226,-4.065664,0.024171,0.507422,-2.711023,-0.260251,-0.242077,0.950114
262.305,-4.091448,-0.013962,0.473085,-2.737288,-0.265338,-0.173433,0.962103
262.384,-4.114059,-0.052084,0.438381,-2.761431,-0.270219,-0.104656,0.973346
262.463,-4.13348,-0.090166,0.403337,-2.783433,-0.27489,-0.035797,0.983834
262.542,-4.149695,-0.128178,0.36798,-2.803275,-0.279348,0.03309,0.993559
262.621,-4.162692,-0.166091,0.332337,-2.820944,-0.28359,0.101951,1.002514
262.701,-4.172563,-0.204352,0.295981,-2.836607,-0.287661,0.171603,1.010789
262.78,-4.179055,-0.241976,0.259849,-2.849861,-0.291457,0.240251,1.018173
262.859,-4.182306,-0.279412,0.223515,-2.860904,-0.295027,0.308712,1.024766
262.938,-4.182313,-0.316631,0.187007,-2.869729,-0.298368,0.376934,1.030565
263.017,-4.179077,-0.353605,0.150354,-2.876328,-0.301477,0.444864,1.035565
263.096,-4.1726,-0.390304,0.113585,-2.880696,-0.304353,0.512449,1.039762
263.175,-4.162887,-0.426701,0.076728,-2.882831,-0.306993,0.579636,1.043152
263.27,-4.146932,-0.470029,0.03233,-2.882437,-0.309852,0.659831,1.046157
263.349,-4.130122,-0.50566,-0.004621,-2.879647,-0.311965,0.725959,1.047763
263.428,-4.110109,-0.540898,-0.041567,-2.874624,-0.313836,0.791525,1.048557
263.507,-4.086909,-0.575718,-0.078482,-2.867372,-0.315463,0.856477,1.048537
263.587,-4.060185,-0.610523,-0.115802,-2.857762,-0.316862,0.921573,1.047688
263.666,-4.030626,-0.644416,-0.152565,-2.846042,-0.317996,0.985137,1.046032
263.745,-3.997941,-0.67781,-0.189209,-2.832115,-0.318884,1.047938,1.043565
263.824,-3.962156,-0.710678,-0.225707,-2.815991,-0.319524,1.109925,1.040289
263.903,-3.923298,-0.742995,-0.26203,-2.797684,-0.319916,1.171052,1.036206
263.982,-3.881398,-0.774736,-0.29815,-2.777207,-0.320061,1.23127,1.031319
264.061,-3.836487,-0.805876,-0.334038,-2.754576,-0.319957,1.290534,1.025632
264.14,-3.788601,-0.836391,-0.369667,-2.729809,-0.319605,1.348797,1.01915
264.22,-3.737115,-0.866631,-0.405456,-2.702571,-0.318995,1.406731,1.011781
264.299,-3.683356,-0.895817,-0.44048,-2.673564,-0.318145,1.462843,1.003714
264.378,-3.626741,-0.924308,-0.475163,-2.642484,-0.317048,1.517821,0.994869
264.457,-3.567312,-0.952082,-0.509477,-2.609354,-0.315705,1.571622,0.985252
264.536,-3.505118,-0.979118,-0.543396,-2.574201,-0.314117,1.624203,0.974871
264.615,-3.440205,-1.005395,-0.576894,-2.537052,-0.312285,1.675526,0.963734
264.694,-3.372624,-1.030892,-0.609945,-2.497935,-0.310212,1.725549,0.95185
264.773,-3.302427,-1.055589,-0.642522,-2.456881,-0.307898,1.774233,0.939227
264.853,-3.228732,-1.079765,-0.675004,-2.413365,-0.305311,1.822132,0.925703
264.932,-3.153439,-1.102796,-0.706553,-2.36851,-0.302518,1.86801,0.911625
265.011,-3.075699,-1.124972,-0.737554,-2.321818,-0.299491,1.912439,0.89684
265.09,-2.995575,-1.146275,-0.767984,-2.273326,-0.296231,1.955385,0.881359
265.169,-2.913127,-1.166689,-0.797817,-2.223071,-0.292741,1.996815,0.865195
265.248,-2.828421,-1.186199,-0.827032,-2.171091,-0.289025,2.036696,0.84836
265.327,-2.74152,-1.204788,-0.855606,-2.117428,-0.285084,2.074998,0.830867
265.406,-2.652494,-1.222444,-0.883516,-2.062122,-0.280923,2.11169,0.81273
265.486,-2.560245,-1.239356,-0.911081,-2.004487,-0.276486,2.147178,0.793721
265.565,-2.46715,-1.25509,-0.93759,-1.946008,-0.27189,2.180547,0.77433
265.644,-2.372142,-1.269851,-0.963372,-1.88602,-0.267082,2.212225,0.754339
265.723,-2.275295,-1.283627,-0.988408,-1.824569,-0.262068,2.242187,0.733762
265.802,-2.176683,-1.296407,-1.012676,-1.761703,-0.25685,2.27041,0.712617
265.881,-2.076382,-1.308182,-1.03616,-1.697471,-0.251433,2.296872,0.690918
265.96,-1.974472,-1.318943,-1.058839,-1.631923,-0.24582,2.321553,0.668684
266.039,-1.87103,-1.32868,-1.080698,-1.565109,-0.240018,2.344434,0.645932
266.119,-1.764801,-1.337491,-1.101979,-1.496212,-0.233952,2.365752,0.622381
266.198,-1.658522,-1.345148,-1.122134,-1.427009,-0.227779,2.384956,0.598638
266.277,-1.550956,-1.351762,-1.141419,-1.356699,-0.22143,2.402312,0.574432
266.356,-1.442188,-1.357327,-1.159819,-1.285337,-0.214909,2.417804,0.54978
266.435,-1.332302,-1.36184,-1.177319,-1.212978,-0.208221,2.431421,0.524701
266.514,-1.221382,-1.365296,-1.193907,-1.139679,-0.201372,2.443152,0.499216
266.593,-1.109515,-1.367694,-1.209568,-1.065495,-0.194367,2.452989,0.473343
266.672,-0.996787,-1.369031,-1.224291,-0.990485,-0.187211,2.460923,0.447103
266.752,-0.881845,-1.369303,-1.238233,-0.913744,-0.179816,2.467013,0.420178
266.831,-0.767652,-1.368503,-1.251035,-0.837248,-0.172374,2.471102,0.393262
266.91,-0.652863,-1.366642,-1.262866,-0.760103,-0.164798,2.473274,0.36604
266.989,-0.537568,-1.363721,-1.273718,-0.682368,-0.157094,2.473528,0.338535
267.068,-0.421855,-1.359742,-1.283582,-0.604104,-0.149268,2.471864,0.310767
267.147,-0.305816,-1.354709,-1.292451,-0.525372,-0.141326,2.468283,0.282758
267.226,-0.18954,-1.348625,-1.300317,-0.446232,-0.133275,2.462787,0.25453
267.305,-0.073116,-1.341495,-1.307175,-0.366746,-0.125121,2.455382,0.226104
267.385,0.044838,-1.333215,-1.313087,-0.285965,-0.116764,2.445942,0.19714
267.464,0.161284,-1.323998,-1.3179,-0.20597,-0.108421,2.434712,0.168384
267.543,0.277605,-1.313754,-1.321691,-0.125815,-0.099993,2.421593,0.139498
267.622,0.39371,-1.302491,-1.324457,-0.045562,-0.091488,2.406597,0.110503
267.701,0.50951,-1.290218,-1.326196,0.034725,-0.082913,2.389734,0.081423
267.78,0.624914,-1.276945,-1.326906,0.114986,-0.074272,2.371017,0.052279
267.859,0.739834,-1.262681,-1.326587,0.195158,-0.065575,2.350462,0.023095
267.938,0.854181,-1.247438,-1.32524,0.275178,-0.056826,2.328084,-0.006107
268.018,0.969299,-1.231016,-1.322828,0.355994,-0.047922,2.303583,-0.035673
268.097,1.082222,-1.213839,-1.319414,0.435522,-0.039091,2.277591,-0.064843
268.176,1.194306,-1.19572,-1.314976,0.514712,-0.030231,2.249832,-0.093962
268.255,1.305464,-1.176674,-1.309519,0.593503,-0.021346,2.220328,-0.123008
268.334,1.415609,-1.156716,-1.303046,0.671833,-0.012446,2.189103,-0.151959
268.413,1.524657,-1.13586,-1.295563,0.749643,-0.003535,2.156179,-0.180792
268.492,1.632522,-1.114124,-1.287075,0.826871,0.005378,2.121584,-0.209485
268.571,1.739121,-1.091524,-1.277589,0.903458,0.014287,2.085343,-0.238015
268.651,1.845695,-1.067775,-1.266973,0.9803,0.023297,2.046996,-0.266718
268.73,1.949496,-1.043489,-1.255501,1.055417,0.032176,2.00753,-0.294855
268.809,2.051785,-1.018394,-1.243055,1.129715,0.041031,1.966507,-0.322762
268.888,2.152484,-0.992509,-1.229646,1.203138,0.049854,1.923959,-0.35042
268.967,2.251513,-0.965855,-1.215282,1.275627,0.058638,1.87992,-0.377805
269.046,2.348795,-0.938452,-1.199976,1.347127,0.067377,1.834422,-0.404898
269.141,2.463362,-0.904536,-1.180339,1.431719,0.077815,1.777829,-0.43706
269.22,2.556535,-0.875559,-1.163001,1.500846,0.08643,1.729246,-0.463434
269.299,2.647726,-0.845903,-1.14476,1.568808,0.094978,1.679322,-0.489448
269.378,2.736863,-0.81559,-1.125632,1.635554,0.103452,1.628096,-0.515082
269.457,2.823877,-0.784645,-1.10563,1.701032,0.111845,1.575607,-0.540318
269.537,2.909761,-0.752688,-1.084502,1.765994,0.120257,1.521209,-0.565445
269.616,2.992301,-0.720544,-1.062791,1.828765,0.12847,1.466303,-0.589817
269.695,3.07252,-0.68784,-1.040256,1.890119,0.136583,1.41026,-0.613732
269.774,3.150356,-0.654603,-1.016915,1.950007,0.14459,1.353123,-0.637171
269.853,3.22575,-0.620859,-0.992785,2.008382,0.152485,1.294938,-0.660115
269.932,3.298641,-0.586632,-0.967884,2.0652,0.160261,1.235747,-0.682548
270.011,3.368975,-0.551951,-0.942234,2.120416,0.167914,1.175599,-0.704452
270.09,3.436695,-0.516842,-0.915852,2.173988,0.175436,1.114539,-0.725809
270.17,3.502557,-0.48088,-0.888413,2.22652,0.182915,1.051825,-0.746862
270.249,3.564862,-0.444993,-0.860623,2.276657,0.190157,0.989074,-0.76707
270.328,3.624403,-0.40876,-0.832166,2.32503,0.197252,0.925556,-0.786683
270.407,3.681132,-0.37221,-0.803064,2.371598,0.204194,0.86132,-0.805686
270.486,3.735007,-0.335371,-0.773339,2.416328,0.210978,0.796417,-0.824064
270.565,3.785986,-0.298273,-0.743014,2.459184,0.217598,0.730895,-0.841803
270.644,3.834028,-0.260943,-0.712113,2.500132,0.224049,0.664807,-0.858889
270.723,3.879097,-0.223411,-0.680659,2.539142,0.230327,0.598203,-0.875309
270.803,3.92167,-0.185227,-0.64827,2.576639,0.236502,0.530284,-0.891245
270.882,3.960651,-0.147376,-0.61578,2.611656,0.242415,0.4628,-0.906286
270.961,3.99656,-0.10941,-0.582811,2.644648,0.24814,0.394956,-0.920624
271.04,4.02937,-0.07136,-0.549391,2.675589,0.253673,0.326807,-0.934249
271.119,4.059055,-0.033254,-0.515545,2.704455,0.259009,0.258404,-0.947149
271.198,4.085593,0.004877,-0.481299,2.731223,0.264144,0.1898,-0.959314
271.277,4.108961,0.043005,-0.44668,2.755874,0.269075,0.121049,-0.970736
271.356,4.129144,0.0811,-0.411714,2.778387,0.273797,0.052205,-0.981404
271.436,4.146318,0.119612,-0.375981,2.798989,0.278362,-0.017552,-0.991433
271.515,4.160042,0.15755,-0.340401,2.817149,0.282652,-0.086424,-1.000562
271.594,4.170539,0.195365,-0.304556,2.833125,0.286724,-0.155228,-1.008915
271.673,4.177802,0.233029,-0.268476,2.846904,0.290573,-0.223913,-1.016485
271.752,4.181826,0.270512,-0.232187,2.858474,0.294197,-0.292423,-1.023267
271.831,4.182606,0.307786,-0.195718,2.867828,0.297593,-0.360707,-1.029256
271.91,4.180142,0.344821,-0.159098,2.874958,0.300758,-0.428711,-1.034447
271.989,4.174437,0.381588,-0.122354,2.879858,0.303689,-0.496382,-1.038835
272.069,4.16536,0.418519,-0.085048,2.882544,0.306418,-0.564518,-1.042458
272.148,4.153146,0.454662,-0.048142,2.882948,0.308874,-0.631362,-1.045222
272.227,4.137712,0.490453,-0.011199,2.881115,0.31109,-0.697716,-1.047175
272.306,4.119068,0.525863,0.025753,2.877048,0.313064,-0.763529,-1.048316
272.385,4.09723,0.560865,0.062685,2.870749,0.314796,-0.828749,-1.048645
272.464,4.072214,0.595432,0.099568,2.862225,0.316284,-0.893327,-1.04816
272.543,4.044041,0.629537,0.136374,2.851481,0.317527,-0.957213,-1.046862
272.622,4.012731,0.663155,0.173074,2.838525,0.318523,-1.020355,-1.044752
272.702,3.977853,0.696673,0.210102,2.823162,0.31928,-1.083491,-1.04179
272.781,3.940307,0.729229,0.246504,2.805788,0.319779,-1.144992,-1.038052
272.86,3.899706,0.76122,0.282714,2.786238,0.320029,-1.205605,-1.033509
272.939,3.85608,0.79262,0.318704,2.764527,0.320031,-1.265283,-1.028164
273.018,3.809463,0.823405,0.354448,2.740672,0.319786,-1.32398,-1.022022
273.097,3.759892,0.853552,0.389917,2.714691,0.319292,-1.38165,-1.015088
273.176,3.707405,0.883037,0.425083,2.686606,0.31855,-1.438248,-1.007366
273.255,3.652044,0.911837,0.45992,2.656436,0.317562,-1.493732,-0.998863
273.335,3.593095,0.940281,0.494834,2.623786,0.31631,-1.548736,-0.989463
273.414,3.532079,0.967636,0.528926,2.589496,0.314827,-1.601845,-0.979408
273.493,3.468323,0.99424,0.562607,2.553198,0.313099,-1.653712,-0.968594
273.572,3.401878,1.020073,0.595852,2.51492,0.311129,-1.704296,-0.957028
273.651,3.332795,1.045115,0.628635,2.474691,0.308918,-1.753558,-0.944721
273.73,3.261127,1.069347,0.660931,2.432543,0.306467,-1.80146,-0.93168
273.809,3.18693,1.092749,0.692714,2.388509,0.303778,-1.847965,-0.917917
273.888,3.110261,1.115304,0.723959,2.342622,0.300854,-1.893038,-0.903443
273.968,3.030164,1.137263,0.755028,2.294304,0.297655,-1.937184,-0.888071
274.047,2.948703,1.15806,0.78512,2.244798,0.294263,-1.979267,-0.872198
274.126,2.864956,1.177958,0.814603,2.193552,0.290644,-2.019815,-0.855649
274.205,2.778986,1.196944,0.843453,2.140604,0.286799,-2.058796,-0.838436
274.284,2.690862,1.215001,0.87165,2.085997,0.282731,-2.096181,-0.820573
274.379,2.582132,1.235466,0.90466,2.018191,0.27755,-2.138982,-0.79825
274.458,2.489504,1.25143,0.93134,1.960078,0.273004,-2.17275,-0.779005
274.537,2.394945,1.266423,0.957298,1.900445,0.268246,-2.204833,-0.759155
274.616,2.298529,1.280435,0.982512,1.839339,0.263281,-2.235206,-0.738716
274.695,2.20033,1.293453,1.006966,1.776805,0.258111,-2.263845,-0.717705
274.774,2.100425,1.305469,1.030638,1.712894,0.252741,-2.290729,-0.696137
274.854,1.997596,1.316604,1.053795,1.646821,0.247103,-2.316143,-0.673746
274.933,1.894493,1.326574,1.07584,1.580288,0.241343,-2.339431,-0.651108
275.012,1.78992,1.335514,1.097051,1.512529,0.235396,-2.360905,-0.627966
275.091,1.68396,1.343418,1.117411,1.443597,0.229266,-2.380549,-0.604337
275.17,1.576693,1.350281,1.136905,1.373546,0.222958,-2.398346,-0.58024
275.249,1.468204,1.356096,1.155517,1.30243,0.216478,-2.414283,-0.555692
275.328,1.358576,1.36086,1.173233,1.230303,0.209829,-2.428348,-0.530713
275.407,1.247895,1.364569,1.190039,1.157223,0.203018,-2.440529,-0.505323
275.487,1.134826,1.367246,1.206117,1.082303,0.19596,-2.450936,-0.479212
275.581,1.000825,1.369002,1.223782,0.993176,0.187469,-2.460673,-0.448046
275.676,0.864281,1.369249,1.24027,0.901994,0.178678,-2.467769,-0.416049
275.771,0.726769,1.367961,1.255367,0.809801,0.169686,-2.472097,-0.383586
275.85,0.611789,1.365721,1.26685,0.732438,0.162064,-2.473585,-0.35626
275.929,0.496335,1.362423,1.277351,0.654508,0.154316,-2.473154,-0.328659
276.008,0.380496,1.358067,1.28686,0.57607,0.146448,-2.470806,-0.300802
276.087,0.264361,1.352659,1.295372,0.497185,0.138467,-2.466542,-0.272713
276.166,0.148022,1.346201,1.30288,0.417915,0.130378,-2.460365,-0.244412
276.246,0.030093,1.338598,1.309452,0.337311,0.122084,-2.452165,-0.215559
276.325,-0.086385,1.330045,1.314921,0.257452,0.113798,-2.442153,-0.186899
276.404,-0.202796,1.320461,1.31937,0.177393,0.105424,-2.430248,-0.158094
276.483,-0.31905,1.309853,1.322795,0.097196,0.096968,-2.416459,-0.129166
276.562,-0.435057,1.298229,1.325195,0.016923,0.088437,-2.400795,-0.100139
276.641,-0.550726,1.285598,1.326567,-0.063362,0.079837,-2.383269,-0.071033
276.72,-0.665968,1.27197,1.32691,-0.143598,0.071176,-2.363895,-0.041873
276.799,-0.780694,1.257355,1.326224,-0.223723,0.062459,-2.342688,-0.012679
276.879,-0.896254,1.241562,1.324482,-0.304685,0.053583,-2.319361,0.016893
276.958,-1.009671,1.224998,1.321727,-0.384398,0.044776,-2.294515,0.046083
277.037,-1.122305,1.207483,1.317948,-0.463812,0.035934,-2.26789,0.075237
277.116,-1.234068,1.189032,1.313146,-0.542867,0.027064,-2.239507,0.104332
277.195,-1.344875,1.169659,1.307326,-0.6215,0.018173,-2.209386,0.133347
277.274,-1.454638,1.149379,1.300493,-0.699652,0.009268,-2.177552,0.162259
277.353,-1.563274,1.128207,1.29265,-0.777261,0.000356,-2.144029,0.191044
277.432,-1.670697,1.10616,1.283805,-0.854267,-0.008556,-2.108844,0.219681
277.512,-1.778159,1.082961,1.273834,-0.931573,-0.017575,-2.071546,0.248508
277.591,-1.88289,1.059206,1.262993,-1.007186,-0.026467,-2.033098,0.27678
277.67,-1.986161,1.034629,1.251173,-1.082017,-0.035338,-1.993073,0.304837
277.749,-2.087892,1.00925,1.238382,-1.156009,-0.044182,-1.951503,0.332658
277.828,-2.188004,0.983089,1.224631,-1.229105,-0.052992,-1.908419,0.360221
277.907,-2.286419,0.956165,1.20993,-1.301248,-0.061761,-1.863855,0.387504
277.986,-2.383061,0.928499,1.194291,-1.372382,-0.070482,-1.817846,0.414487
278.065,-2.477854,0.900114,1.177726,-1.442451,-0.079148,-1.770427,0.441149
278.145,-2.571889,0.870658,1.16002,-1.512267,-0.087861,-1.721009,0.467799
278.224,-2.662742,0.84089,1.14163,-1.58003,-0.096397,-1.670865,0.493752
278.303,-2.751529,0.810471,1.122355,-1.646568,-0.104858,-1.619425,0.519321
278.382,-2.838183,0.779422,1.102209,-1.711829,-0.113238,-1.56673,0.544488
278.461,-2.922636,0.74777,1.081209,-1.775762,-0.12153,-1.512819,0.569232
278.54,-3.004822,0.715537,1.05937,-1.838319,-0.129727,-1.457735,0.593535
278.619,-3.084678,0.68275,1.03671,-1.899449,-0.137824,-1.401521,0.617377
278.698,-3.162141,0.649433,1.013245,-1.959107,-0.145814,-1.34422,0.640741
278.778,-3.238086,0.615181,0.988683,-2.017971,-0.15379,-1.285131,0.663894
278.857,-3.310555,0.580877,0.963657,-2.074525,-0.161547,-1.225778,0.68624
278.936,-3.380456,0.546123,0.937882,-2.12947,-0.169178,-1.165474,0.708053
279.015,-3.447736,0.510945,0.911381,-2.182763,-0.176678,-1.104266,0.729317
279.094,-3.512342,0.475371,0.884173,-2.234364,-0.184041,-1.042202,0.750016
279.173,-3.574224,0.439428,0.856279,-2.284232,-0.191261,-0.97933,0.770133
279.252,-3.633334,0.403144,0.827721,-2.332328,-0.198333,-0.915698,0.789653
279.331,-3.689626,0.366548,0.798521,-2.378616,-0.205251,-0.851356,0.80856
279.411,-3.743715,0.329199,0.768321,-2.423609,-0.212094,-0.785527,0.827068
279.49,-3.794206,0.29206,0.737898,-2.466149,-0.218686,-0.719907,0.844699
279.569,-3.841755,0.254694,0.706903,-2.506776,-0.225109,-0.65373,0.861675
279.648,-3.886324,0.217131,0.67536,-2.54546,-0.231357,-0.587045,0.877982
279.727,-3.927879,0.179399,0.643293,-2.582169,-0.237426,-0.519905,0.893609
279.806,-3.966389,0.141529,0.610727,-2.616876,-0.24331,-0.452362,0.908543
279.885,-4.001822,0.103548,0.577687,-2.649553,-0.249006,-0.384468,0.922772
279.964,-4.034152,0.065487,0.5442,-2.680175,-0.254509,-0.316275,0.936285
280.044,-4.063702,0.026893,0.509859,-2.709067,-0.25988,-0.24697,0.94923
280.123,-4.089712,-0.01124,0.475549,-2.735484,-0.264981,-0.178339,0.961272
280.202,-4.112551,-0.049364,0.44087,-2.759779,-0.269877,-0.109569,0.972568
280.281,-4.132199,-0.08745,0.405849,-2.781934,-0.274564,-0.040713,0.983111
280.36,-4.148644,-0.125468,0.370513,-2.801931,-0.279037,0.028173,0.99289
280.455,-4.164157,-0.171054,0.327643,-2.823099,-0.28413,0.110978,1.003631
280.534,-4.173502,-0.208819,0.291712,-2.838293,-0.288123,0.179745,1.011705
280.613,-4.17961,-0.246422,0.255554,-2.851285,-0.291892,0.248374,1.018995
280.692,-4.182476,-0.283834,0.219197,-2.862066,-0.295435,0.31681,1.025495
280.771,-4.182099,-0.321026,0.182671,-2.870627,-0.298748,0.385,1.031199
280.85,-4.178479,-0.357968,0.146003,-2.876962,-0.30183,0.452891,1.036104
280.93,-4.171511,-0.395096,0.108756,-2.881103,-0.304713,0.521284,1.040252
281.009,-4.161374,-0.431451,0.071889,-2.882945,-0.307321,0.588415,1.043537
281.088,-4.14801,-0.467471,0.034967,-2.88255,-0.309692,0.65509,1.046012
281.167,-4.131429,-0.503129,-0.001983,-2.87992,-0.311822,0.721257,1.047675
281.246,-4.111644,-0.538397,-0.038931,-2.875057,-0.31371,0.786864,1.048527
281.325,-4.08867,-0.573247,-0.075849,-2.867964,-0.315355,0.851861,1.048565
281.404,-4.062526,-0.607652,-0.112708,-2.858647,-0.316756,0.916198,1.04779
281.483,-4.033231,-0.641587,-0.149479,-2.847112,-0.31791,0.979824,1.046202
281.563,-4.000377,-0.675443,-0.186598,-2.833182,-0.318828,1.043481,1.043768
281.642,-3.964813,-0.70835,-0.223107,-2.817215,-0.319486,1.105528,1.040549
281.721,-3.926173,-0.740707,-0.259444,-2.799063,-0.319896,1.166718,1.036524
281.8,-3.884489,-0.77249,-0.295579,-2.77874,-0.320058,1.227003,1.031694
281.879,-3.839792,-0.803673,-0.331484,-2.756262,-0.319972,1.286336,1.026065
281.958,-3.792117,-0.834234,-0.367133,-2.731647,-0.319638,1.344672,1.019639
282.037,-3.741502,-0.864147,-0.402497,-2.704913,-0.319056,1.401965,1.012423
282.116,-3.687985,-0.89339,-0.437549,-2.676082,-0.318226,1.45817,1.004422
282.196,-3.630876,-0.922297,-0.472699,-2.644771,-0.317134,1.513935,0.995526
282.275,-3.571647,-0.950124,-0.50704,-2.611787,-0.315809,1.567821,0.985964
282.354,-3.509648,-0.977213,-0.540989,-2.576777,-0.314238,1.620491,0.975637
282.433,-3.444927,-1.003545,-0.574518,-2.539769,-0.312424,1.671905,0.964554
282.512,-3.377535,-1.029098,-0.607601,-2.500792,-0.310368,1.722022,0.952723
282.591,-3.307523,-1.053853,-0.640213,-2.459875,-0.308071,1.770803,0.940153
282.67,-3.234947,-1.077791,-0.672328,-2.41705,-0.305535,1.818211,0.926853
282.749,-3.159861,-1.100893,-0.703922,-2.372351,-0.302762,1.864209,0.912835
282.829,-3.081328,-1.123417,-0.73536,-2.325212,-0.299714,1.909316,0.897918
282.908,-3.001372,-1.144783,-0.765831,-2.276846,-0.296471,1.95237,0.882487
282.987,-2.919088,-1.165262,-0.795708,-2.226716,-0.292998,1.993909,0.866371
283.066,-2.834541,-1.184836,-0.824968,-2.174858,-0.289298,2.033901,0.849584
283.145,-2.747795,-1.203492,-0.853588,-2.121313,-0.285373,2.072317,0.832138
283.224,-2.658918,-1.221215,-0.881546,-2.066124,-0.281227,2.109125,0.814046
283.303,-2.567979,-1.23799,-0.90882,-2.009332,-0.276863,2.144298,0.795323
283.382,-2.475049,-1.253805,-0.93539,-1.950982,-0.272284,2.177807,0.775983
283.462,-2.378986,-1.26883,-0.961557,-1.890351,-0.267432,2.21002,0.755785
283.541,-2.282267,-1.282676,-0.986646,-1.829003,-0.262432,2.240105,0.73525
283.62,-2.183779,-1.295528,-1.01097,-1.766237,-0.257229,2.268453,0.714145
283.699,-2.083597,-1.307375,-1.03451,-1.702101,-0.251826,2.295042,0.692485
283.778,-1.981798,-1.318208,-1.057247,-1.636645,-0.246227,2.319851,0.670289
283.857,-1.878463,-1.328019,-1.079165,-1.569919,-0.240438,2.342861,0.647573
283.936,-1.773672,-1.3368,-1.100246,-1.501976,-0.234462,2.364054,0.624354
284.015,-1.667504,-1.344544,-1.120474,-1.432868,-0.228305,2.383413,0.600652
284.095,-1.558676,-1.351324,-1.140072,-1.361754,-0.221889,2.401134,0.576175
284.174,-1.449991,-1.356964,-1.158535,-1.290465,-0.21538,2.41676,0.551554
284.253,-1.340181,-1.361552,-1.1761,-1.218175,-0.208704,2.430511,0.526505
284.332,-1.229332,-1.365085,-1.192753,-1.144941,-0.201866,2.442378,0.501048
284.411,-1.11753,-1.367558,-1.208481,-1.070819,-0.194872,2.45235,0.475202
284.506,-0.981944,-1.369128,-1.226152,-0.98059,-0.186261,2.461823,0.443636
284.585,-0.868349,-1.369264,-1.239801,-0.904716,-0.178942,2.467598,0.417006
284.664,-0.75408,-1.368338,-1.252488,-0.82814,-0.171483,2.471459,0.390052
284.743,-0.639226,-1.366351,-1.264203,-0.750922,-0.163891,2.473404,0.362796
284.822,-0.523877,-1.363305,-1.274939,-0.673121,-0.156173,2.473431,0.335258
284.901,-0.408121,-1.359201,-1.284685,-0.594799,-0.148333,2.47154,0.30746
284.981,-0.290578,-1.353971,-1.29354,-0.515015,-0.140276,2.467671,0.279068
285.06,-0.174277,-1.347749,-1.301274,-0.435826,-0.132211,2.461925,0.250813
285.139,-0.057841,-1.340483,-1.308,-0.3563,-0.124044,2.454269,0.222363
285.218,0.05864,-1.332177,-1.31371,-0.276497,-0.11578,2.444711,0.193741
285.297,0.175075,-1.322838,-1.318403,-0.196479,-0.107426,2.433256,0.164968
285.376,0.291375,-1.312473,-1.322072,-0.11631,-0.098989,2.419914,0.136068
285.455,0.407448,-1.30109,-1.324716,-0.03605,-0.090476,2.404696,0.107062
285.534,0.523206,-1.288698,-1.326333,0.044238,-0.081892,2.387612,0.077973
285.614,0.640015,-1.27513,-1.326923,0.125507,-0.073135,2.368426,0.048454
285.693,0.754865,-1.260738,-1.326469,0.205663,-0.06443,2.347631,0.019266
285.772,0.86913,-1.245367,-1.324987,0.285658,-0.055675,2.325015,-0.009937
285.851,0.98272,-1.229031,-1.322477,0.365433,-0.046877,2.300596,-0.039132
285.93,1.095549,-1.211741,-1.318941,0.444924,-0.038043,2.274393,-0.068296
286.009,1.207527,-1.193512,-1.314383,0.52407,-0.029179,2.246427,-0.097408
286.088,1.31857,-1.174357,-1.308805,0.602809,-0.020293,2.216718,-0.126444
286.167,1.428589,-1.154291,-1.302212,0.681081,-0.01139,2.18529,-0.155382
286.247,1.538872,-1.13306,-1.294507,0.759806,-0.002367,2.151737,-0.184563
286.326,1.646576,-1.111209,-1.285888,0.836953,0.006546,2.116924,-0.213236
286.405,1.753003,-1.088496,-1.276271,0.913452,0.015454,2.08047,-0.241743
286.484,1.85807,-1.06494,-1.265665,0.989242,0.02435,2.042402,-0.270063
286.563,1.961697,-1.040557,-1.254077,1.064264,0.033227,2.00275,-0.298174
286.642,2.063802,-1.015368,-1.241516,1.138462,0.042078,1.961545,-0.326053
286.721,2.164306,-0.989391,-1.227993,1.211777,0.050897,1.918818,-0.353679
286.8,2.263132,-0.962647,-1.213518,1.284151,0.059676,1.874604,-0.381031
286.88,2.36142,-0.934803,-1.1979,1.356427,0.068519,1.828349,-0.408428
286.959,2.456637,-0.906578,-1.181542,1.426741,0.077198,1.781244,-0.435164
287.038,2.549949,-0.87765,-1.164269,1.495949,0.085817,1.732759,-0.461563
287.117,2.641283,-0.848042,-1.146092,1.563996,0.09437,1.682929,-0.487603
287.196,2.730569,-0.817775,-1.127026,1.630831,0.102849,1.631795,-0.513266
287.275,2.817737,-0.786875,-1.107087,1.696401,0.111249,1.579395,-0.53853
287.354,2.90272,-0.755364,-1.086288,1.760655,0.119563,1.52577,-0.563377
287.433,2.985452,-0.723267,-1.064648,1.823544,0.127783,1.470962,-0.587786
287.513,3.066872,-0.690193,-1.041892,1.885787,0.136007,1.414297,-0.61204
287.592,3.14488,-0.656993,-1.018607,1.945781,0.144022,1.357237,-0.635514
287.671,3.22045,-0.623284,-0.994533,2.004266,0.151925,1.299125,-0.658494
287.75,3.293522,-0.589091,-0.969687,2.061197,0.15971,1.240005,-0.680964
287.829,3.36404,-0.554442,-0.944089,2.116529,0.167372,1.179923,-0.702906
287.908,3.431949,-0.519362,-0.917759,2.170219,0.174903,1.118927,-0.724303
287.987,3.497196,-0.48388,-0.890717,2.222227,0.182299,1.057062,-0.745137
288.066,3.559732,-0.448022,-0.862985,2.272511,0.189554,0.994378,-0.765395
288.146,3.620245,-0.411357,-0.834219,2.321636,0.196751,0.930115,-0.785303
288.225,3.677177,-0.374829,-0.805162,2.368335,0.203704,0.865929,-0.80435
288.304,3.731257,-0.33801,-0.775481,2.413197,0.210499,0.801071,-0.822773
288.383,3.782443,-0.300929,-0.745198,2.456187,0.217131,0.735592,-0.840558
288.462,3.830696,-0.263615,-0.714337,2.497273,0.223594,0.669543,-0.857691
288.557,3.884785,-0.218475,-0.676495,2.544113,0.231137,0.589433,-0.877412
288.636,3.926448,-0.180749,-0.644446,2.580893,0.237212,0.522308,-0.893063
288.715,3.965067,-0.142882,-0.611898,2.615672,0.243103,0.454779,-0.908022
288.794,4.00061,-0.104905,-0.578875,2.648422,0.248806,0.386896,-0.922276
288.873,4.033051,-0.066847,-0.545403,2.679118,0.254316,0.318714,-0.935816
288.952,4.062365,-0.028737,-0.511508,2.707736,0.259628,0.250284,-0.948629
289.032,4.088838,0.009879,-0.47678,2.734577,0.264803,0.180791,-0.960855
289.111,4.11179,0.048004,-0.442114,2.758948,0.269706,0.112025,-0.972178
289.19,4.131553,0.086091,-0.407105,2.78118,0.2744,0.043172,-0.982747
289.269,4.148112,0.124112,-0.37178,2.801254,0.278881,-0.025714,-0.992555
289.348,4.161454,0.162037,-0.336167,2.819157,0.283146,-0.094581,-1.001592
289.427,4.171569,0.199836,-0.300293,2.834873,0.287192,-0.163374,-1.009853
289.506,4.178448,0.23748,-0.264186,2.84839,0.291014,-0.23204,-1.01733
289.585,4.182087,0.27494,-0.227875,2.859699,0.294611,-0.300527,-1.024019
289.665,4.182468,0.312657,-0.190924,2.86889,0.298021,-0.369643,-1.029982
289.744,4.179579,0.349659,-0.154285,2.875728,0.301155,-0.437606,-1.035068
289.823,4.173448,0.386389,-0.117527,2.880335,0.304056,-0.50523,-1.039351
289.902,4.164082,0.422819,-0.080678,2.882709,0.306721,-0.572462,-1.042828
289.981,4.151486,0.458922,-0.043766,2.882847,0.309149,-0.639251,-1.045496
290.06,4.13567,0.494669,-0.00682,2.88075,0.311336,-0.705543,-1.047353
290.139,4.116647,0.530032,0.03013,2.876418,0.313282,-0.771288,-1.048398
290.218,4.094431,0.564984,0.067058,2.869856,0.314985,-0.836436,-1.04863
290.298,4.068699,0.599932,0.1044,2.860942,0.316461,-0.901746,-1.048036
290.377,4.040113,0.633975,0.141194,2.849907,0.317671,-0.965537,-1.046631
290.456,4.008393,0.667526,0.177878,2.836662,0.318635,-1.028579,-1.044415
290.535,3.973565,0.70056,0.214425,2.821217,0.319352,-1.090823,-1.041389
290.614,3.935655,0.73305,0.250805,2.803585,0.319821,-1.152221,-1.037556
290.693,3.894694,0.764972,0.28699,2.783778,0.320042,-1.212726,-1.032918
290.772,3.850711,0.7963,0.322953,2.761812,0.320015,-1.27229,-1.027478
290.851,3.803743,0.827011,0.358666,2.737704,0.31974,-1.330868,-1.021242
290.931,3.753174,0.857457,0.394547,2.711127,0.319209,-1.389135,-1.01412
291.01,3.700308,0.886854,0.429671,2.682767,0.318435,-1.445589,-1.006295
291.089,3.644572,0.915562,0.464463,2.652327,0.317414,-1.500923,-0.99769
291.168,3.58601,0.943561,0.498894,2.619829,0.316147,-1.555093,-0.988311
291.247,3.524666,0.970828,0.532939,2.5853,0.314635,-1.608056,-0.978166
291.326,3.46059,0.997342,0.56657,2.548765,0.312878,-1.659773,-0.967263
291.405,3.393829,1.023082,0.599761,2.510254,0.31088,-1.710202,-0.955609
291.484,3.324437,1.048029,0.632488,2.469797,0.30864,-1.759305,-0.943214
291.564,3.251539,1.072464,0.665129,2.426875,0.306128,-1.80764,-0.929916
291.643,3.177014,1.095756,0.696843,2.382596,0.303408,-1.853959,-0.916059
291.722,3.100026,1.118198,0.728016,2.336469,0.300453,-1.89884,-0.901492
291.801,3.020633,1.139773,0.758625,2.28853,0.297265,-1.942249,-0.886226
291.88,2.938898,1.160465,0.788646,2.238816,0.293846,-1.984152,-0.870272
291.959,2.854884,1.180256,0.818054,2.187366,0.2902,-2.024516,-0.853643
292.038,2.768656,1.199132,0.846829,2.13422,0.286328,-2.06331,-0.836353
292.117,2.68028,1.217078,0.874947,2.079418,0.282235,-2.100504,-0.818414
292.197,2.588668,1.234289,0.902729,2.02228,0.277866,-2.136508,-0.799601
292.276,2.496181,1.250322,0.929459,1.964277,0.273336,-2.170395,-0.780399
292.355,2.401757,1.265386,0.955469,1.904752,0.268593,-2.202599,-0.760591
292.434,2.305471,1.279468,0.980738,1.843748,0.263642,-2.233095,-0.740194
292.513,2.207398,1.292557,1.005246,1.781316,0.258487,-2.261859,-0.719223
292.608,2.0872,1.30697,1.033683,1.704413,0.252022,-2.294124,-0.693268
292.687,1.985459,1.317839,1.05645,1.639003,0.246431,-2.318996,-0.67109
292.766,1.882177,1.327687,1.078397,1.572322,0.240648,-2.342071,-0.648392
292.845,1.777436,1.336505,1.099508,1.504421,0.234679,-2.363329,-0.625192
292.924,1.671316,1.344286,1.119767,1.435354,0.228528,-2.382754,-0.601506
293.003,1.563901,1.351025,1.139157,1.365174,0.222199,-2.400331,-0.577354
293.083,1.45389,1.356781,1.157892,1.293027,0.215615,-2.416234,-0.55244
293.162,1.344119,1.361407,1.175489,1.220772,0.208945,-2.430053,-0.527406
293.241,1.233305,1.364977,1.192175,1.14757,0.202113,-2.441987,-0.501963
293.32,1.121536,1.367488,1.207936,1.073479,0.195124,-2.452027,-0.476131
293.399,1.008896,1.368939,1.22276,0.998555,0.187984,-2.460165,-0.44993
293.478,0.895474,1.369328,1.236636,0.922857,0.180698,-2.466396,-0.42338
293.557,0.781358,1.368655,1.249553,0.846442,0.173272,-2.470713,-0.396501
293.636,0.666635,1.366921,1.261501,0.769372,0.165712,-2.473115,-0.369315
293.716,0.549934,1.364084,1.272603,0.690718,0.157924,-2.473593,-0.341493
293.795,0.434263,1.360219,1.282574,0.612508,0.150111,-2.472134,-0.313752
293.874,0.318254,1.355298,1.291549,0.533823,0.142182,-2.468758,-0.285768
293.953,0.201999,1.349326,1.299523,0.454724,0.134142,-2.463467,-0.257562
294.032,0.085587,1.342308,1.306489,0.375272,0.125998,-2.456266,-0.229157
294.111,-0.030892,1.33425,1.312442,0.295529,0.117757,-2.44716,-0.200574
294.19,-0.147346,1.325156,1.317377,0.215558,0.109424,-2.436156,-0.171835
294.269,-0.263687,1.315034,1.321291,0.135418,0.101007,-2.423263,-0.142963
294.349,-0.381291,1.303746,1.32421,0.054158,0.092403,-2.408292,-0.113612
294.428,-0.497128,1.29158,1.326059,-0.026129,0.083834,-2.391628,-0.08454
294.507,-0.612579,1.278414,1.326879,-0.106396,0.0752,-2.373109,-0.055402
294.586,-0.727555,1.264255,1.32667,-0.18658,0.066508,-2.352751,-0.026221
294.665,-0.841967,1.249117,1.325433,-0.266619,0.057765,-2.330567,0.00298
294.744,-0.955726,1.233009,1.323168,-0.346452,0.048977,-2.306576,0.032178
294.823,-1.068744,1.215946,1.319876,-0.426016,0.04015,-2.280796,0.061352
294.902,-1.180933,1.197939,1.315561,-0.50525,0.031293,-2.253248,0.090479
294.982,-1.293609,1.178758,1.310152,-0.585087,0.022299,-2.22357,0.119902
295.061,-1.403866,1.158896,1.303788,-0.66347,0.013399,-2.192528,0.148864
295.14,-1.513035,1.138136,1.296412,-0.741338,0.00449,-2.159785,0.177711
295.219,-1.621031,1.116493,1.288032,-0.818631,-0.004423,-2.125367,0.20642
295.298,-1.72777,1.093984,1.278652,-0.89529,-0.013333,-2.089301,0.234968
295.377,-1.833168,1.070627,1.268281,-0.971254,-0.022232,-2.051615,0.263335
295.456,-1.937145,1.04644,1.256926,-1.046465,-0.031114,-2.012338,0.291497
295.535,-2.03962,1.021441,1.244596,-1.120864,-0.039972,-1.9715,0.319433
295.615,-2.14178,0.995318,1.231127,-1.195319,-0.048911,-1.928587,0.347471
295.694,-2.240991,0.968745,1.216865,-1.267911,-0.0577,-1.884705,0.374887
295.773,-2.338465,0.941421,1.20166,-1.33952,-0.066443,-1.839362,0.402012
295.852,-2.434125,0.913367,1.185523,-1.410089,-0.075136,-1.792592,0.428825
295.931,-2.527897,0.884604,1.168466,-1.479565,-0.08377,-1.744433,0.455306
296.01,-2.619709,0.855156,1.150503,-1.547894,-0.092339,-1.69492,0.481433
296.089,-2.709489,0.825044,1.131648,-1.615022,-0.100836,-1.644093,0.507188
296.168,-2.797168,0.794292,1.111915,-1.680898,-0.109256,-1.59199,0.532548
296.248,-2.883746,0.762524,1.091054,-1.746279,-0.117695,-1.537971,0.557809
296.327,-2.966991,0.730557,1.069602,-1.80948,-0.125937,-1.483426,0.582319
296.406,-3.047935,0.698024,1.04732,-1.871278,-0.134082,-1.42773,0.606378
296.485,-3.126516,0.664949,1.024227,-1.931624,-0.142122,-1.370928,0.629966
296.564,-3.202672,0.631359,1.000339,-1.990473,-0.150053,-1.313062,0.653065
296.659,-3.290958,0.590319,0.970587,-2.059192,-0.159434,-1.242132,0.680171
296.738,-3.361568,0.555686,0.945016,-2.114582,-0.1671,-1.182084,0.702132
296.817,-3.429571,0.520621,0.918711,-2.168332,-0.174637,-1.121119,0.723548
296.896,-3.494914,0.485153,0.891695,-2.2204,-0.182038,-1.059285,0.744404
296.975,-3.557547,0.449308,0.863986,-2.270747,-0.189298,-0.996629,0.764682
297.054,-3.617421,0.413115,0.835608,-2.319332,-0.196411,-0.9332,0.784367
297.134,-3.675194,0.376138,0.80621,-2.366699,-0.203458,-0.868231,0.803681
297.213,-3.729376,0.339329,0.776551,-2.411628,-0.210259,-0.803397,0.822126
297.292,-3.780667,0.302257,0.746289,-2.454686,-0.216897,-0.737939,0.839934
297.371,-3.829025,0.26495,0.715448,-2.49584,-0.223367,-0.671909,0.857091
297.45,-3.874414,0.227438,0.684053,-2.535059,-0.229663,-0.605358,0.873583
297.529,-3.916798,0.18975,0.652127,-2.572312,-0.235781,-0.538338,0.889397
297.608,-3.956145,0.151914,0.619695,-2.60757,-0.241717,-0.4709,0.904522
297.687,-3.992424,0.113961,0.586783,-2.640805,-0.247465,-0.403097,0.918945
297.767,-4.026006,0.075437,0.552991,-2.672375,-0.25309,-0.334117,0.932825
297.846,-4.056027,0.037336,0.519189,-2.701464,-0.258447,-0.265738,0.945803
297.925,-4.082902,-0.000794,0.484985,-2.728458,-0.263604,-0.197154,0.958047
298.004,-4.106611,-0.038924,0.450404,-2.753336,-0.268557,-0.128416,0.969549
298.083,-4.127135,-0.077023,0.415474,-2.776079,-0.273301,-0.059579,0.980298
298.162,-4.144459,-0.115063,0.380222,-2.796669,-0.277833,0.009304,0.990288
298.241,-4.158568,-0.153013,0.344675,-2.81509,-0.28215,0.07818,0.999509
298.32,-4.169453,-0.190845,0.308861,-2.831328,-0.286248,0.146995,1.007956
298.4,-4.177179,-0.229004,0.27235,-2.845534,-0.290172,0.216565,1.015712
298.479,-4.18155,-0.266508,0.236082,-2.857341,-0.29382,0.285097,1.022579
298.558,-4.182677,-0.303806,0.199631,-2.866933,-0.29724,0.353408,1.028653
298.637,-4.180561,-0.340867,0.163025,-2.874301,-0.30043,0.421444,1.033929
298.716,-4.175203,-0.377665,0.126293,-2.87944,-0.303387,0.489154,1.038404
298.795,-4.166606,-0.414169,0.089463,-2.882346,-0.306108,0.556484,1.042073
298.874,-4.154779,-0.450353,0.052564,-2.883017,-0.308592,0.623383,1.044933
298.953,-4.139729,-0.486187,0.015623,-2.881452,-0.310837,0.689798,1.046984
299.033,-4.121217,-0.52209,-0.021797,-2.87759,-0.312864,0.756509,1.048233
299.112,-4.09972,-0.557137,-0.058732,-2.87153,-0.314622,0.821796,1.048648
299.191,-4.075044,-0.591752,-0.095622,-2.863244,-0.316136,0.886445,1.048251
299.27,-4.047208,-0.625908,-0.132438,-2.852737,-0.317405,0.950407,1.04704
299.349,-4.016232,-0.659579,-0.169151,-2.840018,-0.318428,1.013631,1.045017
299.428,-3.982143,-0.692738,-0.205732,-2.825096,-0.319204,1.07607,1.042184
299.507,-3.944965,-0.725361,-0.242155,-2.807983,-0.319732,1.137674,1.038542
299.586,-3.904727,-0.75742,-0.278389,-2.788693,-0.320012,1.198396,1.034095
299.666,-3.860894,-0.789287,-0.314862,-2.766954,-0.320043,1.258939,1.028775
299.745,-3.814596,-0.820139,-0.350633,-2.743328,-0.319824,1.317743,1.022718
299.824,-3.76534,-0.850355,-0.386133,-2.717574,-0.319357,1.375525,1.015868
299.903,-3.713164,-0.879912,-0.421333,-2.689713,-0.318642,1.432241,1.00823
299.982,-3.658108,-0.908787,-0.456206,-2.659766,-0.317679,1.487845,0.999811
300.061,-3.600215,-0.936956,-0.490726,-2.627756,-0.316471,1.542296,0.990616
300.14,-3.53953,-0.9644,-0.524865,-2.593708,-0.315017,1.595551,0.980652
300.219,-3.4761,-0.991095,-0.558597,-2.557649,-0.313319,1.647568,0.969928
300.299,-3.40912,-1.017345,-0.592314,-2.519112,-0.311352,1.698942,0.958302
300.378,-3.340316,-1.042472,-0.625148,-2.479091,-0.309166,1.748347,0.946074
300.457,-3.268922,-1.066792,-0.657497,-2.437147,-0.30674,1.796397,0.933111
300.536,-3.194993,-1.090284,-0.689336,-2.393313,-0.304077,1.843054,0.919425
300.615,-3.118587,-1.11293,-0.72064,-2.347623,-0.301178,1.888281,0.905026
300.71,-3.023508,-1.139018,-0.757543,-2.290272,-0.297383,1.940726,0.886783
300.789,-2.941855,-1.159742,-0.787584,-2.240621,-0.293972,1.982683,0.870853
300.868,-2.857921,-1.179565,-0.817016,-2.189232,-0.290334,2.023102,0.854248
300.947,-2.771771,-1.198474,-0.845813,-2.136145,-0.28647,2.061953,0.836981
301.026,-2.683471,-1.216454,-0.873955,-2.081402,-0.282385,2.099204,0.819065
301.105,-2.59309,-1.23349,-0.901419,-2.025045,-0.27808,2.134828,0.800513
301.185,-2.499515,-1.249767,-0.928518,-1.966374,-0.273501,2.169215,0.781094
301.264,-2.40516,-1.264865,-0.954553,-1.906902,-0.268766,2.201479,0.761309
301.343,-2.308939,-1.278982,-0.979849,-1.845951,-0.263822,2.232036,0.740932
301.422,-2.210928,-1.292107,-1.004384,-1.783568,-0.258674,2.260862,0.719981
301.501,-2.111202,-1.30423,-1.028141,-1.719802,-0.253325,2.287935,0.698472
301.58,-2.009839,-1.315342,-1.0511,-1.654702,-0.24778,2.313234,0.676421
301.659,-1.906917,-1.325434,-1.073244,-1.58832,-0.242043,2.336738,0.653846
301.738,-1.802516,-1.334498,-1.094556,-1.520705,-0.236118,2.35843,0.630763
301.818,-1.69537,-1.342622,-1.115272,-1.451033,-0.229931,2.378533,0.60689
301.897,-1.588239,-1.349596,-1.13486,-1.381099,-0.223642,2.396529,0.582842
301.976,-1.479877,-1.355524,-1.153567,-1.310094,-0.21718,2.412666,0.558341
302.055,-1.370367,-1.360401,-1.171379,-1.238073,-0.210549,2.426931,0.533408
302.134,-1.259794,-1.364222,-1.188283,-1.165092,-0.203755,2.439315,0.508061
302.213,-1.148244,-1.366986,-1.204266,-1.091207,-0.196803,2.449807,0.482319
302.292,-1.035804,-1.368689,-1.219314,-1.016476,-0.189698,2.458399,0.456204
302.371,-0.92256,-1.369331,-1.233417,-0.940957,-0.182447,2.465085,0.429735
302.451,-0.807155,-1.368899,-1.246724,-0.863738,-0.174959,2.469907,0.402592
302.53,-0.692561,-1.367404,-1.258891,-0.786811,-0.167428,2.472741,0.375473
302.609,-0.577431,-1.364849,-1.270082,-0.709273,-0.159768,2.473657,0.348063
302.688,-0.461852,-1.361235,-1.280288,-0.631185,-0.151983,2.472655,0.320384
302.767,-0.345916,-1.356566,-1.289502,-0.552607,-0.144081,2.469736,0.292456
302.846,-0.229711,-1.350844,-1.297715,-0.473601,-0.136067,2.464901,0.264301
302.925,-0.113328,-1.344075,-1.304922,-0.394228,-0.127948,2.458155,0.235941
303.004,0.003143,-1.336263,-1.311116,-0.314549,-0.119729,2.449502,0.207398
303.084,0.121085,-1.327297,-1.316353,-0.233613,-0.111311,2.438804,0.17833
303.163,0.237459,-1.317407,-1.320498,-0.153506,-0.102912,2.426336,0.149486
303.242,0.353649,-1.306495,-1.323618,-0.073281,-0.094433,2.411986,0.120526
303.321,0.469564,-1.29457,-1.325711,0.007002,-0.085881,2.395767,0.091473
303.4,0.585115,-1.281641,-1.326777,0.087279,-0.077263,2.377689,0.062348
303.479,0.700213,-1.267718,-1.326814,0.167489,-0.068584,2.357767,0.033176
303.558,0.814767,-1.252811,-1.325821,0.247568,-0.059852,2.336016,0.003977
303.637,0.92869,-1.236934,-1.323801,0.327456,-0.051074,2.312454,-0.025224
303.717,1.04332,-1.219877,-1.320708,0.408096,-0.042144,2.286767,-0.054775
303.796,1.155704,-1.202082,-1.316624,0.48741,-0.033293,2.259615,-0.083914
303.875,1.267191,-1.183355,-1.311518,0.566345,-0.024416,2.230712,-0.112988
303.954,1.377696,-1.16371,-1.305396,0.644842,-0.015521,2.200078,-0.141974
304.033,1.487132,-1.143162,-1.298261,0.722838,-0.006613,2.167738,-0.170851
304.112,1.595415,-1.121728,-1.290119,0.800274,0.0023,2.133717,-0.199594
304.191,1.702461,-1.099424,-1.280977,0.877089,0.011211,2.098041,-0.228183
304.27,1.808186,-1.076268,-1.270841,0.953224,0.020114,2.060738,-0.256595
304.35,1.91382,-1.051967,-1.259573,1.029569,0.029113,2.021335,-0.285164
304.429,2.016641,-1.02715,-1.247462,1.104156,0.037977,1.980846,-0.313153
304.508,2.117897,-1.001535,-1.234384,1.177887,0.046811,1.938821,-0.340899
304.587,2.217511,-0.975145,-1.220349,1.250705,0.05561,1.895293,-0.368381
304.666,2.315406,-0.947997,-1.205367,1.322553,0.064365,1.850295,-0.395577
304.761,2.430742,-0.914381,-1.186115,1.407589,0.074826,1.794286,-0.427874
304.84,2.524583,-0.885643,-1.16909,1.477105,0.083463,1.746175,-0.454366
304.919,2.616466,-0.856218,-1.15116,1.545476,0.092034,1.69671,-0.480507
304.998,2.70632,-0.82613,-1.132336,1.612648,0.100534,1.645929,-0.506275
305.077,2.794075,-0.7954,-1.112634,1.678569,0.108957,1.593871,-0.53165
305.156,2.879663,-0.764054,-1.09207,1.743188,0.117294,1.540578,-0.556613
305.236,2.964059,-0.731708,-1.070382,1.807248,0.125645,1.485392,-0.581452
305.315,3.045087,-0.699194,-1.04813,1.869097,0.133793,1.429737,-0.605527
305.394,3.123753,-0.666139,-1.025065,1.929496,0.141837,1.372974,-0.629132
305.473,3.199996,-0.632566,-1.001205,1.988399,0.149772,1.315145,-0.65225
305.552,3.273758,-0.598504,-0.976568,2.04576,0.15759,1.256296,-0.674861
305.631,3.344981,-0.563977,-0.951175,2.101534,0.165286,1.196474,-0.696949
305.71,3.41361,-0.529012,-0.925043,2.155678,0.172854,1.135723,-0.718497
305.789,3.479592,-0.493638,-0.898194,2.208151,0.180287,1.074091,-0.739487
305.869,3.543658,-0.457425,-0.870296,2.259543,0.187673,1.010831,-0.760159
305.948,3.604159,-0.421308,-0.842067,2.308529,0.194819,0.947573,-0.779979
306.027,3.661864,-0.384865,-0.813185,2.355724,0.201815,0.883579,-0.799194
306.106,3.71673,-0.348123,-0.783672,2.401093,0.208654,0.8189,-0.817789
306.185,3.768713,-0.311111,-0.753551,2.4446,0.215331,0.753587,-0.835751
306.264,3.817773,-0.273857,-0.722847,2.486211,0.221841,0.687688,-0.853064
306.343,3.863873,-0.236392,-0.691581,2.525893,0.228179,0.621257,-0.869715
306.422,3.906976,-0.198742,-0.659779,2.563617,0.23434,0.554343,-0.885692
306.502,3.947537,-0.16046,-0.627054,2.599792,0.240394,0.486145,-0.901171
306.581,3.98451,-0.122531,-0.594248,2.633486,0.246185,0.41842,-0.915754
306.66,4.018393,-0.084506,-0.560981,2.665138,0.251785,0.35037,-0.929626
306.739,4.04916,-0.046416,-0.527279,2.694723,0.257189,0.282048,-0.942777
306.818,4.076787,-0.00829,-0.493168,2.722218,0.262394,0.213508,-0.955197
306.897,4.101252,0.029842,-0.458675,2.747602,0.267396,0.144802,-0.966877
306.976,4.122536,0.067951,-0.423826,2.770856,0.27219,0.075984,-0.977806
307.055,4.140623,0.106008,-0.388648,2.79196,0.276773,0.007107,-0.987977
307.135,4.155667,0.144462,-0.352718,2.811125,0.281195,-0.062647,-0.997497
307.214,4.16728,0.182323,-0.316961,2.827856,0.285343,-0.131481,-1.006118
307.293,4.17566,0.220043,-0.280959,2.842395,0.289269,-0.200213,-1.01396
307.372,4.180803,0.257592,-0.244739,2.854729,0.292971,-0.268789,-1.021015
307.451,4.182703,0.294941,-0.208329,2.864849,0.296446,-0.337157,-1.027278
307.53,4.18136,0.332061,-0.171758,2.872748,0.299691,-0.405264,-1.032745
307.609,4.176773,0.368924,-0.135054,2.878418,0.302704,-0.473056,-1.037411
307.688,4.168948,0.405501,-0.098244,2.881857,0.305481,-0.540482,-1.041272
307.768,4.157728,0.44222,-0.060891,2.883061,0.308053,-0.608333,-1.044359
307.847,4.143405,0.478136,-0.023958,2.882,0.310352,-0.674862,-1.046592
307.926,4.125867,0.51368,0.012994,2.878705,0.31241,-0.740868,-1.048014
308.005,4.105131,0.548826,0.049936,2.873176,0.314226,-0.806299,-1.048623
308.084,4.08121,0.583547,0.08684,2.86542,0.315798,-0.871104,-1.048419
308.163,4.054125,0.617815,0.123675,2.855441,0.317125,-0.935234,-1.047402
308.242,4.023895,0.651603,0.160415,2.843248,0.318207,-0.998639,-1.045572
308.321,3.990545,0.684887,0.197031,2.82885,0.319041,-1.06127,-1.042932
308.401,3.953619,0.71805,0.233954,2.812034,0.319634,-1.123854,-1.039434
308.48,3.914069,0.750239,0.270234,2.793233,0.319971,-1.184779,-1.035169
308.559,3.871483,0.781846,0.306303,2.772267,0.320059,-1.244785,-1.0301
308.638,3.825895,0.812846,0.342136,2.74915,0.319899,-1.303826,-1.024233
308.717,3.777341,0.843216,0.377702,2.723901,0.31949,-1.361855,-1.017572
308.812,3.715076,0.878869,0.420082,2.690743,0.318671,-1.430235,-1.008516
308.891,3.660122,0.907768,0.454968,2.66087,0.317718,-1.48588,-1.000125
308.97,3.602329,0.935963,0.4895,2.628934,0.316518,-1.540373,-0.990957
309.049,3.541743,0.963433,0.523653,2.594958,0.315073,-1.593671,-0.981021
309.128,3.47841,0.990155,0.5574,2.55897,0.313384,-1.645733,-0.970324
309.207,3.41238,1.016109,0.590715,2.520998,0.311451,-1.696519,-0.958875
309.287,3.342817,1.041589,0.623984,2.480553,0.309248,-1.746607,-0.946523
309.366,3.271515,1.065938,0.656351,2.438677,0.306831,-1.794706,-0.933587
309.445,3.197675,1.089459,0.688208,2.39491,0.304176,-1.841413,-0.919926
309.524,3.121356,1.112136,0.719532,2.349285,0.301285,-1.886692,-0.905552
309.603,3.042616,1.133951,0.750298,2.301839,0.298161,-1.930507,-0.890476
309.682,2.961516,1.154886,0.780482,2.252608,0.294805,-1.972826,-0.87471
309.761,2.87812,1.174925,0.810061,2.201629,0.291221,-2.013615,-0.858265
309.84,2.792491,1.194053,0.839012,2.148944,0.287411,-2.052842,-0.841154
309.92,2.703572,1.21248,0.867665,2.093893,0.283325,-2.090943,-0.823162
309.999,2.613655,1.22973,0.895284,2.037896,0.27907,-2.126936,-0.804753
310.078,2.52171,1.246027,0.922208,1.980319,0.274598,-2.161279,-0.785719
310.157,2.42781,1.261357,0.948417,1.921205,0.269913,-2.193947,-0.766076
310.236,2.332027,1.275708,0.973891,1.860602,0.265019,-2.224913,-0.745839
310.315,2.234435,1.289071,0.998609,1.798556,0.259919,-2.254154,-0.725024
310.394,2.135111,1.301434,1.022553,1.735115,0.254617,-2.281646,-0.703646
310.473,2.03413,1.312787,1.045704,1.670329,0.249119,-2.307369,-0.681723
310.553,1.930264,1.323247,1.068321,1.603403,0.243353,-2.331594,-0.658983
310.632,1.82619,1.332543,1.089822,1.536061,0.23747,-2.353696,-0.636013
310.711,1.7207,1.340806,1.110478,1.467529,0.231403,-2.373974,-0.61255
310.79,1.613875,1.348029,1.130273,1.397858,0.225156,-2.39241,-0.588612
310.869,1.505798,1.354207,1.149191,1.327103,0.218735,-2.408991,-0.564218
310.948,1.396554,1.359334,1.167218,1.255319,0.212144,-2.423703,-0.539386
311.027,1.286227,1.363408,1.184339,1.182562,0.205388,-2.436536,-0.514135
311.106,1.174902,1.366424,1.200542,1.108887,0.198473,-2.44748,-0.488486
311.186,1.06124,1.368398,1.216002,1.033404,0.191314,-2.456627,-0.462127
311.265,0.94817,1.369279,1.230319,0.958057,0.184095,-2.463743,-0.435736
311.344,0.834364,1.369099,1.243682,0.881968,0.176733,-2.468949,-0.409007
311.423,0.719912,1.367857,1.256081,0.805194,0.169234,-2.47224,-0.381961
311.502,0.604901,1.365554,1.267505,0.727796,0.161604,-2.473613,-0.354618
311.581,0.489422,1.362192,1.277947,0.649834,0.153849,-2.473068,-0.327001
311.66,0.373562,1.357774,1.287397,0.571368,0.145974,-2.470605,-0.29913
311.739,0.257413,1.352302,1.295849,0.492458,0.137986,-2.466226,-0.271027
311.819,0.139591,1.345693,1.303384,0.412161,0.129788,-2.459843,-0.242354
311.898,0.023132,1.338116,1.309808,0.332546,0.121591,-2.45162,-0.213851
311.977,-0.093345,1.329502,1.315215,0.252672,0.1133,-2.441495,-0.185181
312.056,-0.209749,1.319856,1.319603,0.172603,0.104921,-2.429477,-0.156368
312.135,-0.325991,1.309187,1.322967,0.0924,0.09646,-2.415575,-0.127434
312.214,-0.44198,1.297502,1.325306,0.012125,0.087925,-2.3998,-0.098401
312.293,-0.557626,1.284811,1.326616,-0.068159,0.079322,-2.382163,-0.069292
312.372,-0.67284,1.271124,1.326898,-0.14839,0.070657,-2.362679,-0.040129
312.452,-0.78898,1.256259,1.326135,-0.22952,0.061826,-2.341081,-0.010565
312.531,-0.903053,1.240599,1.324346,-0.309456,0.053058,-2.317926,0.018638
312.61,-1.016425,1.223978,1.32153,-0.389153,0.044248,-2.292974,0.047826
312.689,-1.12901,1.206407,1.31769,-0.468547,0.035404,-2.266243,0.076978
312.768,-1.240718,1.1879,1.312827,-0.547578,0.026533,-2.237755,0.106069
312.863,-1.37377,1.164427,1.305632,-0.642048,0.015838,-2.201201,0.140941
312.942,-1.483245,1.143911,1.298533,-0.720063,0.006931,-2.168921,0.169822
313.021,-1.591571,1.122508,1.290427,-0.79752,-0.001982,-2.13496,0.198571
313.1,-1.698662,1.100235,1.28132,-0.874358,-0.010893,-2.099343,0.227166
313.179,-1.804436,1.077108,1.27122,-0.950519,-0.019796,-2.062097,0.255584
313.258,-1.908811,1.053147,1.260134,-1.025942,-0.028684,-2.023253,0.283805
313.338,-2.012997,1.028049,1.247911,-1.101509,-0.037661,-1.982318,0.312158
313.417,-2.114311,1.002463,1.234868,-1.175271,-0.046497,-1.940347,0.339913
313.496,-2.213985,0.9761,1.220866,-1.248123,-0.055296,-1.896872,0.367405
313.575,-2.311942,0.948979,1.205918,-1.320006,-0.064053,-1.851926,0.394612
313.654,-2.408106,0.921123,1.190035,-1.390866,-0.07276,-1.805543,0.421513
313.733,-2.502403,0.892552,1.173229,-1.460647,-0.081411,-1.75776,0.448086
313.812,-2.594759,0.863289,1.155513,-1.529295,-0.089999,-1.708614,0.474313
313.891,-2.685103,0.833356,1.136901,-1.596757,-0.098516,-1.658143,0.500171
313.971,-2.774468,0.802387,1.117154,-1.663811,-0.107064,-1.605723,0.525962
314.05,-2.86055,0.771178,1.096783,-1.728729,-0.115421,-1.552705,0.551019
314.129,-2.944415,0.73937,1.075561,-1.792306,-0.123689,-1.498483,0.57565
314.208,-3.025996,0.70699,1.053505,-1.854493,-0.131861,-1.443098,0.599834
314.287,-3.10523,0.674061,1.030632,-1.915242,-0.139931,-1.386594,0.623553
314.366,-3.182056,0.64061,1.00696,-1.974505,-0.147892,-1.329015,0.646788
314.445,-3.256414,0.606661,0.982507,-2.032237,-0.155738,-1.270406,0.669521
314.524,-3.328247,0.572242,0.957292,-2.088393,-0.163464,-1.210811,0.691736
314.604,-3.398359,0.536936,0.931001,-2.14361,-0.171158,-1.149505,0.713685
314.683,-3.464942,0.501651,0.904312,-2.196463,-0.178623,-1.088068,0.734802
314.762,-3.528838,0.465978,0.876922,-2.247613,-0.185948,-1.025787,0.75535
314.841,-3.589998,0.429943,0.848852,-2.29702,-0.19313,-0.962711,0.775312
314.92,-3.648373,0.393575,0.820123,-2.344646,-0.200162,-0.898888,0.794672
314.999,-3.703919,0.356901,0.790759,-2.390453,-0.207039,-0.834368,0.813417
315.078,-3.756593,0.319951,0.760781,-2.434406,-0.213755,-0.769201,0.83153
315.157,-3.806353,0.282752,0.730213,-2.476472,-0.220306,-0.703437,0.848999
315.237,-3.853735,0.24486,0.698681,-2.517112,-0.226765,-0.636285,0.866017
315.316,-3.897517,0.207249,0.666998,-2.555281,-0.232966,-0.569476,0.882148
315.395,-3.938276,0.169478,0.634798,-2.591467,-0.238987,-0.502225,0.897594
315.474,-3.975981,0.131576,0.602106,-2.625644,-0.244823,-0.434585,0.912344
315.553,-4.010603,0.093572,0.568946,-2.657785,-0.250468,-0.366608,0.926386
315.632,-4.042115,0.055495,0.535345,-2.687864,-0.25592,-0.298346,0.93971
315.711,-4.070491,0.017375,0.50133,-2.715859,-0.261173,-0.229853,0.952305
315.79,-4.095711,-0.020759,0.466925,-2.741748,-0.266223,-0.161182,0.964162
315.87,-4.118014,-0.059359,0.431716,-2.765798,-0.271127,-0.091514,0.975407
315.949,-4.136823,-0.09743,0.39661,-2.787388,-0.275758,-0.022646,0.98575
316.028,-4.152425,-0.135425,0.361196,-2.806817,-0.280175,0.04624,0.995328
316.107,-4.164806,-0.173315,0.325503,-2.824069,-0.284375,0.11509,1.004135
316.186,-4.173958,-0.211071,0.289557,-2.839131,-0.288354,0.183851,1.012163
316.265,-4.179872,-0.248664,0.253386,-2.851991,-0.29211,0.25247,1.019406
316.344,-4.182545,-0.286063,0.217019,-2.86264,-0.295639,0.320892,1.025858
316.423,-4.181974,-0.323241,0.180483,-2.871068,-0.298939,0.389066,1.031515
316.503,-4.178091,-0.360633,0.143343,-2.877334,-0.302044,0.457795,1.036428
316.582,-4.170996,-0.397277,0.106555,-2.881276,-0.304875,0.525308,1.040471
316.661,-4.160666,-0.433613,0.069684,-2.882984,-0.30747,0.592413,1.043707
316.74,-4.147109,-0.469612,0.032759,-2.882456,-0.309826,0.659059,1.046134
316.819,-4.130336,-0.505248,-0.004191,-2.879692,-0.311941,0.725194,1.047749
316.914,-4.105926,-0.547579,-0.048618,-2.873412,-0.314165,0.803974,1.048616
316.993,-4.082119,-0.582315,-0.085523,-2.865735,-0.315746,0.868803,1.04844
317.072,-4.055146,-0.6166,-0.122362,-2.855835,-0.317082,0.932958,1.047452
317.151,-4.025028,-0.650406,-0.159106,-2.843721,-0.318172,0.996389,1.045652
317.23,-3.991789,-0.683708,-0.195727,-2.829401,-0.319016,1.059048,1.04304
317.309,-3.955454,-0.71648,-0.232195,-2.812888,-0.319612,1.120886,1.03962
317.389,-3.915533,-0.7491,-0.268942,-2.793942,-0.319963,1.18262,1.035335
317.468,-3.873055,-0.780728,-0.30502,-2.773052,-0.32006,1.242659,1.030295
317.578,-3.808914,-0.823753,-0.354855,-2.740387,-0.319781,1.324644,1.021948
317.657,-3.759309,-0.853892,-0.39032,-2.714383,-0.319285,1.382302,1.015004
317.736,-3.70679,-0.88337,-0.425483,-2.686273,-0.31854,1.438888,1.007273
317.815,-3.651395,-0.912162,-0.460316,-2.65608,-0.317549,1.494358,0.998761
317.895,-3.592414,-0.940597,-0.495225,-2.623406,-0.316294,1.549349,0.989353
317.974,-3.531366,-0.967944,-0.529313,-2.589093,-0.314808,1.602444,0.979289
318.053,-3.46758,-0.994539,-0.562989,-2.552772,-0.313078,1.654296,0.968466
318.132,-3.401104,-1.020363,-0.596229,-2.514471,-0.311105,1.704865,0.956892
318.211,-3.331991,-1.045396,-0.629007,-2.474221,-0.308891,1.754112,0.944576
318.29,-3.260294,-1.069619,-0.661297,-2.432051,-0.306437,1.801999,0.931527
318.369,-3.186068,-1.093011,-0.693073,-2.387996,-0.303746,1.848488,0.917756
318.448,-3.109372,-1.115556,-0.724313,-2.342088,-0.300819,1.893544,0.903273
318.528,-3.029247,-1.137505,-0.755375,-2.293748,-0.297617,1.937673,0.887893
318.607,-2.94776,-1.158292,-0.78546,-2.244223,-0.294223,1.979738,0.872013
318.686,-2.863987,-1.17818,-0.814935,-2.192957,-0.290601,2.020269,0.855456
318.765,-2.777992,-1.197155,-0.843779,-2.13999,-0.286753,2.059232,0.838235
318.844,-2.689844,-1.215201,-0.871968,-2.085364,-0.282684,2.096599,0.820365
318.939,-2.581086,-1.235653,-0.904969,-2.017536,-0.277499,2.139377,0.798034
319.018,-2.488435,-1.251606,-0.931641,-1.959406,-0.272951,2.173126,0.778781
319.097,-2.393855,-1.266589,-0.95759,-1.899756,-0.268191,2.205189,0.758925
319.176,-2.297418,-1.280589,-0.982796,-1.838633,-0.263223,2.235543,0.73848
319.255,-2.1992,-1.293596,-1.00724,-1.776084,-0.258051,2.264162,0.717462
319.334,-2.099275,-1.3056,-1.030903,-1.712157,-0.252678,2.291026,0.695887
319.414,-1.996428,-1.316724,-1.054051,-1.646068,-0.247038,2.316419,0.67349
319.493,-1.893307,-1.326681,-1.076087,-1.579521,-0.241276,2.339687,0.650847
319.572,-1.788719,-1.33561,-1.097288,-1.511749,-0.235327,2.36114,0.627699
319.651,-1.682743,-1.343503,-1.117639,-1.442804,-0.229195,2.380762,0.604065
319.73,-1.575462,-1.350353,-1.137122,-1.37274,-0.222885,2.398538,0.579962
319.809,-1.466959,-1.356157,-1.155724,-1.301612,-0.216403,2.414454,0.555409
319.888,-1.357319,-1.360909,-1.17343,-1.229474,-0.209752,2.428497,0.530426
319.967,-1.246626,-1.364605,-1.190225,-1.156383,-0.202939,2.440657,0.505031
320.047,-1.133547,-1.36727,-1.206293,-1.081453,-0.19588,2.451042,0.478915
320.126,-1.020996,-1.368834,-1.221218,-1.006616,-0.188756,2.459385,0.452753
320.205,-0.907654,-1.369337,-1.235196,-0.930997,-0.181485,2.46582,0.426239
320.284,-0.793607,-1.368778,-1.248216,-0.854657,-0.174074,2.470343,0.399394
320.363,-0.678946,-1.367157,-1.260268,-0.777654,-0.166527,2.47295,0.37224
320.442,-0.563757,-1.364476,-1.271343,-0.700048,-0.158852,2.473639,0.344797
320.521,-0.448132,-1.360737,-1.281432,-0.621899,-0.151053,2.472409,0.317087
320.6,-0.332159,-1.355943,-1.290527,-0.543267,-0.143137,2.469263,0.289131
320.68,-0.214456,-1.350016,-1.298717,-0.463211,-0.135008,2.464125,0.260592
320.759,-0.098056,-1.34311,-1.305792,-0.383795,-0.126875,2.457128,0.232207
320.838,0.018419,-1.335162,-1.311853,-0.30408,-0.118644,2.448226,0.203642
320.917,0.134881,-1.326179,-1.316898,-0.22413,-0.110321,2.437425,0.174919
320.996,0.251238,-1.316167,-1.320921,-0.144006,-0.101912,2.424734,0.14606
321.075,0.367399,-1.305135,-1.323919,-0.06377,-0.093424,2.410162,0.117088
321.154,0.483276,-1.29309,-1.325891,0.016516,-0.084863,2.393721,0.088025
321.233,0.598779,-1.280043,-1.326835,0.096788,-0.076237,2.375424,0.058894
321.313,0.715269,-1.265818,-1.326742,0.178,-0.067442,2.355018,0.029347
321.392,0.829746,-1.250784,-1.325615,0.258058,-0.058703,2.333029,0.000147
321.471,0.943579,-1.23478,-1.323459,0.337916,-0.04992,2.309231,-0.029053
321.55,1.056681,-1.217818,-1.320278,0.417512,-0.041097,2.283642,-0.05823
321.629,1.168963,-1.199912,-1.316072,0.496784,-0.032243,2.256282,-0.087363
321.708,1.280338,-1.181075,-1.310846,0.57567,-0.023363,2.227172,-0.116428
321.787,1.39072,-1.161322,-1.304603,0.654111,-0.014466,2.196335,-0.145402
321.866,1.500024,-1.140669,-1.297349,0.732044,-0.005557,2.163794,-0.174264
321.946,1.609526,-1.118852,-1.288977,0.810384,0.003469,2.129132,-0.203353
322.025,1.716403,-1.096435,-1.279704,0.887114,0.012379,2.093241,-0.23192
322.104,1.821949,-1.073168,-1.269439,0.963155,0.02128,2.055727,-0.260307
322.183,1.926082,-1.049069,-1.258189,1.038449,0.030164,2.016619,-0.288492
322.262,2.028722,-1.024156,-1.245963,1.112939,0.039025,1.975946,-0.316454
322.341,2.129788,-0.998449,-1.232771,1.186564,0.047856,1.933742,-0.34417
322.42,2.229202,-0.971967,-1.218623,1.25927,0.056649,1.890037,-0.371619
322.499,2.326888,-0.944732,-1.20353,1.330999,0.065399,1.844867,-0.39878
322.579,2.423971,-0.916405,-1.187295,1.402584,0.074208,1.797667,-0.425969
322.658,2.517948,-0.887717,-1.170336,1.47218,0.082848,1.749655,-0.452487
322.737,2.609974,-0.858341,-1.152469,1.540634,0.091425,1.700285,-0.478653
322.816,2.699975,-0.828299,-1.133709,1.607893,0.09993,1.649597,-0.504448
322.895,2.787882,-0.797615,-1.11407,1.673906,0.108358,1.597629,-0.529852
322.99,2.890724,-0.759899,-1.08931,1.751564,0.118381,1.533499,-0.559856
323.069,2.973781,-0.727884,-1.067788,1.814651,0.126615,1.478857,-0.584329
323.148,3.054532,-0.695305,-1.045439,1.87633,0.134752,1.423069,-0.608349
323.227,3.132914,-0.662187,-1.022279,1.936554,0.142783,1.366176,-0.631897
323.306,3.208867,-0.628555,-0.998326,1.995277,0.150704,1.308224,-0.654956
323.385,3.282331,-0.594436,-0.973599,2.052452,0.158508,1.249258,-0.677506
323.465,3.354131,-0.559415,-0.947789,2.108729,0.166286,1.188558,-0.699806
323.544,3.422415,-0.524396,-0.921562,2.162656,0.173836,1.127689,-0.721282
323.623,3.488046,-0.488969,-0.894621,2.214907,0.181252,1.065946,-0.742198
323.702,3.550971,-0.453164,-0.866986,2.265439,0.188527,1.003376,-0.762538
323.781,3.611143,-0.417007,-0.838678,2.314215,0.195656,0.940027,-0.782288
323.86,3.668514,-0.380526,-0.80972,2.361196,0.202633,0.87595,-0.80143
323.939,3.72304,-0.343751,-0.780134,2.406346,0.209453,0.811193,-0.819951
324.018,3.774679,-0.306708,-0.749943,2.44963,0.216111,0.745808,-0.837836
324.098,3.823988,-0.268955,-0.718778,2.491525,0.222682,0.679005,-0.855285
324.177,3.869697,-0.231464,-0.68744,2.530953,0.228997,0.612508,-0.871849
324.256,3.912405,-0.193793,-0.65557,2.568418,0.235135,0.545535,-0.887737
324.335,3.952078,-0.155972,-0.623191,2.60389,0.24109,0.478139,-0.902936
324.414,3.988687,-0.118029,-0.590329,2.637344,0.246859,0.410373,-0.917435
324.493,4.022202,-0.079996,-0.55701,2.668752,0.252435,0.342288,-0.931222
324.572,4.052598,-0.0419,-0.523258,2.698091,0.257816,0.273938,-0.944287
324.651,4.079851,-0.003772,-0.4891,2.725337,0.262998,0.205375,-0.95662
324.731,4.104225,0.034842,-0.454124,2.750774,0.268036,0.135782,-0.968353
324.81,4.125091,0.072946,-0.41923,2.773746,0.272803,0.066953,-0.979184
324.889,4.142757,0.110993,-0.384011,2.794567,0.277358,-0.001928,-0.989255
324.968,4.157211,0.148955,-0.348495,2.813222,0.281698,-0.070807,-0.998559
325.047,4.168442,0.1868,-0.312708,2.829694,0.28582,-0.139631,-1.007088
325.126,4.176439,0.224501,-0.276678,2.843972,0.28972,-0.208348,-1.014837
325.205,4.181197,0.262028,-0.240434,2.856044,0.293395,-0.276902,-1.021799
325.284,4.182713,0.299352,-0.204004,2.865901,0.296843,-0.345242,-1.027968
325.364,4.180943,0.336911,-0.166951,2.873619,0.300099,-0.414174,-1.033402
325.443,4.175931,0.373738,-0.130231,2.878997,0.303081,-0.481921,-1.037963
325.522,4.167681,0.410275,-0.09341,2.882142,0.305828,-0.549295,-1.041718
325.601,4.156199,0.446495,-0.056517,2.883052,0.308338,-0.616242,-1.044666
325.68,4.141494,0.482367,-0.01958,2.881727,0.310608,-0.682712,-1.046803
325.759,4.123577,0.517866,0.017373,2.878166,0.312638,-0.748652,-1.048129
325.838,4.102462,0.552963,0.054311,2.872373,0.314425,-0.814011,-1.048642
325.917,4.078166,0.587631,0.091208,2.864353,0.315968,-0.878739,-1.048341
325.997,4.050339,0.622274,0.1285,2.853968,0.317281,-0.943592,-1.047208
326.076,4.019699,0.655998,0.165225,2.841485,0.31833,-1.006898,-1.045272
326.155,3.985941,0.689213,0.201822,2.826798,0.319133,-1.069423,-1.042526
326.234,3.949092,0.721894,0.238263,2.80992,0.319687,-1.131119,-1.038971
326.313,3.909181,0.754015,0.274519,2.790862,0.319994,-1.191938,-1.03461
326.392,3.866238,0.785551,0.310562,2.769639,0.320053,-1.251832,-1.029447
326.471,3.820296,0.816478,0.346364,2.746269,0.319863,-1.310755,-1.023485
326.55,3.771392,0.846772,0.381898,2.720769,0.319426,-1.368662,-1.01673
326.63,3.718889,0.87678,0.417579,2.692796,0.31873,-1.42622,-1.009086
326.709,3.664139,0.905728,0.452489,2.663071,0.317794,-1.481946,-1.000749
326.788,3.606548,0.933975,0.487047,2.631281,0.316612,-1.536522,-0.991637
326.867,3.54616,0.961496,0.521228,2.59745,0.315184,-1.589907,-0.981756
326.946,3.483021,0.988273,0.555005,2.561605,0.313512,-1.642059,-0.971113
327.041,3.403523,1.019455,0.595051,2.515872,0.31118,-1.703083,-0.957318
327.12,3.334503,1.044517,0.627845,2.475691,0.308974,-1.752378,-0.945028
327.199,3.262897,1.068768,0.660153,2.433589,0.306529,-1.800314,-0.932006
327.278,3.18876,1.092191,0.691948,2.3896,0.303846,-1.846853,-0.91826
327.357,3.112151,1.114767,0.723207,2.343758,0.300927,-1.89196,-0.903802
327.436,3.033128,1.136478,0.753906,2.296098,0.297775,-1.935601,-0.888644
327.516,2.950708,1.157565,0.784396,2.246021,0.294348,-1.978263,-0.872591
327.595,2.867015,1.177486,0.813894,2.194816,0.290734,-2.018849,-0.856058
327.674,2.781099,1.196494,0.842761,2.14191,0.286895,-2.057869,-0.838861
327.753,2.693026,1.214573,0.870973,2.087342,0.282833,-2.095293,-0.821014
327.832,2.602865,1.231711,0.898511,2.031155,0.278551,-2.131092,-0.80253
327.911,2.510685,1.247894,0.925352,1.973394,0.274054,-2.165238,-0.783423
327.99,2.416557,1.263108,0.951475,1.914102,0.269344,-2.197705,-0.763709
328.069,2.320556,1.277344,0.97686,1.853325,0.264425,-2.228468,-0.743403
328.149,2.221506,1.29075,1.001794,1.790315,0.259235,-2.257859,-0.722252
328.228,2.12196,1.302981,1.025635,1.726694,0.253907,-2.285121,-0.700802
328.307,2.020768,1.314201,1.04868,1.661735,0.248383,-2.31061,-0.678808
328.386,1.918009,1.324402,1.070913,1.595487,0.242666,-2.334308,-0.656288
328.465,1.813763,1.333577,1.092314,1.528002,0.236761,-2.356195,-0.633259
328.544,1.70811,1.341717,1.112869,1.459332,0.230672,-2.376255,-0.609738
328.623,1.601133,1.348816,1.13256,1.38953,0.224404,-2.394472,-0.585745
328.702,1.492913,1.35487,1.151374,1.31865,0.217962,-2.410832,-0.561298
328.782,1.382145,1.359929,1.169515,1.245831,0.211267,-2.425494,-0.536098
328.861,1.271682,1.363864,1.186517,1.17295,0.20449,-2.438079,-0.510794
328.94,1.160232,1.366741,1.202599,1.09916,0.197555,-2.448774,-0.485094
329.019,1.047883,1.368558,1.217748,1.024517,0.190466,-2.45757,-0.459018
329.098,0.934722,1.369313,1.231953,0.949079,0.18323,-2.46446,-0.432586
329.177,0.820835,1.369007,1.245202,0.872905,0.175852,-2.469439,-0.405818
329.256,0.706312,1.367639,1.257486,0.796055,0.168337,-2.472502,-0.378736
329.335,0.591241,1.365211,1.268794,0.718587,0.160692,-2.473649,-0.35136
329.415,0.474247,1.361673,1.279243,0.639571,0.152823,-2.472854,-0.32336
329.494,0.358344,1.357116,1.288563,0.561043,0.144933,-2.47014,-0.295457
329.573,0.242164,1.351507,1.296883,0.48208,0.13693,-2.46551,-0.267325
329.652,0.125796,1.34485,1.304198,0.402743,0.128822,-2.458968,-0.238986
329.731,0.00933,1.33715,1.310502,0.323094,0.120613,-2.450519,-0.210462
329.81,-0.107143,1.328412,1.315789,0.243194,0.112311,-2.44017,-0.181775
329.889,-0.223533,1.318645,1.320055,0.163105,0.103922,-2.427928,-0.152946
329.968,-0.339749,1.307855,1.323298,0.082891,0.095453,-2.413803,-0.123999
330.048,-0.457168,1.295895,1.325536,0.001595,0.0868,-2.397592,-0.094587
330.127,-0.572763,1.283073,1.326712,-0.078686,0.078188,-2.379713,-0.06547
330.206,-0.687913,1.269256,1.326859,-0.158905,0.069516,-2.359988,-0.036301
330.285,-0.80253,1.254454,1.325977,-0.239002,0.060789,-2.338432,-0.007104
330.364,-0.916525,1.23868,1.324066,-0.318913,0.052016,-2.315063,0.022098
330.443,-1.029808,1.221945,1.321129,-0.398577,0.043202,-2.289899,0.051283
330.522,-1.142293,1.204262,1.317167,-0.477932,0.034354,-2.262959,0.080428
330.601,-1.253893,1.185646,1.312183,-0.556916,0.02548,-2.234264,0.109511
330.681,-1.365913,1.165857,1.3061,-0.636459,0.016474,-2.20344,0.138875
330.76,-1.475468,1.145405,1.299073,-0.714512,0.007567,-2.171282,0.167765
330.839,-1.583878,1.124065,1.291039,-0.792011,-0.001346,-2.137439,0.196523
330.918,-1.69106,1.101853,1.282003,-0.868895,-0.010257,-2.101939,0.22513
330.997,-1.796931,1.078787,1.271974,-0.945106,-0.019161,-2.064809,0.253562
331.092,-1.922391,1.049943,1.258607,-1.035776,-0.029848,-2.018042,0.28749
331.171,-2.025085,1.025059,1.246416,-1.110294,-0.03871,-1.977425,0.31546
331.25,-2.126209,0.99938,1.233258,-1.183952,-0.047541,-1.935274,0.343185
331.329,-2.225683,0.972925,1.219144,-1.256692,-0.056336,-1.891623,0.370644
331.408,-2.323432,0.945717,1.204085,-1.328457,-0.065088,-1.846504,0.397816
331.487,-2.419379,0.917774,1.188092,-1.399191,-0.073788,-1.799954,0.424679
331.567,-2.514627,0.888753,1.170957,-1.469715,-0.082541,-1.751392,0.451546
331.646,-2.606723,0.859401,1.153123,-1.538211,-0.09112,-1.70207,0.477725
331.725,-2.696798,0.829382,1.134394,-1.605514,-0.099628,-1.651428,0.503534
331.804,-2.784781,0.798721,1.114786,-1.671572,-0.108059,-1.599505,0.528953
331.883,-2.870605,0.76744,1.094313,-1.736333,-0.116406,-1.546342,0.553961
331.962,-2.954202,0.735563,1.072991,-1.799748,-0.124663,-1.49198,0.578539
332.041,-3.035508,0.703116,1.050837,-1.861767,-0.132823,-1.436461,0.602669
332.12,-3.11446,0.670124,1.027869,-1.922342,-0.14088,-1.379827,0.626331
332.2,-3.19195,0.636185,1.003797,-1.982165,-0.148927,-1.321387,0.649798
332.279,-3.26598,0.602173,0.979243,-2.039693,-0.156758,-1.262645,0.672465
332.358,-3.337478,0.567695,0.953929,-2.095639,-0.164468,-1.202924,0.69461
332.437,-3.406387,0.532776,0.927876,-2.14996,-0.17205,-1.142271,0.716216
332.516,-3.472655,0.497444,0.901103,-2.202614,-0.179498,-1.080731,0.737267
332.595,-3.536229,0.461726,0.873631,-2.253559,-0.186807,-1.018354,0.757746
332.674,-3.597061,0.42565,0.845482,-2.302757,-0.193971,-0.955186,0.777637
332.753,-3.655104,0.389244,0.816676,-2.350169,-0.200985,-0.891278,0.796926
332.833,-3.710992,0.35207,0.786861,-2.396324,-0.207929,-0.825857,0.815828
332.912,-3.763286,0.315086,0.756805,-2.440031,-0.214624,-0.760609,0.833858
332.991,-3.812661,0.277857,0.726162,-2.481847,-0.221152,-0.694771,0.851241
333.07,-3.859079,0.240412,0.694955,-2.521737,-0.227509,-0.628394,0.867964
333.149,-3.902505,0.202782,0.663209,-2.559672,-0.233689,-0.56153,0.884014
333.228,-3.942904,0.164994,0.63095,-2.595622,-0.239688,-0.49423,0.899378
333.307,-3.980245,0.127078,0.5982,-2.629559,-0.245502,-0.426547,0.914045
333.386,-4.0145,0.089063,0.564987,-2.661457,-0.251124,-0.358533,0.928003
333.466,-4.046015,0.050497,0.530907,-2.691655,-0.25662,-0.289375,0.941404
333.545,-4.073979,0.012374,0.496839,-2.719375,-0.261847,-0.220856,0.953903
333.624,-4.098784,-0.02576,0.462385,-2.744986,-0.26687,-0.152165,0.965662
333.703,-4.120409,-0.063873,0.427573,-2.768468,-0.271687,-0.083357,0.976672
333.782,-4.13884,-0.101936,0.392429,-2.789803,-0.276292,-0.014483,0.986925
333.861,-4.15406,-0.139921,0.356981,-2.808975,-0.280684,0.054401,0.996412
333.94,-4.166059,-0.177797,0.321256,-2.825968,-0.284858,0.123244,1.005127
334.019,-4.174827,-0.215535,0.285282,-2.84077,-0.288811,0.19199,1.013062
334.099,-4.180407,-0.25358,0.248627,-2.853514,-0.292586,0.261456,1.020297
334.178,-4.182655,-0.290952,0.212236,-2.863872,-0.296085,0.329848,1.026646
334.257,-4.181658,-0.328098,0.175681,-2.872008,-0.299355,0.397986,1.032198
334.336,-4.177419,-0.36499,0.138989,-2.877918,-0.302392,0.465814,1.036949
334.415,-4.16994,-0.401599,0.10219,-2.881595,-0.305195,0.533281,1.040897
334.494,-4.159228,-0.437897,0.065311,-2.883038,-0.307761,0.600335,1.044037
334.573,-4.145289,-0.473854,0.028382,-2.882245,-0.310089,0.666923,1.046368
334.652,-4.128136,-0.509445,-0.00857,-2.879217,-0.312176,0.732994,1.047887
334.732,-4.107504,-0.545083,-0.045982,-2.873875,-0.314043,0.799322,1.048597
334.811,-4.083923,-0.57985,-0.082891,-2.866357,-0.315641,0.864197,1.04848
334.89,-4.057176,-0.614168,-0.119735,-2.856616,-0.316995,0.928401,1.04755
334.969,-4.027282,-0.648009,-0.156487,-2.844659,-0.318103,0.991886,1.045807
335.048,-3.994264,-0.681348,-0.193117,-2.830496,-0.318964,1.054602,1.043253
335.143,-3.95046,-0.720737,-0.236965,-2.81056,-0.319672,1.128932,1.039111
335.222,-3.910658,-0.752878,-0.273228,-2.791579,-0.319987,1.189783,1.034779
335.301,-3.867822,-0.784436,-0.30928,-2.770434,-0.320055,1.249711,1.029645
335.38,-3.821987,-0.815385,-0.345091,-2.74714,-0.319874,1.308669,1.023712
335.459,-3.773188,-0.845702,-0.380634,-2.721716,-0.319445,1.366613,1.016985
335.538,-3.721463,-0.875363,-0.415883,-2.694181,-0.318769,1.423497,1.009469
335.618,-3.666142,-0.904707,-0.451249,-2.664168,-0.317832,1.479976,1.00106
335.697,-3.608652,-0.932979,-0.48582,-2.632451,-0.316659,1.534595,0.991975
335.776,-3.548363,-0.960527,-0.520015,-2.598693,-0.31524,1.588023,0.982121
335.855,-3.485322,-0.98733,-0.553807,-2.562919,-0.313576,1.640219,0.971506
335.934,-3.419578,-1.013368,-0.587169,-2.525158,-0.31167,1.691144,0.960137
336.013,-3.351182,-1.038619,-0.620076,-2.485438,-0.309521,1.740756,0.948023
336.092,-3.280187,-1.063066,-0.652502,-2.443791,-0.307133,1.789019,0.935174
336.171,-3.206648,-1.086687,-0.684422,-2.400249,-0.304507,1.835895,0.9216
336.251,-3.129644,-1.109749,-0.716205,-2.354258,-0.301606,1.881913,0.907125
336.33,-3.051161,-1.131657,-0.747031,-2.307005,-0.298507,1.925887,0.892124
336.409,-2.970311,-1.152687,-0.777279,-2.257963,-0.295176,1.968367,0.876431
336.488,-2.887157,-1.172823,-0.806924,-2.20717,-0.291616,2.009321,0.860058
336.567,-2.801765,-1.192049,-0.835942,-2.154665,-0.28783,2.048717,0.843018
336.646,-2.714199,-1.210351,-0.864313,-2.10049,-0.28382,2.086524,0.825324
336.725,-2.624529,-1.227715,-0.892013,-2.044685,-0.279591,2.122713,0.80699
336.804,-2.532823,-1.244126,-0.919022,-1.987294,-0.275145,2.157255,0.78803
336.884,-2.437955,-1.259762,-0.945646,-1.927607,-0.270425,2.19053,0.768208
336.963,-2.34237,-1.274219,-0.971199,-1.867161,-0.265553,2.221679,0.748034
337.042,-2.244969,-1.287688,-0.995999,-1.805267,-0.260475,2.251106,0.72728
337.121,-2.145826,-1.300158,-1.020027,-1.741974,-0.255195,2.278786,0.705961
337.2,-2.04502,-1.31162,-1.043263,-1.677329,-0.249717,2.3047,0.684096
337.279,-1.942627,-1.322065,-1.065691,-1.611383,-0.244045,2.328826,0.661699
337.358,-1.838728,-1.331485,-1.087292,-1.544188,-0.238184,2.351146,0.63879
337.437,-1.733403,-1.339872,-1.10805,-1.475795,-0.232139,2.371643,0.615385
337.517,-1.625375,-1.347306,-1.128195,-1.405371,-0.225833,2.390524,0.591198
337.596,-1.517428,-1.353596,-1.147208,-1.334729,-0.21943,2.407304,0.566851
337.675,-1.408305,-1.358836,-1.16533,-1.263053,-0.212857,2.422218,0.542065
337.754,-1.298089,-1.363022,-1.18255,-1.190397,-0.206119,2.435252,0.516858
337.833,-1.186867,-1.366151,-1.198852,-1.116818,-0.199221,2.446399,0.491251
337.912,-1.074725,-1.368221,-1.214224,-1.042373,-0.192169,2.455647,0.465263
337.991,-0.961749,-1.36923,-1.228655,-0.967119,-0.184967,2.462992,0.438914
338.07,-0.848027,-1.369177,-1.242133,-0.891115,-0.177622,2.468426,0.412224
338.15,-0.732195,-1.368041,-1.2548,-0.813446,-0.170044,2.471979,0.384871
338.229,-0.61724,-1.365851,-1.266329,-0.736112,-0.162427,2.473558,0.35756
338.308,-0.501806,-1.362603,-1.276876,-0.658207,-0.154685,2.473218,0.329971
338.387,-0.385983,-1.358297,-1.286433,-0.579792,-0.146823,2.470961,0.302126
338.466,-0.269861,-1.352938,-1.294992,-0.500927,-0.138847,2.466787,0.274047
338.545,-0.15353,-1.346531,-1.302547,-0.421673,-0.130763,2.4607,0.245755
338.624,-0.037079,-1.339078,-1.309092,-0.342093,-0.122578,2.452705,0.217273
338.703,0.079401,-1.330588,-1.314622,-0.262247,-0.114297,2.442807,0.188622
338.783,0.197291,-1.320938,-1.319182,-0.181184,-0.105822,2.430854,0.15946
338.862,0.313555,-1.310378,-1.322656,-0.100992,-0.09737,2.417153,0.130537
338.941,0.429575,-1.298801,-1.325105,-0.020722,-0.088842,2.401578,0.101514
339.02,0.545262,-1.286218,-1.326525,0.059564,-0.080246,2.38414,0.072412
339.099,0.660527,-1.272637,-1.326917,0.139804,-0.071587,2.364853,0.043253
339.194,0.798449,-1.254999,-1.326026,0.236146,-0.061102,2.339233,0.008147
339.273,0.912468,-1.23926,-1.324152,0.316065,-0.05233,2.315928,-0.021056
339.352,1.025778,-1.222559,-1.321251,0.395739,-0.043517,2.290828,-0.050242
339.431,1.138293,-1.20491,-1.317326,0.475105,-0.034671,2.263951,-0.079389
339.51,1.249926,-1.186326,-1.312379,0.554104,-0.025798,2.235318,-0.108474
339.589,1.360589,-1.166823,-1.306414,0.632673,-0.016904,2.204952,-0.137476
339.669,1.471577,-1.14615,-1.299341,0.711735,-0.007885,2.172459,-0.166736
339.748,1.580029,-1.124842,-1.291343,0.789255,0.001028,2.138676,-0.195499
339.827,1.687257,-1.102661,-1.282343,0.866162,0.009939,2.103235,-0.224112
339.906,1.793176,-1.079625,-1.272349,0.942398,0.018843,2.066162,-0.25255
339.985,1.897704,-1.055752,-1.261368,1.017903,0.027733,2.027488,-0.280793
340.064,2.00076,-1.03106,-1.249408,1.092618,0.036601,1.987241,-0.308818
340.143,2.102265,-1.005568,-1.23648,1.166486,0.045441,1.945453,-0.336604
340.222,2.20214,-0.979297,-1.222593,1.23945,0.054245,1.902156,-0.364128
340.302,2.301538,-0.951919,-1.207564,1.312357,0.063118,1.856808,-0.391713
340.381,2.397898,-0.92414,-1.19178,1.383329,0.071831,1.810577,-0.418647
340.46,2.492398,-0.895645,-1.175072,1.453228,0.080488,1.762943,-0.445257
340.539,2.584965,-0.866455,-1.157453,1.522,0.089082,1.713941,-0.471522
340.618,2.675527,-0.836593,-1.138936,1.589592,0.097608,1.66361,-0.497421
340.697,2.764015,-0.806082,-1.119536,1.655951,0.106058,1.611989,-0.522934
340.776,2.850359,-0.774946,-1.099267,1.721026,0.114425,1.559117,-0.548041
340.855,2.934492,-0.74321,-1.078146,1.784766,0.122704,1.505037,-0.572724
340.935,3.017372,-0.710484,-1.055906,1.847902,0.130991,1.449083,-0.597266
341.014,3.09686,-0.677612,-1.03312,1.908807,0.139072,1.392697,-0.621036
341.093,3.173947,-0.644216,-1.009532,1.968232,0.147045,1.335231,-0.644324
341.172,3.248572,-0.610319,-0.985162,2.02613,0.154904,1.276729,-0.667112
341.251,3.320678,-0.575949,-0.960027,2.082457,0.162643,1.217238,-0.689382
341.33,3.390209,-0.541133,-0.934148,2.137169,0.170255,1.156802,-0.711119
341.409,3.457111,-0.505897,-0.907545,2.190224,0.177736,1.095469,-0.732303
341.488,3.521331,-0.470269,-0.880238,2.24158,0.185079,1.033287,-0.75292
341.568,3.583582,-0.433818,-0.851889,2.291814,0.192368,0.969501,-0.773203
341.647,3.642257,-0.397484,-0.82323,2.339632,0.199417,0.905756,-0.792628
341.726,3.698108,-0.360842,-0.793933,2.385636,0.20631,0.841308,-0.811439
341.805,3.751091,-0.323919,-0.764019,2.429789,0.213044,0.776208,-0.829621
341.884,3.801165,-0.286746,-0.733514,2.472059,0.219612,0.710506,-0.84716
341.963,3.848291,-0.249351,-0.702439,2.512411,0.22601,0.644253,-0.864041
342.042,3.892433,-0.211762,-0.67082,2.550814,0.232233,0.5775,-0.880252
342.121,3.933556,-0.174008,-0.63868,2.58724,0.238276,0.510299,-0.895781
342.201,3.972091,-0.13564,-0.605629,2.622081,0.244207,0.441845,-0.910798
342.28,4.007044,-0.097645,-0.572518,2.654441,0.249873,0.373901,-0.924917
342.359,4.03889,-0.059574,-0.538964,2.684743,0.255345,0.305667,-0.938318
342.438,4.067603,-0.021457,-0.504991,2.712962,0.26062,0.237197,-0.950992
342.517,4.093162,0.016676,-0.470627,2.739077,0.265692,0.168542,-0.962928
342.596,4.115547,0.054797,-0.435897,2.763068,0.270558,0.099756,-0.974118
342.675,4.13474,0.092875,-0.40083,2.784917,0.275215,0.030894,-0.984552
342.754,4.150726,0.130881,-0.365452,2.804605,0.279658,-0.037993,-0.994222
342.834,4.163635,0.169264,-0.329337,2.822326,0.283936,-0.107722,-1.003229
342.913,4.173132,0.207036,-0.293417,2.837623,0.287939,-0.176495,-1.011341
342.992,4.179394,0.244647,-0.257269,2.85072,0.291719,-0.245131,-1.018668
343.071,4.182414,0.282069,-0.220921,2.861606,0.295272,-0.313577,-1.025205
343.15,4.18219,0.319271,-0.184403,2.870272,0.298597,-0.38178,-1.030948
343.245,4.177626,0.363678,-0.140301,2.877745,0.302288,-0.463399,-1.036794
343.324,4.170263,0.400298,-0.103505,2.881503,0.305099,-0.53088,-1.04077
343.403,4.159666,0.436607,-0.066628,2.883025,0.307674,-0.597949,-1.043939
343.482,4.145842,0.472577,-0.0297,2.882312,0.31001,-0.664555,-1.046298
343.561,4.128804,0.508181,0.007251,2.879363,0.312106,-0.730645,-1.047847
343.64,4.108563,0.543391,0.044196,2.874182,0.313959,-0.796169,-1.048582
343.72,4.084819,0.578617,0.081574,2.866663,0.315589,-0.861892,-1.048498
343.799,4.058184,0.612951,0.118422,2.857001,0.316951,-0.926122,-1.047597
343.878,4.028402,0.64681,0.155177,2.845124,0.318067,-0.989633,-1.045883
343.957,3.995496,0.680167,0.191812,2.83104,0.318937,-1.052377,-1.043359
344.036,3.959491,0.712997,0.228299,2.81476,0.31956,-1.114305,-1.040025
344.115,3.920416,0.745274,0.264608,2.796298,0.319935,-1.175368,-1.035884
344.194,3.8783,0.776972,0.300712,2.775667,0.320061,-1.235521,-1.030941
344.273,3.833177,0.808069,0.336583,2.752883,0.31994,-1.294714,-1.025197
344.353,3.784453,0.83892,0.372642,2.727636,0.319564,-1.353634,-1.018571
344.432,3.733384,0.868731,0.407959,2.700575,0.318943,-1.410761,-1.011233
344.511,3.67942,0.897868,0.44296,2.67142,0.318075,-1.466794,-1.00311
344.59,3.622603,0.926309,0.477618,2.640193,0.31696,-1.52169,-0.99421
344.669,3.562976,0.954031,0.511905,2.606919,0.3156,-1.575405,-0.984538
344.748,3.500587,0.981014,0.545795,2.571623,0.313995,-1.627899,-0.974103
344.827,3.435482,1.007235,0.579262,2.534332,0.312146,-1.67913,-0.962913
344.906,3.367713,1.032676,0.612279,2.495076,0.310055,-1.729059,-0.950976
344.986,3.296425,1.057623,0.645231,2.453352,0.307693,-1.778253,-0.938136
345.065,3.223455,1.081432,0.677267,2.410234,0.30512,-1.825445,-0.924724
345.144,3.147985,1.104403,0.708778,2.365247,0.30231,-1.871221,-0.910596
345.223,3.070074,1.126517,0.739739,2.318426,0.299266,-1.915545,-0.895761
345.302,2.989783,1.147757,0.770127,2.269807,0.29599,-1.958385,-0.880231
345.381,2.907172,1.168108,0.799917,2.219427,0.292484,-1.999705,-0.864019
345.46,2.822307,1.187552,0.829087,2.167327,0.288752,-2.039475,-0.847137
345.539,2.735253,1.206076,0.857614,2.113545,0.284795,-2.077663,-0.829598
345.619,2.644936,1.223881,0.885825,2.057413,0.280564,-2.114692,-0.811181
345.698,2.553683,1.240508,0.912991,2.000376,0.276166,-2.149609,-0.792361
345.777,2.46045,1.256173,0.939449,1.941788,0.271554,-2.182858,-0.772927
345.856,2.365309,1.270864,0.965179,1.881694,0.266732,-2.214414,-0.752893
345.935,2.268333,1.284569,0.990161,1.820141,0.261703,-2.244253,-0.732276
346.014,2.169598,1.297279,1.014374,1.757176,0.256471,-2.272352,-0.71109
346.093,2.069181,1.308982,1.037801,1.692849,0.251039,-2.298688,-0.689353
346.172,1.967159,1.31967,1.060423,1.627208,0.245414,-2.323242,-0.667082
346.252,1.862291,1.32945,1.082493,1.559452,0.239523,-2.34627,-0.644001
346.331,1.757281,1.33807,1.103442,1.491324,0.233518,-2.367179,-0.620707
346.41,1.650907,1.345653,1.123536,1.42204,0.227333,-2.386253,-0.596931
346.489,1.543253,1.352192,1.142758,1.351654,0.220971,-2.403476,-0.572692
346.568,1.434403,1.357683,1.161095,1.280219,0.214438,-2.418835,-0.548008
346.647,1.32444,1.362121,1.17853,1.207791,0.207739,-2.432318,-0.5229
346.726,1.21345,1.365502,1.195052,1.134427,0.200879,-2.443915,-0.497387
346.805,1.101519,1.367824,1.210647,1.060183,0.193862,-2.453617,-0.471487
346.885,0.9873,1.369095,1.225483,0.984161,0.186604,-2.461502,-0.444888
346.964,0.873739,1.369281,1.239176,0.908322,0.179291,-2.467368,-0.418273
347.043,0.7595,1.368406,1.251909,0.831778,0.171839,-2.47132,-0.391334
347.122,0.644672,1.366469,1.263671,0.754589,0.164253,-2.473356,-0.364092
347.201,0.529344,1.363473,1.274453,0.676814,0.156541,-2.473473,-0.336567
347.296,0.390123,1.358469,1.286109,0.582599,0.147105,-2.471074,-0.303124
347.375,0.27401,1.353148,1.294704,0.503749,0.139133,-2.466969,-0.275053
347.454,0.157684,1.346777,1.302295,0.424508,0.131053,-2.46095,-0.246768
347.533,0.041236,1.339362,1.308876,0.344938,0.122871,-2.453023,-0.218293
347.612,-0.075244,1.330908,1.314442,0.265101,0.114594,-2.443193,-0.189647
347.691,-0.191665,1.321422,1.318988,0.185058,0.106229,-2.431469,-0.160855
347.771,-0.309409,1.310772,1.32255,0.103856,0.097673,-2.417675,-0.131572
347.85,-0.425439,1.299232,1.325035,0.023588,0.089148,-2.402166,-0.102551
347.929,-0.54114,1.286684,1.326492,-0.056699,0.080554,-2.384794,-0.073451
348.008,-0.656421,1.273139,1.326921,-0.136942,0.071897,-2.365573,-0.044295
348.087,-0.771193,1.258606,1.326321,-0.217078,0.063185,-2.344518,-0.015103
348.166,-0.885367,1.243097,1.324692,-0.297046,0.054423,-2.321644,0.0141
348.245,-0.998854,1.226624,1.322035,-0.376784,0.04562,-2.296969,0.043292
348.324,-1.111566,1.209199,1.318354,-0.45623,0.036781,-2.270514,0.07245
348.404,-1.224827,1.190599,1.313584,-0.53632,0.027801,-2.241929,0.10192
348.483,-1.335716,1.171302,1.307848,-0.614991,0.018912,-2.211952,0.130943
348.562,-1.445569,1.151096,1.301098,-0.693185,0.010008,-2.180259,0.159863
348.641,-1.554302,1.129998,1.293339,-0.770841,0.001096,-2.146875,0.18866
348.72,-1.661828,1.108023,1.284577,-0.8479,-0.007817,-2.111827,0.217311
348.799,-1.768066,1.085189,1.274819,-0.924301,-0.016723,-2.07514,0.245793
348.878,-1.872933,1.061514,1.264073,-0.999985,-0.025617,-2.036845,0.274084
348.957,-1.976348,1.037015,1.252346,-1.074894,-0.034491,-1.99697,0.302163
349.037,-2.079509,1.011387,1.23948,-1.149901,-0.043449,-1.955012,0.330358
349.116,-2.179758,0.98529,1.225809,-1.223074,-0.052262,-1.912052,0.357943
349.195,-2.278317,0.958428,1.211186,-1.295298,-0.061035,-1.86761,0.385251
349.274,-2.375108,0.930823,1.195624,-1.366517,-0.06976,-1.821719,0.41226
349.353,-2.470058,0.902497,1.179135,-1.436677,-0.078431,-1.774416,0.438949
349.432,-2.563092,0.87347,1.161732,-1.505722,-0.087041,-1.725736,0.465297
349.511,-2.654139,0.843766,1.143428,-1.5736,-0.095583,-1.675718,0.491285
349.59,-2.743127,0.813408,1.124237,-1.640257,-0.104052,-1.624401,0.516892
349.67,-2.831073,0.782023,1.103914,-1.706462,-0.112545,-1.57115,0.542414
349.749,-2.915711,0.750419,1.082984,-1.770507,-0.120845,-1.517339,0.567195
349.828,-2.998088,0.718234,1.061214,-1.83318,-0.129051,-1.462351,0.591535
349.907,-3.07814,0.685492,1.038622,-1.894431,-0.137156,-1.406229,0.615416
349.986,-3.155804,0.652218,1.015223,-1.954212,-0.145155,-1.349016,0.63882
350.065,-3.231021,0.618438,0.991038,-2.012478,-0.153042,-1.290757,0.661729
350.144,-3.303733,0.584179,0.966083,-2.069184,-0.16081,-1.231497,0.684125
350.223,-3.373882,0.549466,0.94038,-2.124284,-0.168453,-1.171282,0.70599
350.303,-3.442252,0.51388,0.913608,-2.178403,-0.17606,-1.10938,0.727574
350.382,-3.507082,0.478338,0.886458,-2.230146,-0.183435,-1.047385,0.74832
350.461,-3.569192,0.442425,0.85862,-2.280159,-0.190667,-0.984578,0.768486
350.54,-3.628534,0.406168,0.830116,-2.328404,-0.197751,-0.921007,0.788056
350.619,-3.685062,0.369597,0.800969,-2.374843,-0.204682,-0.856722,0.807015
350.698,-3.738732,0.332739,0.7712,-2.419441,-0.211455,-0.791773,0.825348
350.777,-3.789503,0.295623,0.740833,-2.462162,-0.218063,-0.72621,0.843041
350.856,-3.837334,0.258278,0.709892,-2.502974,-0.224502,-0.660083,0.86008
350.936,-3.882739,0.220256,0.677998,-2.542324,-0.230845,-0.592598,0.876655
351.015,-3.924546,0.182537,0.645974,-2.579198,-0.236929,-0.525494,0.892338
351.094,-3.963309,0.144677,0.613448,-2.614072,-0.242829,-0.457982,0.90733
351.173,-3.998999,0.106704,0.580447,-2.646918,-0.248541,-0.390115,0.921618
351.252,-4.031587,0.068649,0.546996,-2.677712,-0.25406,-0.321946,0.935191
351.347,-4.066633,0.022818,0.50621,-2.711991,-0.260435,-0.239644,0.950552
351.426,-4.092305,-0.015315,0.47186,-2.738182,-0.265514,-0.170995,0.962515
351.505,-4.114803,-0.053437,0.437143,-2.762249,-0.270388,-0.102213,0.973731
351.584,-4.13411,-0.091517,0.402087,-2.784174,-0.275052,-0.033352,0.984192
351.663,-4.150211,-0.129526,0.36672,-2.80394,-0.279503,0.035535,0.99389
351.742,-4.163094,-0.167434,0.331068,-2.821531,-0.283737,0.104394,1.002817
351.822,-4.172849,-0.20569,0.294703,-2.837115,-0.2878,0.174042,1.011065
351.901,-4.179226,-0.243308,0.258563,-2.85029,-0.291588,0.242684,1.01842
351.98,-4.182362,-0.280737,0.222222,-2.861255,-0.295149,0.311138,1.024986
352.059,-4.182254,-0.317948,0.185709,-2.870001,-0.298482,0.37935,1.030756
352.138,-4.178903,-0.354912,0.149052,-2.876521,-0.301583,0.447268,1.035728
352.217,-4.172311,-0.391601,0.112279,-2.88081,-0.304451,0.51484,1.039896
352.296,-4.162483,-0.427987,0.075419,-2.882865,-0.307082,0.582012,1.043257
352.375,-4.149427,-0.46404,0.038501,-2.882685,-0.309475,0.648733,1.04581
352.455,-4.132927,-0.500184,0.001085,-2.880224,-0.311654,0.715785,1.047568
352.534,-4.113408,-0.535485,-0.035865,-2.875545,-0.313563,0.781441,1.048487
352.613,-4.090698,-0.57037,-0.072786,-2.868637,-0.315228,0.846491,1.048593
352.692,-4.064816,-0.604814,-0.109651,-2.859504,-0.316649,0.910884,1.047885
352.771,-4.035782,-0.638788,-0.146431,-2.848154,-0.317824,0.974571,1.046365
352.85,-4.003617,-0.672267,-0.183097,-2.834595,-0.318753,1.037502,1.044034
352.929,-3.968348,-0.705225,-0.219622,-2.818837,-0.319434,1.099629,1.040892
353.008,-3.930002,-0.737636,-0.255976,-2.800893,-0.319868,1.160903,1.036944
353.088,-3.888064,-0.769874,-0.292588,-2.780509,-0.320054,1.222034,1.032126
353.167,-3.843616,-0.801108,-0.328514,-2.75821,-0.319989,1.281448,1.026562
353.246,-3.796187,-0.831721,-0.364185,-2.733771,-0.319675,1.339869,1.020203
353.325,-3.745814,-0.861689,-0.399573,-2.707212,-0.319113,1.39725,1.013052
353.404,-3.692536,-0.890989,-0.434652,-2.678554,-0.318304,1.453547,1.005116
353.483,-3.636395,-0.919598,-0.469394,-2.647819,-0.317248,1.508718,0.9964
353.562,-3.577433,-0.947493,-0.503772,-2.61503,-0.315946,1.562718,0.986912
353.641,-3.515697,-0.974654,-0.537759,-2.580213,-0.314399,1.615506,0.976658
353.721,-3.450402,-1.001388,-0.571751,-2.542916,-0.312584,1.667686,0.965503
353.8,-3.383229,-1.027007,-0.604872,-2.504101,-0.310548,1.717912,0.953733
353.879,-3.313433,-1.051829,-0.637524,-2.463344,-0.308271,1.766806,0.941224
353.958,-3.241067,-1.075835,-0.669682,-2.420677,-0.305754,1.814329,0.927985
354.037,-3.166188,-1.099008,-0.70132,-2.376132,-0.303001,1.860446,0.914026
354.116,-3.088853,-1.121327,-0.732415,-2.329744,-0.300012,1.90512,0.899358
354.195,-3.009123,-1.142778,-0.762941,-2.28155,-0.296791,1.948316,0.883993
354.274,-2.927059,-1.163342,-0.792876,-2.231587,-0.29334,1.990001,0.867942
354.354,-2.841643,-1.183246,-0.822563,-2.179227,-0.289613,2.030641,0.851003
354.433,-2.755077,-1.201979,-0.851237,-2.125821,-0.285707,2.069189,0.83361
354.512,-2.666374,-1.219779,-0.879251,-2.070766,-0.28158,2.106132,0.815572
354.591,-2.575604,-1.236634,-0.906583,-2.014106,-0.277233,2.141441,0.796901
354.67,-2.482836,-1.252529,-0.933212,-1.955883,-0.272672,2.17509,0.777611
354.749,-2.388143,-1.267453,-0.959117,-1.896144,-0.2679,2.207052,0.757719
354.828,-2.291597,-1.281395,-0.984278,-1.834934,-0.262919,2.237302,0.737239
354.907,-2.193275,-1.294342,-1.008676,-1.772301,-0.257735,2.265817,0.716188
354.987,-2.091975,-1.30643,-1.032586,-1.707475,-0.252282,2.292903,0.694304
355.066,-1.990308,-1.317348,-1.055391,-1.642127,-0.246699,2.31786,0.672151
355.145,-1.887097,-1.327244,-1.077378,-1.575505,-0.240926,2.34102,0.649478
355.224,-1.782423,-1.336111,-1.098529,-1.507661,-0.234965,2.362364,0.6263
355.303,-1.676367,-1.343941,-1.118828,-1.438648,-0.228823,2.381877,0.602637
355.398,-1.547117,-1.351977,-1.142088,-1.354184,-0.221201,2.402893,0.573565
355.477,-1.438308,-1.357505,-1.160456,-1.282786,-0.214674,2.418319,0.548897
355.556,-1.328383,-1.36198,-1.177924,-1.210393,-0.207981,2.431869,0.523804
355.635,-1.217428,-1.365399,-1.194478,-1.137061,-0.201126,2.443534,0.498304
355.714,-1.105529,-1.36776,-1.210107,-1.062847,-0.194115,2.453303,0.472418
355.793,-0.992772,-1.369059,-1.224796,-0.987809,-0.186954,2.46117,0.446166
355.873,-0.877804,-1.369293,-1.238704,-0.911041,-0.179554,2.467191,0.419229
355.952,-0.763588,-1.368455,-1.251471,-0.834521,-0.172107,2.471212,0.392301
356.031,-0.64878,-1.366556,-1.263268,-0.757354,-0.164526,2.473316,0.365069
356.11,-0.533468,-1.363598,-1.274085,-0.6796,-0.156818,2.473502,0.337554
356.189,-0.417743,-1.359581,-1.283914,-0.601318,-0.148988,2.47177,0.309777
356.268,-0.301693,-1.354511,-1.292747,-0.52257,-0.141042,2.46812,0.28176
356.347,-0.18541,-1.34839,-1.300578,-0.443417,-0.132987,2.462557,0.253525
356.426,-0.068983,-1.341223,-1.3074,-0.36392,-0.124829,2.455084,0.225092
356.506,0.048972,-1.332906,-1.313275,-0.28313,-0.116469,2.445576,0.196122
356.585,0.165414,-1.323652,-1.318052,-0.203128,-0.108123,2.434279,0.167362
356.664,0.281729,-1.313372,-1.321807,-0.122968,-0.099693,2.421093,0.138471
356.743,0.397825,-1.302073,-1.324536,-0.042714,-0.091185,2.40603,0.109473
356.822,0.513612,-1.289764,-1.326238,0.037574,-0.082607,2.389101,0.08039
356.901,0.629001,-1.276456,-1.326912,0.117833,-0.073965,2.370319,0.051244
356.98,0.743902,-1.262157,-1.326557,0.198001,-0.065265,2.349699,0.022059
357.059,0.858227,-1.246879,-1.325173,0.278014,-0.056515,2.327257,-0.007143
357.139,0.97332,-1.230423,-1.322724,0.358821,-0.047609,2.302691,-0.036709
357.218,1.086215,-1.213212,-1.319274,0.438338,-0.038777,2.276636,-0.065877
357.297,1.198267,-1.19506,-1.3148,0.517515,-0.029916,2.248815,-0.094994
357.376,1.30939,-1.175982,-1.309307,0.596291,-0.021031,2.219249,-0.124037
357.455,1.419498,-1.155991,-1.302798,0.674604,-0.01213,2.187963,-0.152984
357.534,1.528505,-1.135104,-1.295279,0.752394,-0.003219,2.15498,-0.181813
357.613,1.636327,-1.113337,-1.286755,0.8296,0.005694,2.120326,-0.2105
357.692,1.742879,-1.090706,-1.277234,0.906163,0.014603,2.084027,-0.239024
357.772,1.849403,-1.066927,-1.266583,0.982979,0.023612,2.045622,-0.26772
357.851,1.953152,-1.042612,-1.255076,1.058068,0.032491,2.006101,-0.295849
357.93,2.055386,-1.017489,-1.242596,1.132336,0.041345,1.965023,-0.323748
358.009,2.156027,-0.991577,-1.229152,1.205726,0.050166,1.922422,-0.351396
358.088,2.254995,-0.964895,-1.214755,1.278181,0.058949,1.87833,-0.378772
358.167,2.352215,-0.937466,-1.199416,1.349645,0.067686,1.832781,-0.405854
358.246,2.44761,-0.909309,-1.183147,1.420062,0.07637,1.785811,-0.432621
358.325,2.541107,-0.880447,-1.16596,1.489378,0.084996,1.737456,-0.459053
358.405,2.633779,-0.850525,-1.147635,1.558394,0.093663,1.687116,-0.485456
358.484,2.723238,-0.820312,-1.128642,1.625331,0.102149,1.636088,-0.51115
358.563,2.810584,-0.789463,-1.108775,1.691008,0.110555,1.583791,-0.536448
358.642,2.895751,-0.758002,-1.088047,1.755373,0.118876,1.530266,-0.561331
358.721,2.978673,-0.725953,-1.066476,1.818377,0.127105,1.475555,-0.585777
358.8,3.059284,-0.693341,-1.044077,1.879971,0.135235,1.419699,-0.60977
358.879,3.137522,-0.660191,-1.020869,1.940107,0.14326,1.362742,-0.633289
358.958,3.213328,-0.62653,-0.99687,1.998738,0.151174,1.304728,-0.656318
359.038,3.287553,-0.591947,-0.971778,2.056531,0.159069,1.244949,-0.679119
359.117,3.358285,-0.557334,-0.946242,2.111998,0.166741,1.184946,-0.701105
359.196,3.426413,-0.52229,-0.919972,2.165826,0.174283,1.124023,-0.722548
359.275,3.491883,-0.48684,-0.892989,2.217975,0.181691,1.062229,-0.74343
359.354,3.554645,-0.451012,-0.865313,2.268404,0.188957,0.999611,-0.763735
359.449,3.626464,-0.407468,-0.831145,2.326713,0.197501,0.923289,-0.787368
359.528,3.683093,-0.370907,-0.80202,2.373217,0.204438,0.859028,-0.806349
359.607,3.736866,-0.334059,-0.772273,2.417881,0.211216,0.794102,-0.824704
359.686,3.787741,-0.296952,-0.741927,2.46067,0.21783,0.72856,-0.84242
359.765,3.835678,-0.259614,-0.711006,2.50155,0.224275,0.662452,-0.859483
359.844,3.880641,-0.222075,-0.679533,2.54049,0.230546,0.595831,-0.875879
359.924,3.923106,-0.183886,-0.647126,2.577916,0.236715,0.527896,-0.89179
360.003,3.961978,-0.14603,-0.614618,2.612862,0.242621,0.460398,-0.906807
360.082,3.997778,-0.108061,-0.581633,2.645781,0.24834,0.392543,-0.92112
360.161,4.030477,-0.070008,-0.548197,2.676649,0.253866,0.324383,-0.934719
360.24,4.060051,-0.031901,-0.514337,2.705441,0.259195,0.255972,-0.947593
360.319,4.086476,0.006231,-0.480077,2.732134,0.264323,0.187363,-0.959732
360.398,4.109732,0.044358,-0.445445,2.756709,0.269246,0.118608,-0.971127
360.477,4.129801,0.08245,-0.410468,2.779146,0.27396,0.049761,-0.981769
360.557,4.14686,0.12096,-0.374723,2.799671,0.278518,-0.019997,-0.99177
360.636,4.160469,0.158894,-0.339133,2.817754,0.282801,-0.088867,-1.000871
360.715,4.170852,0.196704,-0.30328,2.833652,0.286864,-0.157668,-1.009197
360.794,4.178001,0.234362,-0.267191,2.847352,0.290706,-0.226347,-1.016739
360.873,4.181909,0.271839,-0.230896,2.858844,0.294321,-0.29485,-1.023494
360.952,4.182574,0.309104,-0.194421,2.868119,0.297709,-0.363125,-1.029454
361.031,4.179995,0.34613,-0.157796,2.87517,0.300866,-0.431118,-1.034616
361.11,4.174175,0.382888,-0.121048,2.879991,0.303789,-0.498777,-1.038976
361.19,4.164982,0.419807,-0.083739,2.882597,0.306509,-0.566898,-1.04257
361.269,4.152654,0.455938,-0.046832,2.882921,0.308956,-0.633725,-1.045305
361.348,4.137105,0.491716,-0.009888,2.881009,0.311164,-0.700061,-1.04723
361.427,4.118348,0.527112,0.027064,2.876862,0.31313,-0.765853,-1.048342
361.506,4.096396,0.562099,0.063995,2.870485,0.314853,-0.831052,-1.048641
361.585,4.071268,0.59665,0.100876,2.861882,0.316332,-0.895606,-1.048128
361.664,4.042983,0.630739,0.137678,2.851059,0.317566,-0.959466,-1.046801
361.743,4.011562,0.664338,0.174374,2.838025,0.318554,-1.022582,-1.044662
361.823,3.976574,0.697838,0.211397,2.822583,0.319302,-1.085688,-1.041671
361.902,3.938919,0.730374,0.247792,2.805131,0.319792,-1.147158,-1.037905
361.981,3.898209,0.762344,0.283995,2.785504,0.320033,-1.207739,-1.033333
362.06,3.854476,0.793723,0.319977,2.763717,0.320027,-1.267383,-1.02796
362.139,3.807754,0.824486,0.355712,2.739786,0.319772,-1.326044,-1.02179
362.218,3.758079,0.85461,0.39117,2.713731,0.31927,-1.383677,-1.014827
362.297,3.70549,0.884071,0.426325,2.685571,0.318519,-1.440237,-1.007078
362.376,3.650027,0.912846,0.46115,2.655328,0.317522,-1.495679,-0.998547
362.456,3.590977,0.941264,0.496051,2.622604,0.316261,-1.550642,-0.989119
362.535,3.529863,0.968593,0.530128,2.588242,0.31477,-1.603707,-0.979037
362.614,3.466011,0.99517,0.563795,2.551873,0.313034,-1.655529,-0.968196
362.693,3.399471,1.020975,0.597024,2.513525,0.311055,-1.706066,-0.956604
362.772,3.330295,1.045989,0.62979,2.473228,0.308835,-1.755281,-0.94427
362.851,3.258537,1.070192,0.662068,2.431013,0.306375,-1.803135,-0.931204
362.93,3.184251,1.093564,0.693832,2.386912,0.303678,-1.84959,-0.917416
363.009,3.107496,1.116089,0.725058,2.34096,0.300746,-1.89461,-0.902916
363.089,3.027313,1.138016,0.756106,2.292577,0.297538,-1.938703,-0.887519
363.168,2.94577,1.158781,0.786177,2.243009,0.294139,-1.980732,-0.871622
363.247,2.861943,1.178648,0.815637,2.191702,0.290511,-2.021225,-0.855049
363.326,2.775896,1.1976,0.844465,2.138695,0.286658,-2.06015,-0.837813
363.405,2.687696,1.215624,0.872638,2.084029,0.282583,-2.097478,-0.819927
363.5,2.578879,1.236049,0.905619,2.016155,0.277392,-2.140209,-0.797578
363.579,2.486181,1.251979,0.932274,1.957988,0.272839,-2.173918,-0.77831
363.658,2.391555,1.266938,0.958205,1.898302,0.268074,-2.20594,-0.758439
363.737,2.295074,1.280914,0.983393,1.837144,0.263101,-2.236252,-0.73798
363.816,2.196814,1.293897,1.007819,1.774561,0.257924,-2.26483,-0.716949
363.895,2.09685,1.305877,1.031463,1.710602,0.252547,-2.291651,-0.695361
363.975,1.993963,1.316976,1.054591,1.644481,0.246902,-2.317,-0.672951
364.054,1.890807,1.326908,1.076607,1.577904,0.241135,-2.340224,-0.650296
364.133,1.786184,1.335812,1.097788,1.510103,0.235181,-2.361634,-0.627136
364.212,1.680175,1.34368,1.118118,1.44113,0.229045,-2.381212,-0.60349
364.291,1.572864,1.350505,1.137581,1.37104,0.222731,-2.398943,-0.579376
364.37,1.464333,1.356284,1.156161,1.299887,0.216245,-2.414814,-0.554813
364.449,1.354666,1.36101,1.173845,1.227726,0.20959,-2.428812,-0.529819
364.528,1.243949,1.364681,1.190618,1.154612,0.202774,-2.440927,-0.504415
364.608,1.130847,1.36732,1.206663,1.079661,0.19571,-2.451265,-0.47829
364.687,1.018277,1.368859,1.221566,1.004804,0.188582,-2.459562,-0.452118
364.766,0.904916,1.369336,1.235521,0.929168,0.181308,-2.465951,-0.425596
364.845,0.790854,1.368751,1.248518,0.852811,0.173894,-2.470428,-0.398744
364.924,0.676179,1.367105,1.260546,0.775793,0.166344,-2.472989,-0.371583
365.003,0.560979,1.364399,1.271598,0.698173,0.158666,-2.473632,-0.344133
365.082,0.445344,1.360634,1.281663,0.620011,0.150864,-2.472356,-0.316417
365.161,0.329364,1.355814,1.290734,0.541369,0.142945,-2.469164,-0.288455
365.241,0.211655,1.349862,1.2989,0.461304,0.134814,-2.463979,-0.259911
365.32,0.095253,1.342931,1.30595,0.381879,0.126678,-2.456936,-0.231522
365.399,-0.021223,1.334958,1.311987,0.302158,0.118445,-2.447988,-0.202952
365.478,-0.137683,1.32595,1.317007,0.222203,0.110119,-2.437142,-0.174226
365.557,-0.254036,1.315913,1.321005,0.142075,0.101708,-2.424405,-0.145364
365.636,-0.370193,1.304857,1.323979,0.061837,0.093219,-2.409788,-0.116389
365.715,-0.486062,1.292788,1.325926,-0.018448,0.084657,-2.393303,-0.087324
365.794,-0.601554,1.279716,1.326845,-0.09872,0.076029,-2.374961,-0.058192
365.874,-0.718032,1.265468,1.326727,-0.179929,0.067232,-2.35451,-0.028645
365.953,-0.832494,1.25041,1.325575,-0.259983,0.058492,-2.332477,0.000556
366.032,-0.946311,1.234383,1.323395,-0.339835,0.049708,-2.308636,0.029756
366.111,-1.059393,1.217398,1.320189,-0.419424,0.040884,-2.283004,0.058932
366.19,-1.171655,1.199469,1.315958,-0.498687,0.032029,-2.255601,0.088063
366.269,-1.283007,1.18061,1.310708,-0.577564,0.023149,-2.22645,0.117126
366.348,-1.393365,1.160835,1.30444,-0.655993,0.014251,-2.195571,0.146098
366.427,-1.502642,1.14016,1.297162,-0.733913,0.005342,-2.16299,0.174957
366.507,-1.612114,1.118323,1.288765,-0.812239,-0.003684,-2.128287,0.204042
366.586,-1.71896,1.095885,1.279468,-0.888953,-0.012594,-2.092357,0.232605
366.665,-1.824473,1.072598,1.269179,-0.964977,-0.021494,-2.054804,0.260988
366.744,-1.928571,1.048479,1.257906,-1.040252,-0.030378,-2.015658,0.289168
366.823,-2.031173,1.023546,1.245657,-1.114721,-0.039238,-1.974948,0.317124
366.902,-2.132201,0.99782,1.232442,-1.188326,-0.048068,-1.932707,0.344834
366.981,-2.231574,0.97132,1.218271,-1.261009,-0.056861,-1.888967,0.372276
367.06,-2.329217,0.944067,1.203155,-1.332713,-0.065609,-1.843762,0.39943
367.14,-2.426255,0.915723,1.186897,-1.404273,-0.074416,-1.796528,0.426612
367.219,-2.520187,0.887018,1.169916,-1.473841,-0.083056,-1.748482,0.453121
367.298,-2.612164,0.857626,1.152028,-1.542267,-0.09163,-1.69908,0.479279
367.377,-2.702116,0.827568,1.133247,-1.609497,-0.100134,-1.64836,0.505065
367.456,-2.789972,0.796868,1.113586,-1.675479,-0.10856,-1.596363,0.530459
367.551,-2.89275,0.759135,1.088802,-1.753099,-0.11858,-1.532198,0.56045
367.63,-2.975752,0.727107,1.06726,-1.816152,-0.126813,-1.477528,0.584912
367.709,-3.056447,0.694514,1.044891,-1.877797,-0.134946,-1.421712,0.608921
367.788,-3.134771,0.661383,1.021711,-1.937986,-0.142975,-1.364793,0.632458
367.867,-3.210665,0.62774,0.99774,-1.996672,-0.150893,-1.306817,0.655504
367.946,-3.284068,0.593609,0.972994,-2.053809,-0.158695,-1.247826,0.678042
368.026,-3.355805,0.558577,0.947166,-2.110046,-0.166469,-1.187104,0.70033
368.105,-3.424027,0.523548,0.920922,-2.163934,-0.174016,-1.126213,0.721792
368.184,-3.489593,0.488112,0.893964,-2.216143,-0.181429,-1.064449,0.742694
368.263,-3.552452,0.452297,0.866312,-2.266634,-0.1887,-1.00186,0.763021
368.342,-3.612557,0.416132,0.837989,-2.315367,-0.195826,-0.938493,0.782756
368.421,-3.66986,0.379644,0.809015,-2.362305,-0.202799,-0.874399,0.801883
368.5,-3.724317,0.342862,0.779415,-2.40741,-0.209616,-0.809627,0.820389
368.579,-3.775886,0.305814,0.749209,-2.450648,-0.216269,-0.744227,0.838259
368.659,-3.825124,0.268055,0.71803,-2.492497,-0.222836,-0.67741,0.855692
368.738,-3.87076,0.230559,0.686679,-2.531878,-0.229147,-0.610901,0.872239
368.817,-3.913395,0.192884,0.654797,-2.569295,-0.23528,-0.543917,0.888111
368.896,-3.952995,0.15506,0.622406,-2.60472,-0.241231,-0.476512,0.903293
368.975,-3.98953,0.117115,0.589533,-2.638124,-0.246995,-0.408737,0.917775
369.054,-4.02297,0.079079,0.556202,-2.669483,-0.252567,-0.340645,0.931545
369.133,-4.053291,0.040983,0.52244,-2.698771,-0.257944,-0.272289,0.944593
369.212,-4.080468,0.002854,0.488273,-2.725967,-0.26312,-0.203722,0.956908
369.292,-4.104764,-0.03576,0.453288,-2.751352,-0.268154,-0.134126,0.968623
369.371,-4.125553,-0.073863,0.418386,-2.774273,-0.272915,-0.065296,0.979435
369.45,-4.143143,-0.111908,0.38316,-2.795042,-0.277465,0.003586,0.989488
369.529,-4.15752,-0.149867,0.347636,-2.813644,-0.2818,0.072465,0.998773
369.608,-4.168672,-0.18771,0.311843,-2.830063,-0.285916,0.141287,1.007284
369.687,-4.176592,-0.225407,0.275808,-2.844288,-0.289811,0.21,1.015014
369.766,-4.181272,-0.262929,0.23956,-2.856307,-0.293481,0.27855,1.021956
369.845,-4.18271,-0.300247,0.203125,-2.866111,-0.296923,0.346884,1.028106
369.925,-4.18086,-0.337801,0.166069,-2.873774,-0.300174,0.415809,1.033522
370.004,-4.175771,-0.374621,0.129346,-2.879099,-0.30315,0.483547,1.038063
370.083,-4.167443,-0.411151,0.092523,-2.88219,-0.305891,0.550911,1.041799
370.162,-4.155883,-0.447362,0.055628,-2.883047,-0.308395,0.617848,1.044727
370.241,-4.141101,-0.483226,0.01869,-2.881667,-0.31066,0.684305,1.046845
370.32,-4.123106,-0.518716,-0.018262,-2.878053,-0.312684,0.750232,1.048151
370.399,-4.101915,-0.553803,-0.0552,-2.872207,-0.314465,0.815577,1.048644
370.478,-4.077542,-0.58846,-0.092096,-2.864133,-0.316002,0.880289,1.048324
370.558,-4.049638,-0.623091,-0.129385,-2.853693,-0.317309,0.945125,1.047171
370.637,-4.018922,-0.656804,-0.166108,-2.841157,-0.318353,1.008413,1.045216
370.716,-3.98509,-0.690006,-0.202702,-2.826418,-0.319149,1.070918,1.04245
370.795,-3.948167,-0.722674,-0.239138,-2.809486,-0.319698,1.132594,1.038875
370.874,-3.908183,-0.754781,-0.275389,-2.790376,-0.319998,1.193391,1.034495
370.953,-3.865167,-0.786303,-0.311427,-2.769102,-0.320051,1.253262,1.029313
371.032,-3.819154,-0.817215,-0.347223,-2.74568,-0.319856,1.312161,1.023332
371.111,-3.770179,-0.847493,-0.38275,-2.720129,-0.319412,1.370043,1.016558
371.191,-3.717605,-0.877485,-0.418423,-2.692105,-0.31871,1.427575,1.008894
371.27,-3.662786,-0.906417,-0.453325,-2.66233,-0.317769,1.483273,1.000539
371.349,-3.605127,-0.934646,-0.487875,-2.630491,-0.316581,1.537821,0.991408
371.428,-3.544672,-0.96215,-0.522046,-2.596611,-0.315147,1.591177,0.981508
371.507,-3.481468,-0.988908,-0.555813,-2.560718,-0.313469,1.643299,0.970847
371.602,-3.401892,-1.020068,-0.595845,-2.514928,-0.31113,1.704285,0.957031
371.681,-3.332809,-1.04511,-0.628629,-2.474699,-0.308918,1.753548,0.944723
371.76,-3.261142,-1.069342,-0.660924,-2.432552,-0.306467,1.80145,0.931683
371.839,-3.186945,-1.092744,-0.692707,-2.388518,-0.303778,1.847956,0.91792
371.918,-3.110277,-1.115299,-0.723953,-2.342632,-0.300854,1.893028,0.903446
371.997,-3.031197,-1.136989,-0.754637,-2.294929,-0.297697,1.936633,0.888271
372.077,-2.94872,-1.158055,-0.785114,-2.244808,-0.294264,1.979258,0.872201
372.156,-2.864973,-1.177954,-0.814597,-2.193563,-0.290644,2.019807,0.855652
372.235,-2.779004,-1.19694,-0.843448,-2.140615,-0.286799,2.058788,0.838439
372.314,-2.69088,-1.214997,-0.871644,-2.086008,-0.282732,2.096174,0.820576
372.393,-2.600669,-1.232112,-0.899165,-2.029783,-0.278445,2.131933,0.802077
372.472,-2.508441,-1.248271,-0.925989,-1.971984,-0.273943,2.16604,0.782956
372.551,-2.414268,-1.263463,-0.952094,-1.912656,-0.269228,2.198466,0.763227
372.63,-2.318223,-1.277674,-0.977461,-1.851844,-0.264304,2.229188,0.742907
372.71,-2.21913,-1.291056,-1.002377,-1.788799,-0.259109,2.258536,0.721742
372.789,-2.119543,-1.303263,-1.026199,-1.725146,-0.253777,2.285755,0.700278
372.868,-2.018313,-1.314459,-1.049225,-1.660155,-0.248248,2.311202,0.678272
372.947,-1.915517,-1.324635,-1.071438,-1.593877,-0.242526,2.334856,0.655739
373.026,-1.811236,-1.333785,-1.092819,-1.526363,-0.236616,2.356699,0.632698
373.105,-1.70555,-1.3419,-1.113353,-1.457665,-0.230523,2.376715,0.609166
373.184,-1.598542,-1.348974,-1.133024,-1.387836,-0.224251,2.394887,0.585162
373.263,-1.490294,-1.355002,-1.151816,-1.316931,-0.217805,2.411203,0.560704
373.343,-1.379498,-1.360036,-1.169935,-1.244088,-0.211106,2.425819,0.535493
373.422,-1.26901,-1.363945,-1.186915,-1.171185,-0.204325,2.438359,0.51018
373.501,-1.157538,-1.366797,-1.202974,-1.097373,-0.197386,2.449008,0.484471
373.58,-1.045169,-1.368588,-1.218101,-1.02271,-0.190294,2.457758,0.458386
373.659,-0.931988,-1.369319,-1.232283,-0.947254,-0.183054,2.464602,0.431945
373.738,-0.818085,-1.368987,-1.245509,-0.871063,-0.175672,2.469535,0.40517
373.817,-0.703548,-1.367593,-1.257769,-0.794197,-0.168154,2.472553,0.37808
373.896,-0.588465,-1.365139,-1.269054,-0.716715,-0.160506,2.473653,0.350697
373.976,-0.471461,-1.361575,-1.279479,-0.637686,-0.152634,2.472811,0.322691
374.055,-0.35555,-1.356993,-1.288775,-0.559147,-0.144741,2.470051,0.294783
374.134,-0.239364,-1.351359,-1.297071,-0.480174,-0.136736,2.465375,0.266646
374.213,-0.122993,-1.344677,-1.304362,-0.400829,-0.128625,2.458787,0.238302
374.292,-0.006526,-1.336951,-1.310641,-0.321173,-0.120415,2.450292,0.209773
374.371,0.109946,-1.328189,-1.315903,-0.241268,-0.112111,2.439897,0.181082
374.45,0.226333,-1.318397,-1.320145,-0.161176,-0.103719,2.42761,0.15225
374.529,0.342544,-1.307583,-1.323364,-0.080959,-0.095248,2.41344,0.123301
374.609,0.459955,-1.295598,-1.325577,0.000338,-0.086594,2.397184,0.093887
374.688,0.57554,-1.282752,-1.326728,0.080618,-0.07798,2.37926,0.064768
374.767,0.690679,-1.268911,-1.32685,0.160835,-0.069306,2.35949,0.035598
374.846,0.805282,-1.254086,-1.325943,0.240928,-0.060579,2.337891,0.006401
374.925,0.91926,-1.238288,-1.324007,0.320834,-0.051804,2.314479,-0.022801
375.004,1.032526,-1.22153,-1.321045,0.400491,-0.042989,2.289271,-0.051985
375.083,1.144991,-1.203825,-1.317059,0.479838,-0.034141,2.262289,-0.081129
375.162,1.256567,-1.185186,-1.312051,0.558812,-0.025267,2.233552,-0.11021
375.242,1.368563,-1.165375,-1.305943,0.638344,-0.01626,2.202686,-0.139572
375.321,1.478091,-1.144902,-1.298891,0.716384,-0.007353,2.170487,-0.168458
375.4,1.586473,-1.123541,-1.290833,0.793869,0.00156,2.136604,-0.197214
375.479,1.693625,-1.101308,-1.281774,0.870738,0.010472,2.101065,-0.225817
375.558,1.799463,-1.078222,-1.27172,0.946932,0.019375,2.063896,-0.254244
375.653,1.924881,-1.049354,-1.258325,1.037579,0.030061,2.017082,-0.288166
375.732,2.027538,-1.02445,-1.246111,1.112078,0.038923,1.976428,-0.31613
375.811,2.128623,-0.998752,-1.23293,1.185714,0.047754,1.934241,-0.343849
375.89,2.228057,-0.972279,-1.218793,1.258431,0.056548,1.890554,-0.371302
375.969,2.325763,-0.945052,-1.203711,1.330172,0.065298,1.8454,-0.398466
376.048,2.421665,-0.917093,-1.187695,1.400881,0.073997,1.798816,-0.425321
376.128,2.516868,-0.888055,-1.170538,1.471378,0.082748,1.75022,-0.452181
376.207,2.608916,-0.858686,-1.152682,1.539845,0.091325,1.700866,-0.478351
376.286,2.698941,-0.828652,-1.133932,1.607119,0.099832,1.650193,-0.504151
376.365,2.786873,-0.797975,-1.114303,1.673146,0.108261,1.59824,-0.529559
376.444,2.872643,-0.766679,-1.093809,1.737876,0.116606,1.545048,-0.554557
376.523,2.956186,-0.734789,-1.072467,1.801257,0.12486,1.490657,-0.579125
376.602,3.037436,-0.702328,-1.050294,1.863242,0.133018,1.43511,-0.603244
376.681,3.116331,-0.669324,-1.027306,1.923782,0.141072,1.37845,-0.626895
376.761,3.193761,-0.635372,-1.003215,1.983568,0.149117,1.319984,-0.65035
376.84,3.267731,-0.601349,-0.978642,2.041058,0.156945,1.261219,-0.673004
376.919,3.339167,-0.566859,-0.953311,2.096966,0.164652,1.201475,-0.695136
376.998,3.408014,-0.53193,-0.92724,2.151247,0.17223,1.1408,-0.716729
377.077,3.474217,-0.496589,-0.90045,2.20386,0.179676,1.079239,-0.737767
377.156,3.537726,-0.460862,-0.872961,2.254764,0.186981,1.016842,-0.758232
377.235,3.598491,-0.424778,-0.844796,2.303919,0.194142,0.953657,-0.778109
377.314,3.656466,-0.388364,-0.815975,2.351288,0.201152,0.889731,-0.797382
377.394,3.712285,-0.351183,-0.786145,2.397398,0.208092,0.824294,-0.81627
377.473,3.764509,-0.314192,-0.756074,2.44106,0.214783,0.759031,-0.834284
377.552,3.813813,-0.276958,-0.725417,2.48283,0.221307,0.693179,-0.851652
377.631,3.86016,-0.239509,-0.694197,2.522674,0.22766,0.62679,-0.868358
377.71,3.903513,-0.201874,-0.662439,2.560561,0.233836,0.559915,-0.884392
377.789,3.943839,-0.164082,-0.630167,2.596463,0.23983,0.492605,-0.899739
377.868,3.981106,-0.126164,-0.597406,2.630351,0.245639,0.424914,-0.914389
377.947,4.015286,-0.088147,-0.564182,2.662199,0.251257,0.356892,-0.92833
378.027,4.046725,-0.04958,-0.530092,2.692347,0.256748,0.287729,-0.941713
378.106,4.074613,-0.011456,-0.496014,2.720016,0.26197,0.219204,-0.954194
378.185,4.099342,0.026677,-0.461552,2.745576,0.266988,0.15051,-0.965936
378.264,4.120891,0.06479,-0.426731,2.769007,0.2718,0.081699,-0.976928
378.343,4.139244,0.102852,-0.39158,2.79029,0.276401,0.012825,-0.987162
378.422,4.154387,0.140834,-0.356124,2.80941,0.280787,-0.056059,-0.996631
378.501,4.166308,0.178707,-0.320393,2.826351,0.284956,-0.1249,-1.005327
378.58,4.174999,0.216441,-0.284413,2.841099,0.288903,-0.193644,-1.013244
378.66,4.180499,0.254482,-0.247753,2.853789,0.292673,-0.263104,-1.020459
378.739,4.182669,0.291849,-0.211358,2.864094,0.296166,-0.331492,-1.026789
378.818,4.181594,0.32899,-0.174799,2.872177,0.29943,-0.399622,-1.032322
378.897,4.177277,0.365875,-0.138105,2.878033,0.302462,-0.467443,-1.037054
378.976,4.16972,0.402477,-0.101303,2.881656,0.30526,-0.5349,-1.040982
379.055,4.15893,0.438766,-0.064423,2.883045,0.30782,-0.601944,-1.044103
379.134,4.144914,0.474716,-0.027492,2.882199,0.310142,-0.66852,-1.046414
379.213,4.127684,0.510297,0.009459,2.879116,0.312223,-0.734578,-1.047913
379.293,4.106973,0.545925,0.046871,2.87372,0.314084,-0.800891,-1.048604
379.372,4.083316,0.580682,0.083779,2.866148,0.315677,-0.86575,-1.048467
379.451,4.056493,0.614988,0.120621,2.856354,0.317025,-0.929938,-1.047517
379.53,4.026523,0.648818,0.15737,2.844344,0.318126,-0.993405,-1.045755
379.609,3.993431,0.682144,0.193997,2.830128,0.318982,-1.056102,-1.043182
379.704,3.949538,0.721517,0.237841,2.810128,0.319682,-1.130407,-1.039017
379.783,3.909662,0.753645,0.274099,2.791096,0.319992,-1.191236,-1.034665
379.862,3.866754,0.785188,0.310145,2.769898,0.320053,-1.251141,-1.029511
379.941,3.820847,0.816122,0.34595,2.746553,0.319867,-1.310076,-1.023559
380.02,3.771978,0.846423,0.381487,2.721078,0.319432,-1.367995,-1.016813
380.099,3.720182,0.876068,0.416727,2.693492,0.31875,-1.424853,-1.009278
380.179,3.664792,0.905396,0.452085,2.663429,0.317807,-1.481305,-1.000851
380.258,3.607233,0.93365,0.486648,2.631662,0.316627,-1.535895,-0.991747
380.337,3.546877,0.961181,0.520834,2.597855,0.315202,-1.589294,-0.981875
380.416,3.483771,0.987966,0.554615,2.562033,0.313533,-1.64146,-0.971241
380.495,3.417962,1.013985,0.587967,2.524225,0.311621,-1.692353,-0.959854
380.574,3.349503,1.039217,0.620862,2.484458,0.309467,-1.741934,-0.947722
380.653,3.278446,1.063644,0.653276,2.442765,0.307073,-1.790164,-0.934856
380.732,3.204847,1.087246,0.685184,2.399177,0.30444,-1.837006,-0.921264
380.812,3.127784,1.110287,0.716953,2.353142,0.301534,-1.882989,-0.906772
380.891,3.049242,1.132173,0.747766,2.305846,0.298429,-1.926927,-0.891754
380.97,2.968336,1.153182,0.778,2.256761,0.295093,-1.969371,-0.876044
381.049,2.885128,1.173296,0.80763,2.205926,0.291527,-2.010288,-0.859655
381.128,2.799682,1.192501,0.836633,2.153381,0.287736,-2.049646,-0.842599
381.207,2.712065,1.21078,0.864988,2.099165,0.283721,-2.087414,-0.82489
381.286,2.622345,1.228121,0.892672,2.043322,0.279486,-2.123564,-0.806541
381.365,2.530591,1.244509,0.919663,1.985894,0.275035,-2.158066,-0.787566
381.445,2.435676,1.260121,0.94627,1.926169,0.27031,-2.1913,-0.767729
381.524,2.340047,1.274555,0.971805,1.865688,0.265433,-2.222408,-0.747541
381.603,2.242602,1.288,0.996587,1.80376,0.26035,-2.251793,-0.726773
381.682,2.143419,1.300446,1.020596,1.740433,0.255065,-2.279431,-0.705441
381.761,2.042573,1.311884,1.043813,1.675757,0.249583,-2.305302,-0.683563
381.84,1.940143,1.322304,1.066221,1.60978,0.243906,-2.329384,-0.661154
381.919,1.836209,1.331699,1.087802,1.542556,0.238041,-2.351661,-0.638232
381.998,1.73085,1.340061,1.108539,1.474135,0.231991,-2.372113,-0.614816
382.078,1.622791,1.34747,1.128663,1.403683,0.225681,-2.39095,-0.590617
382.157,1.514815,1.353734,1.147654,1.333016,0.219274,-2.407685,-0.56626
382.236,1.405664,1.358949,1.165756,1.261315,0.212697,-2.422554,-0.541463
382.315,1.295424,1.36311,1.182953,1.188636,0.205955,-2.435543,-0.516247
382.394,1.184178,1.366214,1.199233,1.115036,0.199053,-2.446644,-0.49063
382.473,1.072015,1.368258,1.214583,1.04057,0.191997,-2.455847,-0.464633
382.552,0.95902,1.369241,1.228991,0.965298,0.184792,-2.463145,-0.438275
382.631,0.845281,1.369162,1.242445,0.889277,0.177443,-2.468534,-0.411578
382.711,0.729435,1.368,1.255089,0.811591,0.169862,-2.472039,-0.384217
382.79,0.614467,1.365785,1.266594,0.734243,0.162242,-2.473572,-0.356899
382.869,0.499023,1.362511,1.277118,0.656325,0.154497,-2.473186,-0.329303
382.948,0.383191,1.358181,1.286651,0.577898,0.146632,-2.470883,-0.301453
383.027,0.267063,1.352797,1.295186,0.499023,0.138653,-2.466663,-0.273368
383.106,0.150727,1.346363,1.302717,0.419761,0.130567,-2.46053,-0.245072
383.185,0.034275,1.338886,1.309237,0.340174,0.122379,-2.452489,-0.216585
383.264,-0.082204,1.33037,1.314742,0.260323,0.114097,-2.442546,-0.187931
383.344,-0.200092,1.320696,1.319278,0.179255,0.105619,-2.430547,-0.158765
383.423,-0.316351,1.310111,1.322727,0.099061,0.097165,-2.4168,-0.12984
383.502,-0.432364,1.29851,1.325151,0.018789,0.088636,-2.40118,-0.100814
383.581,-0.548042,1.285903,1.326547,-0.061496,0.080038,-2.383697,-0.07171
383.66,-0.663295,1.272298,1.326914,-0.141734,0.071378,-2.364366,-0.042551
383.755,-0.801202,1.254632,1.325993,-0.238072,0.060891,-2.338693,-0.007444
383.834,-0.915204,1.238869,1.324094,-0.317986,0.052118,-2.315345,0.021759
383.913,-1.028496,1.222145,1.321169,-0.397653,0.043305,-2.290202,0.050944
383.992,-1.140991,1.204473,1.317219,-0.477012,0.034457,-2.263282,0.08009
384.071,-1.252601,1.185868,1.312247,-0.556,0.025584,-2.234607,0.109174
384.15,-1.36324,1.166342,1.306258,-0.634558,0.01669,-2.2042,0.138173
384.23,-1.474201,1.145648,1.299161,-0.713608,0.007671,-2.171665,0.16743
384.309,-1.582625,1.124318,1.291138,-0.791114,-0.001242,-2.137842,0.19619
384.388,-1.689822,1.102117,1.282114,-0.868006,-0.010154,-2.102361,0.224799
384.467,-1.795709,1.07906,1.272096,-0.944224,-0.019058,-2.06525,0.253233
384.546,-1.900202,1.055167,1.261091,-1.019711,-0.027947,-2.026537,0.28147
384.625,-2.003222,1.030455,1.249108,-1.094407,-0.036814,-1.986253,0.30949
384.704,-2.104689,1.004945,1.236157,-1.168253,-0.045653,-1.944428,0.337269
384.783,-2.204523,0.978655,1.222247,-1.241194,-0.054456,-1.901095,0.364787
384.863,-2.303879,0.951259,1.207195,-1.314078,-0.063328,-1.855712,0.392365
384.942,-2.400194,0.923462,1.191389,-1.385024,-0.07204,-1.809447,0.419292
385.021,-2.494649,0.89495,1.174659,-1.454897,-0.080695,-1.761779,0.445894
385.1,-2.587169,0.865744,1.157018,-1.523641,-0.089288,-1.712745,0.47215
385.179,-2.677682,0.835866,1.138479,-1.591204,-0.097812,-1.662382,0.498039
385.258,-2.766119,0.80534,1.119058,-1.657533,-0.10626,-1.61073,0.523543
385.337,-2.85241,0.774189,1.098769,-1.722576,-0.114626,-1.55783,0.548641
385.416,-2.93649,0.742438,1.077628,-1.786283,-0.122902,-1.503721,0.573313
385.496,-3.019313,0.709699,1.055367,-1.849385,-0.131187,-1.447738,0.597844
385.575,-3.098744,0.676815,1.032561,-1.910255,-0.139265,-1.391326,0.621602
385.654,-3.175772,0.643405,1.008955,-1.969644,-0.147235,-1.333834,0.644878
385.733,-3.250338,0.609497,0.984566,-2.027505,-0.155091,-1.275309,0.667654
385.812,-3.322382,0.575117,0.959413,-2.083793,-0.162827,-1.215794,0.689912
385.891,-3.391851,0.54029,0.933516,-2.138466,-0.170437,-1.155336,0.711635
385.97,-3.458688,0.505044,0.906896,-2.19148,-0.177914,-1.093982,0.732806
386.049,-3.522844,0.469406,0.879572,-2.242795,-0.185254,-1.03178,0.753409
386.129,-3.585027,0.432947,0.851207,-2.292986,-0.19254,-0.967975,0.773677
386.208,-3.643635,0.396605,0.822532,-2.340761,-0.199584,-0.904213,0.793088
386.287,-3.699417,0.359956,0.79322,-2.386721,-0.206474,-0.839749,0.811885
386.366,-3.752331,0.323027,0.763292,-2.430829,-0.213204,-0.774633,0.830051
386.445,-3.802335,0.285849,0.732772,-2.473053,-0.219768,-0.708917,0.847574
386.524,-3.849389,0.248448,0.701684,-2.513358,-0.226162,-0.642651,0.864439
386.603,-3.893459,0.210855,0.670052,-2.551715,-0.232381,-0.575887,0.880634
386.682,-3.934509,0.173098,0.6379,-2.588092,-0.238419,-0.508676,0.896146
386.762,-3.972969,0.134726,0.604837,-2.622884,-0.244345,-0.440213,0.911146
386.841,-4.007847,0.096729,0.571716,-2.655195,-0.250007,-0.372262,0.925248
386.92,-4.039618,0.058657,0.538151,-2.685446,-0.255475,-0.304022,0.938632
386.999,-4.068256,0.02054,0.504168,-2.713615,-0.260744,-0.235546,0.951288
387.078,-4.093739,-0.017594,0.469795,-2.73968,-0.265812,-0.166887,0.963206
387.157,-4.116047,-0.055714,0.435057,-2.763619,-0.270673,-0.098099,0.974378
387.236,-4.135163,-0.09379,0.399982,-2.785416,-0.275324,-0.029235,0.984793
387.315,-4.151072,-0.131794,0.364597,-2.805052,-0.279762,0.039651,0.994445
387.395,-4.163901,-0.170175,0.328475,-2.82272,-0.284035,0.109378,1.003434
387.474,-4.173321,-0.207943,0.292549,-2.837965,-0.288032,0.178149,1.011526
387.553,-4.179504,-0.24555,0.256396,-2.851008,-0.291807,0.246781,1.018835
387.632,-4.182446,-0.282967,0.220044,-2.86184,-0.295355,0.315222,1.025353
387.711,-4.182145,-0.320164,0.183522,-2.870453,-0.298674,0.383418,1.031076
387.806,-4.177487,-0.364563,0.139416,-2.877862,-0.302358,0.465028,1.036899
387.885,-4.170046,-0.401176,0.102618,-2.881566,-0.305164,0.5325,1.040856
387.964,-4.159371,-0.437477,0.06574,-2.883034,-0.307733,0.599558,1.044005
388.043,-4.14547,-0.473439,0.028811,-2.882267,-0.310063,0.666152,1.046345
388.122,-4.128354,-0.509033,-0.00814,-2.879265,-0.312153,0.732229,1.047874
388.201,-4.108036,-0.544233,-0.045085,-2.87403,-0.314001,0.797739,1.04859
388.281,-4.084215,-0.579449,-0.082462,-2.866457,-0.315624,0.863447,1.048486
388.36,-4.057504,-0.613772,-0.119308,-2.856741,-0.316981,0.927659,1.047565
388.439,-4.027647,-0.647619,-0.156061,-2.844811,-0.318091,0.991153,1.045832
388.518,-3.994666,-0.680964,-0.192692,-2.830674,-0.318955,1.053878,1.043288
388.597,-3.958587,-0.71378,-0.229175,-2.814341,-0.319572,1.115785,1.039934
388.676,-3.919438,-0.746043,-0.26548,-2.795827,-0.319941,1.176827,1.035775
388.755,-3.877249,-0.777728,-0.301578,-2.775144,-0.320061,1.236957,1.030812
388.834,-3.832054,-0.808809,-0.337443,-2.752308,-0.319934,1.296127,1.025049
388.914,-3.783258,-0.839645,-0.373495,-2.727009,-0.319552,1.355022,1.018404
388.993,-3.732119,-0.86944,-0.408806,-2.699898,-0.318925,1.412123,1.011046
389.072,-3.678086,-0.898561,-0.443799,-2.670692,-0.318051,1.468129,1.002905
389.151,-3.621201,-0.926984,-0.478448,-2.639416,-0.316931,1.522997,0.993986
389.23,-3.561507,-0.954689,-0.512725,-2.606093,-0.315564,1.576683,0.984296
389.309,-3.499051,-0.981654,-0.546606,-2.570748,-0.313953,1.629147,0.973843
389.388,-3.433882,-1.007857,-0.580062,-2.53341,-0.312098,1.680347,0.962634
389.467,-3.366049,-1.033279,-0.613068,-2.494107,-0.310002,1.730244,0.950679
389.547,-3.294698,-1.058205,-0.646008,-2.452336,-0.307634,1.779405,0.937821
389.626,-3.221668,-1.081995,-0.678032,-2.409173,-0.305055,1.826563,0.924393
389.705,-3.146138,-1.104945,-0.70953,-2.364142,-0.30224,1.872305,0.910247
389.784,-3.068169,-1.127038,-0.740478,-2.317277,-0.29919,1.916594,0.895395
389.863,-2.987821,-1.148258,-0.770851,-2.268615,-0.295908,1.959397,0.879849
389.942,-2.905155,-1.168587,-0.800627,-2.218193,-0.292397,2.000681,0.86362
390.021,-2.820237,-1.188009,-0.829782,-2.166052,-0.288659,2.040413,0.846722
390.1,-2.733131,-1.20651,-0.858293,-2.11223,-0.284698,2.078563,0.829167
390.18,-2.642763,-1.224292,-0.886487,-2.056058,-0.280461,2.115552,0.810735
390.259,-2.551462,-1.240896,-0.913636,-1.998984,-0.276058,2.150429,0.7919
390.338,-2.458182,-1.256538,-0.940078,-1.940359,-0.271441,2.183638,0.772452
390.417,-2.362996,-1.271206,-0.96579,-1.880229,-0.266613,2.215153,0.752404
390.496,-2.265977,-1.284887,-0.990753,-1.818642,-0.261579,2.24495,0.731772
390.575,-2.167201,-1.297572,-1.014947,-1.755644,-0.256342,2.273007,0.710573
390.654,-2.066744,-1.309251,-1.038355,-1.691284,-0.250906,2.2993,0.688823
390.733,-1.964684,-1.319914,-1.060957,-1.625613,-0.245276,2.323811,0.666539
390.813,-1.85978,-1.32967,-1.083007,-1.557826,-0.23938,2.346795,0.643446
390.892,-1.754736,-1.338265,-1.103936,-1.48967,-0.233372,2.36766,0.62014
390.971,-1.64833,-1.345823,-1.124009,-1.420359,-0.227182,2.386689,0.596352
391.05,-1.540647,-1.352337,-1.14321,-1.349946,-0.220816,2.403868,0.572103
391.129,-1.431769,-1.357802,-1.161525,-1.278487,-0.214279,2.419182,0.547409
391.208,-1.32178,-1.362214,-1.178939,-1.206036,-0.207576,2.43262,0.522291
391.287,-1.210766,-1.36557,-1.195439,-1.13265,-0.200712,2.444171,0.496768
391.366,-1.098813,-1.367867,-1.211011,-1.058385,-0.193692,2.453827,0.470859
391.446,-0.984575,-1.369112,-1.225824,-0.982344,-0.18643,2.461666,0.444251
391.525,-0.870997,-1.369273,-1.239494,-0.906487,-0.179113,2.467485,0.417628
391.604,-0.756743,-1.368372,-1.252204,-0.829927,-0.171658,2.471391,0.390682
391.683,-0.641901,-1.366409,-1.263942,-0.752723,-0.164069,2.473381,0.363432
391.762,-0.526563,-1.363387,-1.2747,-0.674935,-0.156353,2.473452,0.335901
391.857,-0.387331,-1.358353,-1.286328,-0.580706,-0.146915,2.470998,0.302451
391.936,-0.271212,-1.353007,-1.294898,-0.501846,-0.13894,2.466846,0.274374
392.015,-0.154882,-1.346611,-1.302465,-0.422596,-0.130857,2.460782,0.246085
392.094,-0.038432,-1.339171,-1.309022,-0.343019,-0.122673,2.452808,0.217605
392.173,0.078047,-1.330692,-1.314563,-0.263176,-0.114394,2.442933,0.188956
392.252,0.194466,-1.321181,-1.319085,-0.183129,-0.106026,2.431163,0.160161
392.332,0.312205,-1.310506,-1.322622,-0.101925,-0.097469,2.417323,0.130874
392.411,0.428229,-1.298942,-1.325082,-0.021655,-0.088942,2.40177,0.101852
392.49,0.54392,-1.28637,-1.326515,0.058631,-0.080346,2.384353,0.07275
392.569,0.65919,-1.2728,-1.326919,0.138872,-0.071688,2.365088,0.043592
392.648,0.773949,-1.258244,-1.326293,0.219005,-0.062974,2.343988,0.0144
392.727,0.888107,-1.242712,-1.32464,0.298969,-0.054212,2.321071,-0.014803
392.806,1.001576,-1.226215,-1.321959,0.3787,-0.045407,2.296353,-0.043994
392.885,1.114269,-1.208768,-1.318253,0.458138,-0.036568,2.269855,-0.073151
392.965,1.227508,-1.190145,-1.313458,0.538219,-0.027587,2.241228,-0.10262
393.044,1.338373,-1.170826,-1.307698,0.616879,-0.018697,2.211209,-0.13164
393.123,1.4482,-1.150599,-1.300923,0.695061,-0.009793,2.179475,-0.160558
393.202,1.556904,-1.129479,-1.29314,0.772703,-0.000881,2.146051,-0.189352
393.281,1.664401,-1.107484,-1.284354,0.849747,0.008031,2.110963,-0.217998
393.36,1.770607,-1.084629,-1.274572,0.926131,0.016938,2.074237,-0.246476
393.439,1.87544,-1.060934,-1.263802,1.001798,0.025831,2.035903,-0.274762
393.518,1.978818,-1.036416,-1.252051,1.076687,0.034704,1.995991,-0.302836
393.598,2.081941,-1.010768,-1.239162,1.151673,0.043662,1.953995,-0.331025
393.677,2.182151,-0.984652,-1.225468,1.224824,0.052474,1.911,-0.358604
393.756,2.280668,-0.957772,-1.210822,1.297024,0.061245,1.866522,-0.385905
393.835,2.377416,-0.93015,-1.195238,1.368218,0.069969,1.820597,-0.412906
393.914,2.47232,-0.901806,-1.178727,1.438352,0.078639,1.77326,-0.439587
393.993,2.565308,-0.872763,-1.161302,1.50737,0.087247,1.724548,-0.465927
394.072,2.656305,-0.843043,-1.142976,1.575219,0.095788,1.674498,-0.491906
394.151,2.745243,-0.812669,-1.123764,1.641846,0.104255,1.62315,-0.517504
394.231,2.833137,-0.781269,-1.10342,1.708019,0.112746,1.569869,-0.543016
394.31,2.917721,-0.749651,-1.08247,1.772032,0.121043,1.516029,-0.567786
394.389,3.000043,-0.717452,-1.06068,1.834671,0.129247,1.461013,-0.592115
394.468,3.080037,-0.684697,-1.038068,1.895887,0.13735,1.404864,-0.615985
394.547,3.157644,-0.651411,-1.01465,1.955633,0.145347,1.347626,-0.639378
394.626,3.232801,-0.617619,-0.990446,2.013862,0.153231,1.289342,-0.662274
394.705,3.305451,-0.583348,-0.965473,2.070529,0.160996,1.230059,-0.684658
394.784,3.375538,-0.548625,-0.939752,2.12559,0.168636,1.169822,-0.70651
394.864,3.443844,-0.513029,-0.912963,2.179669,0.17624,1.107897,-0.72808
394.943,3.508609,-0.477478,-0.885795,2.23137,0.183611,1.045882,-0.748812
395.022,3.570653,-0.441556,-0.857941,2.281342,0.190839,0.983056,-0.768964
395.101,3.629928,-0.405292,-0.829422,2.329543,0.19792,0.919468,-0.78852
395.18,3.686388,-0.368713,-0.800259,2.375939,0.204847,0.855166,-0.807463
395.259,3.739988,-0.331849,-0.770476,2.420491,0.211616,0.790202,-0.825781
395.338,3.790689,-0.294727,-0.740095,2.463167,0.21822,0.724624,-0.843458
395.417,3.838449,-0.257376,-0.70914,2.503932,0.224655,0.658485,-0.860482
395.497,3.883781,-0.21935,-0.677233,2.543234,0.230994,0.590988,-0.87704
395.576,3.925515,-0.181627,-0.645197,2.580061,0.237073,0.523873,-0.892707
395.655,3.964204,-0.143764,-0.612659,2.614886,0.242969,0.456352,-0.907682
395.734,3.99982,-0.105789,-0.579647,2.647684,0.248676,0.388477,-0.921953
395.813,4.032333,-0.067732,-0.546185,2.678428,0.25419,0.320301,-0.935509
395.908,4.067288,-0.021901,-0.505388,2.712646,0.26056,0.237993,-0.950849
395.987,4.092884,0.016233,-0.471028,2.738786,0.265634,0.16934,-0.962794
396.066,4.115305,0.054354,-0.436303,2.762802,0.270503,0.100556,-0.973992
396.145,4.134535,0.092432,-0.401239,2.784675,0.275162,0.031694,-0.984435
396.224,4.150559,0.13044,-0.365865,2.804389,0.279607,-0.037193,-0.994114
396.303,4.163364,0.168345,-0.330206,2.821928,0.283836,-0.106051,-1.003023
396.383,4.17304,0.206598,-0.293836,2.837458,0.287894,-0.175696,-1.011251
396.462,4.179339,0.244211,-0.25769,2.85058,0.291676,-0.244334,-1.018587
396.541,4.182397,0.281635,-0.221345,2.861492,0.295232,-0.312783,-1.025134
396.62,4.182211,0.31884,-0.184828,2.870184,0.298559,-0.380989,-1.030885
396.699,4.178782,0.355799,-0.148168,2.87665,0.301655,-0.448899,-1.035837
396.778,4.172112,0.392481,-0.111392,2.880886,0.304517,-0.516462,-1.039986
396.857,4.162207,0.428859,-0.074531,2.882887,0.307143,-0.583624,-1.043328
396.936,4.149073,0.464904,-0.037611,2.882653,0.30953,-0.650333,-1.045861
397.016,4.132495,0.501038,-0.000195,2.880137,0.311703,-0.717372,-1.0476
397.095,4.112898,0.536329,0.036754,2.875405,0.313606,-0.783014,-1.048499
397.174,4.090112,0.571205,0.073674,2.868444,0.315265,-0.848049,-1.048585
397.253,4.064154,0.605637,0.110538,2.859257,0.31668,-0.912426,-1.047858
397.332,4.035044,0.6396,0.147315,2.847853,0.317849,-0.976095,-1.046319
397.411,4.002805,0.673067,0.183978,2.834241,0.318772,-1.039007,-1.043967
397.49,3.967461,0.706012,0.220499,2.818431,0.319447,-1.101114,-1.040807
397.569,3.929041,0.738409,0.256849,2.800435,0.319875,-1.162367,-1.036839
397.649,3.887029,0.770633,0.293455,2.779998,0.320056,-1.223476,-1.032001
397.728,3.842509,0.801853,0.329375,2.757646,0.319984,-1.282867,-1.026419
397.807,3.795009,0.83245,0.36504,2.733157,0.319664,-1.341262,-1.02004
397.886,3.744566,0.862402,0.400422,2.706547,0.319097,-1.398618,-1.01287
397.965,3.691218,0.891686,0.435493,2.677839,0.318282,-1.454889,-1.004915
398.044,3.635009,0.920278,0.470226,2.647054,0.31722,-1.510032,-0.996181
398.123,3.57598,0.948156,0.504595,2.614216,0.315912,-1.564003,-0.986674
398.202,3.514178,0.975299,0.538572,2.57935,0.314359,-1.616762,-0.976402
398.282,3.448816,1.002014,0.572554,2.542005,0.312538,-1.66891,-0.965228
398.361,3.38158,1.027614,0.605664,2.503143,0.310496,-1.719105,-0.953441
398.44,3.311721,1.052417,0.638304,2.462339,0.308213,-1.767966,-0.940914
398.519,3.239294,1.076403,0.67045,2.419626,0.305691,-1.815456,-0.927657
398.598,3.164355,1.099555,0.702075,2.375037,0.302932,-1.861538,-0.913681
398.677,3.086962,1.121854,0.733156,2.328605,0.299938,-1.906177,-0.898996
398.756,3.007174,1.143283,0.763669,2.280368,0.296711,-1.949337,-0.883615
398.835,2.925055,1.163825,0.793589,2.230362,0.293254,-1.990986,-0.867548
398.915,2.839585,1.183708,0.823261,2.177961,0.289522,-2.031588,-0.850592
398.994,2.752967,1.202418,0.851919,2.124515,0.285611,-2.070097,-0.833184
399.073,2.664213,1.220196,0.879917,2.069421,0.281478,-2.107001,-0.81513
399.152,2.573394,1.237028,0.907232,2.012722,0.277126,-2.142271,-0.796444
399.231,2.480579,1.2529,0.933844,1.954463,0.27256,-2.175879,-0.77714
399.31,2.38584,1.267801,0.959732,1.894688,0.267782,-2.2078,-0.757233
399.389,2.289251,1.281718,0.984875,1.833443,0.262797,-2.238009,-0.736739
399.468,2.190887,1.294641,1.009254,1.770777,0.257608,-2.266482,-0.715674
399.548,2.089546,1.306705,1.033145,1.705918,0.25215,-2.293524,-0.693777
399.627,1.987841,1.317598,1.05593,1.640538,0.246563,-2.318439,-0.671612
399.706,1.884594,1.32747,1.077897,1.573886,0.240785,-2.341555,-0.648926
399.785,1.779886,1.336311,1.099027,1.506013,0.23482,-2.362856,-0.625736
399.864,1.673798,1.344117,1.119306,1.436972,0.228673,-2.382324,-0.602062
399.959,1.544511,1.352122,1.14254,1.352478,0.221046,-2.403287,-0.572976
400.038,1.435674,1.357625,1.160887,1.281055,0.214515,-2.418667,-0.548298
400.117,1.325724,1.362075,1.178333,1.208638,0.207818,-2.432172,-0.523194
400.196,1.214745,1.365469,1.194865,1.135285,0.200959,-2.443791,-0.497685
400.275,1.102824,1.367803,1.210471,1.06105,0.193945,-2.453515,-0.47179
400.354,0.990048,1.369077,1.225138,0.985993,0.18678,-2.461336,-0.44553
400.434,0.875063,1.369285,1.239023,0.909207,0.179377,-2.46731,-0.418584
400.513,0.760831,1.368422,1.251767,0.832671,0.171926,-2.471285,-0.391649
400.592,0.646009,1.366498,1.26354,0.755489,0.164342,-2.473343,-0.36441
400.671,0.530687,1.363513,1.274333,0.677721,0.156631,-2.473483,-0.336888
400.75,0.414953,1.359472,1.284138,0.599428,0.148798,-2.471704,-0.309105
400.829,0.298897,1.354376,1.292948,0.520669,0.14085,-2.468009,-0.281083
400.908,0.182609,1.34823,1.300754,0.441507,0.132792,-2.4624,-0.252842
400.987,0.06618,1.341038,1.307552,0.362003,0.124632,-2.454881,-0.224406
401.067,-0.051776,1.332695,1.313402,0.281206,0.11627,-2.445327,-0.195432
401.146,-0.168216,1.323417,1.318154,0.2012,0.107921,-2.433983,-0.166667
401.225,-0.284526,1.313112,1.321884,0.121037,0.099489,-2.420753,-0.137774
401.304,-0.400616,1.301788,1.324589,0.040781,0.09098,-2.405644,-0.108774
401.383,-0.516395,1.289456,1.326267,-0.039507,0.0824,-2.388671,-0.079689
401.462,-0.631773,1.276123,1.326916,-0.119764,0.073756,-2.369844,-0.050542
401.541,-0.746662,1.261801,1.326536,-0.199929,0.065055,-2.34918,-0.021356
401.62,-0.860971,1.2465,1.325127,-0.279938,0.056303,-2.326694,0.007846
401.7,-0.976046,1.23002,1.322653,-0.360739,0.047397,-2.302085,0.037412
401.779,-1.088922,1.212786,1.319178,-0.440248,0.038564,-2.275987,0.066579
401.858,-1.200953,1.194612,1.31468,-0.519416,0.029702,-2.248123,0.095694
401.937,-1.312053,1.175511,1.309162,-0.598181,0.020817,-2.218516,0.124735
402.016,-1.422135,1.155499,1.302629,-0.676483,0.011915,-2.187189,0.15368
402.095,-1.531115,1.13459,1.295086,-0.754259,0.003005,-2.154165,0.182505
402.174,-1.638907,1.112802,1.286538,-0.831451,-0.005908,-2.119471,0.211189
402.253,-1.745428,1.090151,1.276993,-0.907998,-0.014817,-2.083133,0.239708
402.333,-1.851918,1.066351,1.266317,-0.984796,-0.023826,-2.044689,0.2684
402.412,-1.955631,1.042017,1.254787,-1.059866,-0.032705,-2.00513,0.296523
402.491,-2.057828,1.016874,1.242283,-1.134113,-0.041558,-1.964015,0.324417
402.57,-2.158429,0.990943,1.228817,-1.207482,-0.050378,-1.921378,0.352058
402.649,-2.257356,0.964244,1.214397,-1.279913,-0.05916,-1.87725,0.379427
402.728,-2.354533,0.936796,1.199035,-1.351352,-0.067896,-1.831667,0.406502
402.807,-2.449883,0.908623,1.182744,-1.421744,-0.076579,-1.784663,0.433261
402.886,-2.543334,0.879744,1.165535,-1.491032,-0.085202,-1.736275,0.459684
402.966,-2.635957,0.849805,1.147188,-1.560019,-0.093868,-1.685902,0.486079
403.045,-2.725365,0.819577,1.128174,-1.626927,-0.102352,-1.634844,0.511764
403.124,-2.81266,0.788713,1.108286,-1.692573,-0.110756,-1.582517,0.537052
403.203,-2.897774,0.757237,1.087538,-1.756906,-0.119075,-1.528963,0.561924
403.282,-2.98064,0.725174,1.065946,-1.819876,-0.127301,-1.474224,0.58636
403.361,-3.061195,0.692549,1.043528,-1.881436,-0.135429,-1.418341,0.610342
403.44,-3.139376,0.659387,1.020301,-1.941536,-0.143452,-1.361358,0.633849
403.519,-3.215122,0.625713,0.996282,-2.00013,-0.151363,-1.303319,0.656866
403.599,-3.289286,0.591119,0.971172,-2.057886,-0.159255,-1.243516,0.679654
403.678,-3.359956,0.556496,0.945618,-2.113313,-0.166924,-1.18349,0.701628
403.757,-3.42802,0.521441,0.919331,-2.167102,-0.174463,-1.122546,0.723057
403.836,-3.493426,0.485982,0.89233,-2.219209,-0.181867,-1.060731,0.743925
403.915,-3.556122,0.450145,0.864638,-2.269596,-0.189131,-0.998094,0.764217
404.01,-3.62786,0.406592,0.830451,-2.327854,-0.19767,-0.92175,0.787832
404.089,-3.684421,0.370024,0.801311,-2.374314,-0.204603,-0.857473,0.806798
404.168,-3.738125,0.333169,0.771549,-2.418933,-0.211377,-0.792531,0.825138
404.247,-3.788929,0.296056,0.741189,-2.461676,-0.217987,-0.726975,0.842839
404.326,-3.836796,0.258713,0.710255,-2.50251,-0.224428,-0.660854,0.859885
404.405,-3.881686,0.221169,0.678769,-2.541404,-0.230695,-0.594222,0.876265
404.485,-3.924077,0.182976,0.646349,-2.578781,-0.236859,-0.526276,0.89216
404.564,-3.962876,0.145117,0.613829,-2.613678,-0.242761,-0.458769,0.90716
404.643,-3.998602,0.107146,0.580833,-2.646548,-0.248475,-0.390906,0.921456
404.722,-4.031226,0.069091,0.547387,-2.677366,-0.253997,-0.322739,0.935038
404.801,-4.060724,0.030983,0.513517,-2.706108,-0.259321,-0.254323,0.947894
404.88,-4.087073,-0.007149,0.479248,-2.732751,-0.264444,-0.185709,0.960016
404.959,-4.110253,-0.045275,0.444607,-2.757274,-0.269362,-0.116951,0.971392
405.038,-4.130245,-0.083367,0.409622,-2.77966,-0.274071,-0.048103,0.982016
405.118,-4.147225,-0.121874,0.37387,-2.800132,-0.278623,0.021655,0.991998
405.197,-4.160757,-0.159805,0.338273,-2.818162,-0.282901,0.090524,1.001081
405.276,-4.171062,-0.197613,0.302414,-2.834007,-0.286959,0.159323,1.009387
405.355,-4.178133,-0.235267,0.26632,-2.847655,-0.290795,0.227998,1.016911
405.434,-4.181963,-0.272738,0.23002,-2.859094,-0.294406,0.296497,1.023646
405.513,-4.18255,-0.309999,0.193541,-2.868315,-0.297788,0.364765,1.029588
405.592,-4.179893,-0.347018,0.156912,-2.875312,-0.300939,0.432751,1.034731
405.671,-4.173995,-0.383769,0.120162,-2.88008,-0.303856,0.500401,1.039071
405.751,-4.164723,-0.420681,0.082852,-2.882631,-0.306571,0.568512,1.042645
405.83,-4.152317,-0.456804,0.045943,-2.882901,-0.309012,0.635328,1.045361
405.909,-4.136691,-0.492572,0.008998,-2.880935,-0.311214,0.701651,1.047266
405.988,-4.117857,-0.527959,-0.027953,-2.876735,-0.313174,0.76743,1.048359
406.067,-4.095829,-0.562936,-0.064883,-2.870304,-0.314892,0.832614,1.048639
406.146,-4.070625,-0.597476,-0.101763,-2.861647,-0.316365,0.897152,1.048105
406.225,-4.042263,-0.631554,-0.138563,-2.850771,-0.317593,0.960994,1.046759
406.304,-4.010768,-0.665141,-0.175256,-2.837684,-0.318574,1.024092,1.044601
406.384,-3.975703,-0.698628,-0.212275,-2.822188,-0.319317,1.087178,1.04159
406.463,-3.937975,-0.731151,-0.248666,-2.804684,-0.3198,1.148627,1.037804
406.542,-3.897192,-0.763107,-0.284864,-2.785005,-0.320036,1.209186,1.033213
406.621,-3.853387,-0.794471,-0.32084,-2.763166,-0.320024,1.268807,1.027821
406.7,-3.806593,-0.825219,-0.356569,-2.739184,-0.319763,1.327444,1.021632
406.779,-3.756847,-0.855327,-0.39202,-2.713077,-0.319255,1.385051,1.01465
406.858,-3.704188,-0.884772,-0.427168,-2.684867,-0.318498,1.441585,1.006881
406.937,-3.648657,-0.91353,-0.461984,-2.654574,-0.317495,1.497,0.998332
407.017,-3.589538,-0.941931,-0.496876,-2.621801,-0.316228,1.551933,0.988886
407.096,-3.528358,-0.969241,-0.530943,-2.58739,-0.314731,1.604969,0.978785
407.175,-3.464441,-0.9958,-0.5646,-2.550973,-0.312989,1.656761,0.967926
407.254,-3.397837,-1.021587,-0.597818,-2.512578,-0.311004,1.707267,0.956316
407.333,-3.328598,-1.046581,-0.630573,-2.472234,-0.308778,1.756449,0.943964
407.412,-3.256778,-1.070764,-0.662838,-2.429973,-0.306313,1.804269,0.930881
407.491,-3.182432,-1.094116,-0.69459,-2.385828,-0.30361,1.85069,0.917075
407.57,-3.105618,-1.11662,-0.725803,-2.339832,-0.300672,1.895676,0.902558
407.65,-3.025378,-1.138526,-0.756837,-2.291405,-0.297459,1.939733,0.887145
407.729,-2.943779,-1.15927,-0.786893,-2.241794,-0.294054,1.981725,0.871231
407.808,-2.859897,-1.179115,-0.816339,-2.190446,-0.290421,2.022181,0.854642
407.887,-2.773797,-1.198045,-0.845151,-2.137398,-0.286563,2.061068,0.83739
407.966,-2.685547,-1.216046,-0.873308,-2.082693,-0.282482,2.098357,0.819489
408.061,-2.57667,-1.236443,-0.906269,-2.014773,-0.277285,2.14104,0.797121
408.14,-2.483925,-1.25235,-0.932907,-1.956569,-0.272727,2.174708,0.777839
408.219,-2.389254,-1.267286,-0.95882,-1.896847,-0.267956,2.20669,0.757954
408.298,-2.29273,-1.281238,-0.98399,-1.835654,-0.262979,2.23696,0.737481
408.377,-2.194427,-1.294197,-1.008397,-1.773037,-0.257797,2.265496,0.716436
408.456,-2.094423,-1.306153,-1.032022,-1.709046,-0.252415,2.292274,0.694835
408.536,-1.991498,-1.317227,-1.055131,-1.642893,-0.246765,2.31758,0.672412
408.615,-1.888305,-1.327135,-1.077127,-1.576286,-0.240994,2.340761,0.649744
408.694,-1.783648,-1.336014,-1.098288,-1.508456,-0.235036,2.362127,0.626573
408.773,-1.677607,-1.343856,-1.118597,-1.439456,-0.228895,2.38166,0.602915
408.852,-1.570265,-1.350657,-1.138038,-1.36934,-0.222577,2.399347,0.57879
408.931,-1.461706,-1.35641,-1.156597,-1.298162,-0.216086,2.415173,0.554216
409.01,-1.352013,-1.361111,-1.174259,-1.225977,-0.209428,2.429126,0.529212
409.089,-1.241271,-1.364756,-1.191011,-1.152841,-0.202607,2.441195,0.503798
409.169,-1.128148,-1.367369,-1.207033,-1.077869,-0.19554,2.451488,0.477664
409.248,-1.015557,-1.368883,-1.221913,-1.002992,-0.188409,2.459738,0.451484
409.327,-0.902179,-1.369334,-1.235845,-0.927338,-0.181131,2.466081,0.424954
409.406,-0.788101,-1.368724,-1.248819,-0.850964,-0.173713,2.470512,0.398094
409.485,-0.673411,-1.367052,-1.260824,-0.773931,-0.166161,2.473027,0.370925
409.564,-0.5582,-1.36432,-1.271852,-0.696297,-0.158479,2.473623,0.343469
409.643,-0.442556,-1.36053,-1.281893,-0.618124,-0.150675,2.472302,0.315747
409.722,-0.326568,-1.355685,-1.29094,-0.53947,-0.142753,2.469063,0.287779
409.802,-0.208855,-1.349707,-1.299081,-0.459396,-0.134619,2.463832,0.25923
409.881,-0.09245,-1.342751,-1.306107,-0.379963,-0.126481,2.456743,0.230836
409.96,0.024027,-1.334753,-1.31212,-0.300236,-0.118245,2.447749,0.202263
410.039,0.140486,-1.32572,-1.317115,-0.220276,-0.109918,2.436857,0.173532
410.118,0.256835,-1.315659,-1.321089,-0.140145,-0.101505,2.424075,0.144668
410.197,0.372985,-1.304578,-1.324038,-0.059905,-0.093013,2.409413,0.115691
410.276,0.488846,-1.292485,-1.32596,0.020381,-0.08445,2.392883,0.086624
410.355,0.604328,-1.279389,-1.326854,0.100651,-0.07582,2.374497,0.05749
410.435,0.720794,-1.265117,-1.326711,0.181858,-0.067022,2.354001,0.027942
410.514,0.835242,-1.250036,-1.325535,0.261908,-0.058282,2.331925,-0.001259
410.593,0.949042,-1.233985,-1.32333,0.341754,-0.049496,2.30804,-0.030458
410.672,1.062106,-1.216977,-1.320099,0.421336,-0.040671,2.282365,-0.059634
410.751,1.174346,-1.199026,-1.315844,0.500591,-0.031816,2.25492,-0.088764
410.83,1.285676,-1.180145,-1.310569,0.579457,-0.022935,2.225726,-0.117825
410.909,1.396008,-1.160348,-1.304277,0.657875,-0.014037,2.194807,-0.146794
410.988,1.505258,-1.139652,-1.296974,0.735782,-0.005128,2.162185,-0.17565
411.068,1.614701,-1.117793,-1.288553,0.814093,0.003898,2.127442,-0.204732
411.147,1.721516,-1.095335,-1.279232,0.890791,0.012808,2.091472,-0.233291
411.226,1.826996,-1.072027,-1.268919,0.966798,0.021708,2.05388,-0.261669
411.305,1.931059,-1.047888,-1.257622,1.042055,0.030592,2.014696,-0.289844
411.384,2.033624,-1.022936,-1.24535,1.116503,0.039451,1.973949,-0.317794
411.463,2.134612,-0.997191,-1.232112,1.190086,0.04828,1.931672,-0.345498
411.542,2.233945,-0.970673,-1.217918,1.262746,0.057072,1.887896,-0.372933
411.621,2.331546,-0.943402,-1.20278,1.334427,0.065819,1.842656,-0.40008
411.701,2.428539,-0.91504,-1.186499,1.40596,0.074625,1.795388,-0.427254
411.78,2.522424,-0.886319,-1.169496,1.475502,0.083263,1.747309,-0.453755
411.859,2.614354,-0.85691,-1.151587,1.5439,0.091836,1.697874,-0.479904
411.938,2.704255,-0.826836,-1.132784,1.6111,0.100338,1.647124,-0.50568
412.017,2.79206,-0.796122,-1.113102,1.677051,0.108762,1.595095,-0.531065
412.112,2.894774,-0.758371,-1.088293,1.754633,0.11878,1.530895,-0.561044
412.191,2.977722,-0.726329,-1.066731,1.817653,0.127009,1.476197,-0.585496
412.27,3.058361,-0.693723,-1.044342,1.879263,0.135141,1.420354,-0.609494
412.349,3.136627,-0.66058,-1.021144,1.939416,0.143167,1.36341,-0.633019
412.428,3.212461,-0.626924,-0.997153,1.998065,0.151083,1.305408,-0.656053
412.507,3.285804,-0.592782,-0.972389,2.055165,0.158881,1.246394,-0.678579
412.587,3.357478,-0.557739,-0.946543,2.111363,0.166652,1.185648,-0.700853
412.666,3.425636,-0.522699,-0.920281,2.16521,0.174196,1.124736,-0.722302
412.745,3.491138,-0.487254,-0.893306,2.217379,0.181605,1.062952,-0.74319
412.824,3.553932,-0.451431,-0.865638,2.267828,0.188874,1.000343,-0.763503
412.903,3.61397,-0.415257,-0.837299,2.316518,0.195996,0.936959,-0.783223
412.982,3.671205,-0.378762,-0.80831,2.363412,0.202965,0.872848,-0.802336
413.061,3.725593,-0.341973,-0.778694,2.408473,0.209778,0.80806,-0.820827
413.14,3.777092,-0.304919,-0.748475,2.451666,0.216427,0.742645,-0.838681
413.22,3.826257,-0.267155,-0.717282,2.493468,0.22299,0.675815,-0.856098
413.299,3.871822,-0.229654,-0.685918,2.532802,0.229297,0.609294,-0.87263
413.378,3.914384,-0.191975,-0.654023,2.570171,0.235426,0.5423,-0.888484
413.457,3.953911,-0.154147,-0.62162,2.605548,0.241372,0.474885,-0.90365
413.536,3.990371,-0.1162,-0.588736,2.638903,0.247131,0.407102,-0.918115
413.615,4.023737,-0.078163,-0.555394,2.670212,0.252699,0.339003,-0.931868
413.694,4.053982,-0.040065,-0.521622,2.699451,0.25807,0.270641,-0.944898
413.773,4.081083,-0.001936,-0.487446,2.726595,0.263242,0.20207,-0.957195
413.853,4.105302,0.036677,-0.452452,2.751929,0.268271,0.132471,-0.968892
413.932,4.126014,0.074779,-0.417542,2.774798,0.273027,0.063638,-0.979686
414.011,4.143527,0.112823,-0.382308,2.795515,0.277572,-0.005244,-0.98972
414.09,4.157826,0.150779,-0.346778,2.814065,0.281902,-0.074122,-0.998987
414.169,4.168901,0.188619,-0.310979,2.830432,0.286013,-0.142943,-1.007479
414.248,4.176742,0.226312,-0.274938,2.844604,0.289902,-0.211652,-1.01519
414.327,4.181345,0.26383,-0.238685,2.856569,0.293566,-0.280198,-1.022114
414.406,4.182704,0.301143,-0.202246,2.86632,0.297003,-0.348526,-1.028245
414.486,4.180776,0.33869,-0.165186,2.873929,0.300248,-0.417443,-1.03364
414.565,4.175608,0.375504,-0.128461,2.879199,0.303219,-0.485174,-1.038162
414.644,4.167203,0.412027,-0.091636,2.882237,0.305954,-0.552528,-1.041879
414.723,4.155565,0.44823,-0.05474,2.88304,0.308452,-0.619453,-1.044787
414.802,4.140705,0.484085,-0.017801,2.881606,0.310711,-0.685899,-1.046886
414.881,4.122634,0.519565,0.019151,2.877938,0.312729,-0.751812,-1.048172
414.96,4.101365,0.554642,0.056089,2.872038,0.314505,-0.817142,-1.048646
415.039,4.076916,0.589289,0.092983,2.863911,0.316036,-0.881839,-1.048306
415.119,4.048935,0.623909,0.130271,2.853418,0.317337,-0.946657,-1.047134
415.198,4.018145,0.657609,0.16699,2.840828,0.318375,-1.009927,-1.045159
415.277,3.984238,0.690799,0.203581,2.826036,0.319165,-1.072413,-1.042373
415.356,3.947241,0.723453,0.240013,2.809052,0.319708,-1.134068,-1.038779
415.435,3.907183,0.755547,0.276259,2.789889,0.320003,-1.194843,-1.03438
415.514,3.864094,0.787054,0.312291,2.768563,0.320049,-1.254691,-1.029178
415.593,3.81801,0.817951,0.348081,2.74509,0.319848,-1.313567,-1.023178
415.672,3.768964,0.848214,0.383601,2.719488,0.319398,-1.371424,-1.016385
415.752,3.716319,0.878189,0.419267,2.691413,0.318691,-1.428929,-1.008702
415.831,3.661431,0.907104,0.454161,2.661588,0.317743,-1.4846,-1.000328
415.91,3.603704,0.935316,0.488702,2.629699,0.316549,-1.53912,-0.991179
415.989,3.543183,0.962803,0.522864,2.595771,0.31511,-1.592446,-0.981261
416.068,3.479913,0.989543,0.556621,2.559829,0.313426,-1.644538,-0.970581
416.163,3.40026,1.02068,0.59664,2.513982,0.311079,-1.705487,-0.956743
416.242,3.331114,1.045703,0.629412,2.473707,0.308862,-1.754717,-0.944418
416.321,3.259385,1.069915,0.661695,2.431514,0.306405,-1.802586,-0.93136
416.4,3.185128,1.093297,0.693466,2.387435,0.303711,-1.849058,-0.91758
416.479,3.108401,1.115832,0.724698,2.341505,0.300781,-1.894095,-0.903089
416.558,3.029264,1.137501,0.755369,2.293758,0.297618,-1.937664,-0.887897
416.638,2.946731,1.158545,0.785831,2.243595,0.294179,-1.980253,-0.871811
416.717,2.86293,1.178422,0.815299,2.192308,0.290554,-2.020763,-0.855245
416.796,2.776908,1.197385,0.844134,2.13932,0.286704,-2.059707,-0.838017
416.875,2.688733,1.21542,0.872315,2.084674,0.282631,-2.097054,-0.820138
416.954,2.598472,1.232512,0.899819,2.02841,0.27834,-2.132774,-0.801624
417.033,2.506197,1.248648,0.926626,1.970574,0.273832,-2.16684,-0.782488
417.112,2.411978,1.263816,0.952714,1.911209,0.269112,-2.199226,-0.762745
417.191,2.315888,1.278004,0.978063,1.850362,0.264183,-2.229906,-0.74241
417.271,2.216752,1.291361,1.00296,1.787283,0.258983,-2.259212,-0.721232
417.35,2.117125,1.303544,1.026763,1.723597,0.253646,-2.286389,-0.699755
417.429,2.015856,1.314716,1.049769,1.658575,0.248112,-2.311792,-0.677736
417.508,1.913024,1.324868,1.071962,1.592266,0.242386,-2.335403,-0.65519
417.587,1.808708,1.333992,1.093323,1.524723,0.236472,-2.357203,-0.632137
417.666,1.70299,1.342082,1.113837,1.455997,0.230374,-2.377174,-0.608594
417.745,1.59595,1.349132,1.133486,1.386142,0.224098,-2.395302,-0.584579
417.824,1.487673,1.355134,1.152257,1.315211,0.217648,-2.411572,-0.56011
417.904,1.376851,1.360142,1.170354,1.242344,0.210944,-2.426143,-0.534889
417.983,1.266338,1.364026,1.187312,1.169418,0.20416,-2.438638,-0.509565
418.062,1.154843,1.366852,1.20335,1.095585,0.197217,-2.449241,-0.483847
418.141,1.042453,1.368618,1.218453,1.020903,0.190121,-2.457946,-0.457753
418.22,0.929255,1.369323,1.232612,0.945428,0.182878,-2.464744,-0.431305
418.299,0.815335,1.368966,1.245815,0.869221,0.175493,-2.46963,-0.404521
418.378,0.700784,1.367547,1.258052,0.792339,0.167972,-2.472602,-0.377424
418.457,0.585689,1.365067,1.269314,0.714843,0.16032,-2.473655,-0.350035
418.537,0.468674,1.361478,1.279714,0.635801,0.152446,-2.472768,-0.322022
418.616,0.352756,1.35687,1.288986,0.557251,0.14455,-2.469961,-0.294108
418.695,0.236565,1.35121,1.297259,0.478268,0.136542,-2.465239,-0.265966
418.774,0.12019,1.344503,1.304525,0.398915,0.128429,-2.458605,-0.237617
418.853,0.003722,1.336753,1.310779,0.319252,0.120216,-2.450064,-0.209085
418.932,-0.112749,1.327966,1.316017,0.239342,0.11191,-2.439624,-0.18039
419.011,-0.229133,1.318149,1.320235,0.159246,0.103516,-2.427291,-0.151555
419.09,-0.345339,1.30731,1.323428,0.079027,0.095043,-2.413076,-0.122603
419.17,-0.462742,1.2953,1.325616,-0.00227,0.086387,-2.396774,-0.093187
419.249,-0.578317,1.28243,1.326743,-0.08255,0.077772,-2.378805,-0.064066
419.328,-0.693444,1.268565,1.32684,-0.162765,0.069097,-2.358992,-0.034896
419.407,-0.808033,1.253717,1.325908,-0.242854,0.060368,-2.337349,-0.005698
419.486,-0.921995,1.237896,1.323948,-0.322755,0.051592,-2.313893,0.023503
419.565,-1.035243,1.221115,1.320961,-0.402405,0.042777,-2.288643,0.052687
419.644,-1.147687,1.203387,1.31695,-0.481743,0.033928,-2.261618,0.08183
419.723,-1.259242,1.184726,1.311918,-0.560708,0.025053,-2.232839,0.110909
419.803,-1.371212,1.164893,1.305785,-0.640229,0.016045,-2.201931,0.140269
419.882,-1.480714,1.144398,1.298709,-0.718256,0.007138,-2.169691,0.169152
419.961,-1.589067,1.123016,1.290627,-0.795727,-0.001775,-2.135768,0.197904
420.04,-1.696188,1.100762,1.281543,-0.87258,-0.010686,-2.100189,0.226503
420.119,-1.801993,1.077656,1.271466,-0.948757,-0.019589,-2.062981,0.254926
420.214,-1.92737,1.048764,1.258042,-1.039382,-0.030275,-2.016122,0.288842
420.293,-2.02999,1.023841,1.245805,-1.113861,-0.039135,-1.97543,0.3168
420.372,-2.131036,0.998124,1.232601,-1.187476,-0.047966,-1.933207,0.344513
420.451,-2.230429,0.971632,1.218441,-1.260169,-0.056759,-1.889484,0.371959
420.53,-2.328093,0.944388,1.203336,-1.331886,-0.065508,-1.844296,0.399116
420.609,-2.423951,0.916411,1.187298,-1.40257,-0.074206,-1.797677,0.425964
420.689,-2.519107,0.887356,1.170119,-1.47304,-0.082955,-1.749048,0.452815
420.768,-2.611107,0.857971,1.152241,-1.541479,-0.091531,-1.699662,0.478977
420.847,-2.701082,0.827921,1.13347,-1.608723,-0.100036,-1.648957,0.504767
420.926,-2.788963,0.797229,1.11382,-1.67472,-0.108463,-1.596974,0.530166
421.005,-2.874681,0.765918,1.093305,-1.739417,-0.116805,-1.543752,0.555154
421.084,-2.958169,0.734014,1.071943,-1.802766,-0.125058,-1.489333,0.579711
421.163,-3.039363,0.70154,1.04975,-1.864717,-0.133213,-1.433759,0.603819
421.242,-3.118201,0.668523,1.026743,-1.925221,-0.141265,-1.377073,0.627458
421.322,-3.195571,0.634559,1.002633,-1.98497,-0.149307,-1.318582,0.650901
421.401,-3.269481,0.600524,0.978041,-2.042423,-0.157132,-1.259792,0.673543
421.48,-3.340855,0.566024,0.952692,-2.098292,-0.164836,-1.200025,0.695662
421.559,-3.409638,0.531084,0.926603,-2.152533,-0.172411,-1.139328,0.717242
421.638,-3.475778,0.495733,0.899796,-2.205106,-0.179853,-1.077747,0.738266
421.717,-3.539221,0.459997,0.872291,-2.255968,-0.187155,-1.01533,0.758717
421.796,-3.59992,0.423905,0.84411,-2.305081,-0.194313,-0.952126,0.77858
421.875,-3.657827,0.387484,0.815274,-2.352406,-0.201319,-0.888184,0.797839
421.955,-3.713576,0.350296,0.785428,-2.398471,-0.208255,-0.82273,0.816711
422.034,-3.76573,0.313299,0.755343,-2.442088,-0.214942,-0.757452,0.83471
422.113,-3.814964,0.276059,0.724672,-2.483811,-0.221462,-0.691587,0.852061
422.192,-3.861239,0.238605,0.693439,-2.523609,-0.22781,-0.625186,0.868752
422.271,-3.904519,0.200966,0.661668,-2.561449,-0.233982,-0.558299,0.884769
422.35,-3.944772,0.163171,0.629384,-2.597302,-0.239973,-0.49098,0.9001
422.429,-3.981965,0.125249,0.596612,-2.631142,-0.245777,-0.42328,0.914733
422.508,-4.016071,0.087231,0.563377,-2.662941,-0.25139,-0.355251,0.928657
422.588,-4.047434,0.048662,0.529277,-2.693037,-0.256876,-0.286081,0.942022
422.667,-4.075246,0.010538,0.495189,-2.720656,-0.262093,-0.217553,0.954486
422.746,-4.099898,-0.027595,0.460717,-2.746165,-0.267107,-0.148855,0.966209
422.825,-4.12137,-0.065707,0.425889,-2.769545,-0.271913,-0.080042,0.977183
422.904,-4.139646,-0.103767,0.39073,-2.790776,-0.276509,-0.011167,0.987399
422.983,-4.154712,-0.141747,0.355267,-2.809843,-0.28089,0.057717,0.99685
423.062,-4.166556,-0.179617,0.31953,-2.826731,-0.285053,0.126556,1.005527
423.141,-4.175168,-0.217348,0.283544,-2.841427,-0.288996,0.195297,1.013425
423.221,-4.18059,-0.255384,0.246879,-2.854063,-0.292759,0.264753,1.020621
423.3,-4.182681,-0.292746,0.21048,-2.864314,-0.296248,0.333135,1.026931
423.379,-4.181529,-0.329881,0.173917,-2.872344,-0.299506,0.401259,1.032445
423.458,-4.177133,-0.36676,0.13722,-2.878146,-0.302532,0.469071,1.037158
423.537,-4.169499,-0.403354,0.100416,-2.881716,-0.305324,0.536519,1.041067
423.616,-4.15863,-0.439636,0.063534,-2.883051,-0.307879,0.603552,1.044168
423.695,-4.144537,-0.475577,0.026603,-2.882151,-0.310195,0.670116,1.046459
423.774,-4.127229,-0.511148,-0.010349,-2.879015,-0.312271,0.736161,1.047939
423.854,-4.106441,-0.546767,-0.04776,-2.873564,-0.314125,0.80246,1.04861
423.933,-4.082708,-0.581513,-0.084666,-2.865939,-0.315712,0.867303,1.048454
424.012,-4.055808,-0.615808,-0.121507,-2.856091,-0.317054,0.931475,1.047484
424.091,-4.025763,-0.649626,-0.158253,-2.844028,-0.31815,0.994924,1.045703
424.17,-3.992596,-0.68294,-0.194877,-2.829759,-0.318999,1.057601,1.04311
424.265,-3.948614,-0.722297,-0.238716,-2.809696,-0.319693,1.131882,1.038921
424.344,-3.908665,-0.754411,-0.274969,-2.790611,-0.319996,1.192689,1.03455
424.423,-3.865684,-0.78594,-0.311009,-2.769362,-0.320052,1.252572,1.029377
424.502,-3.819706,-0.816859,-0.346808,-2.745965,-0.319859,1.311483,1.023406
424.581,-3.770765,-0.847145,-0.382338,-2.720438,-0.319419,1.369377,1.016641
424.66,-3.7189,-0.876774,-0.417572,-2.692802,-0.31873,1.426209,1.009087
424.74,-3.663439,-0.906084,-0.452921,-2.662688,-0.317781,1.482633,1.000641
424.819,-3.605813,-0.934322,-0.487475,-2.630873,-0.316596,1.537194,0.991519
424.898,-3.54539,-0.961835,-0.521652,-2.597016,-0.315165,1.590564,0.981628
424.977,-3.482218,-0.988601,-0.555423,-2.561146,-0.31349,1.6427,0.970976
425.056,-3.416345,-1.014602,-0.588764,-2.52329,-0.311572,1.693562,0.95957
425.135,-3.347823,-1.039815,-0.621648,-2.483477,-0.309412,1.743111,0.947421
425.214,-3.276704,-1.064222,-0.65405,-2.441738,-0.307012,1.791308,0.934537
425.293,-3.203044,-1.087803,-0.685945,-2.398105,-0.304374,1.838116,0.920928
425.373,-3.125921,-1.110824,-0.717702,-2.352025,-0.301462,1.884064,0.906419
425.452,-3.047322,-1.132689,-0.748501,-2.304685,-0.298352,1.927966,0.891384
425.531,-2.96636,-1.153677,-0.77872,-2.255558,-0.295009,1.970374,0.875658
425.61,-2.883097,-1.173769,-0.808335,-2.204681,-0.291439,2.011254,0.859252
425.689,-2.797598,-1.192952,-0.837323,-2.152095,-0.287642,2.050574,0.842181
425.768,-2.70993,-1.211209,-0.865662,-2.09784,-0.283622,2.088303,0.824456
425.847,-2.62016,-1.228527,-0.89333,-2.041958,-0.279382,2.124414,0.806092
425.926,-2.528358,-1.244892,-0.920304,-1.984492,-0.274925,2.158876,0.787102
426.006,-2.433396,-1.26048,-0.946893,-1.924731,-0.270195,2.192069,0.76725
426.085,-2.337722,-1.27489,-0.97241,-1.864214,-0.265313,2.223136,0.747048
426.164,-2.240235,-1.288311,-0.997174,-1.802252,-0.260225,2.252479,0.726266
426.243,-2.141011,-1.300733,-1.021164,-1.738892,-0.254935,2.280075,0.704921
426.322,-2.040126,-1.312146,-1.044362,-1.674183,-0.249448,2.305902,0.683029
426.401,-1.937659,-1.322542,-1.06675,-1.608177,-0.243767,2.329942,0.660608
426.48,-1.833689,-1.331912,-1.088311,-1.540922,-0.237898,2.352175,0.637674
426.559,-1.728297,-1.340249,-1.109028,-1.472473,-0.231843,2.372583,0.614246
426.639,-1.620206,-1.347633,-1.12913,-1.401994,-0.225529,2.391375,0.590036
426.718,-1.512201,-1.353872,-1.148101,-1.331302,-0.219118,2.408065,0.565668
426.797,-1.403023,-1.359062,-1.16618,-1.259577,-0.212537,2.422888,0.540861
426.876,-1.292757,-1.363197,-1.183356,-1.186875,-0.205791,2.435832,0.515635
426.955,-1.181489,-1.366275,-1.199613,-1.113253,-0.198885,2.446887,0.490009
427.034,-1.069304,-1.368294,-1.214941,-1.038768,-0.191825,2.456045,0.464002
427.113,-0.95629,-1.369252,-1.229326,-0.963477,-0.184617,2.463297,0.437636
427.192,-0.842534,-1.369147,-1.242758,-0.887438,-0.177265,2.46864,0.410931
427.272,-0.726673,-1.36796,-1.255377,-0.809736,-0.16968,2.472099,0.383563
427.351,-0.611693,-1.365719,-1.266859,-0.732374,-0.162057,2.473585,0.356237
427.43,-0.496239,-1.36242,-1.277359,-0.654443,-0.154309,2.473153,0.328636
427.509,-0.380399,-1.358063,-1.286868,-0.576005,-0.146441,2.470803,0.300779
427.588,-0.264265,-1.352654,-1.295379,-0.49712,-0.13846,2.466537,0.272689
427.667,-0.147925,-1.346196,-1.302885,-0.417849,-0.130371,2.460359,0.244388
427.746,-0.031471,-1.338693,-1.309381,-0.338255,-0.122181,2.452272,0.215897
427.825,0.085008,-1.330153,-1.314862,-0.258398,-0.113896,2.442283,0.187239
427.905,0.202893,-1.320453,-1.319373,-0.177326,-0.105417,2.430238,0.15807
427.984,0.319147,-1.309844,-1.322798,-0.097129,-0.096961,2.416446,0.129142
428.063,0.435153,-1.298219,-1.325197,-0.016857,-0.08843,2.400781,0.100114
428.142,0.550822,-1.285587,-1.326568,0.063429,-0.07983,2.383254,0.071009
428.221,0.666064,-1.271958,-1.32691,0.143665,-0.071169,2.363878,0.041848
428.316,0.803953,-1.254264,-1.325959,0.239998,-0.060681,2.338152,0.006741
428.395,0.91794,-1.238477,-1.324036,0.319907,-0.051906,2.314761,-0.022461
428.474,1.031214,-1.221731,-1.321086,0.399567,-0.043092,2.289575,-0.051646
428.553,1.143689,-1.204036,-1.317111,0.478918,-0.034244,2.262612,-0.080791
428.632,1.255276,-1.185408,-1.312115,0.557897,-0.02537,2.233896,-0.109873
428.711,1.36589,-1.165861,-1.306101,0.636443,-0.016476,2.203446,-0.138869
428.791,1.476825,-1.145145,-1.298979,0.715481,-0.007456,2.170871,-0.168123
428.87,1.585221,-1.123794,-1.290932,0.792972,0.001457,2.137007,-0.196881
428.949,1.692387,-1.101571,-1.281885,0.869848,0.010368,2.101487,-0.225485
429.028,1.798241,-1.078495,-1.271842,0.94605,0.019272,2.064337,-0.253915
429.107,1.9027,-1.054582,-1.260814,1.021518,0.02816,2.025586,-0.282148
429.186,2.005683,-1.029851,-1.248808,1.096194,0.037027,1.985264,-0.310161
429.265,2.107112,-1.004321,-1.235833,1.17002,0.045865,1.943403,-0.337935
429.344,2.206906,-0.978012,-1.2219,1.242939,0.054668,1.900034,-0.365446
429.424,2.306218,-0.950598,-1.206825,1.315798,0.063538,1.854615,-0.393017
429.503,2.40249,-0.922784,-1.190997,1.386719,0.072249,1.808316,-0.419936
429.582,2.496899,-0.894255,-1.174245,1.456565,0.080903,1.760615,-0.44653
429.661,2.589371,-0.865032,-1.156582,1.525282,0.089494,1.711548,-0.472777
429.74,2.679836,-0.835139,-1.138022,1.592815,0.098016,1.661154,-0.498658
429.819,2.768221,-0.804597,-1.11858,1.659114,0.106462,1.609472,-0.524152
429.898,2.854461,-0.773432,-1.09827,1.724125,0.114826,1.556541,-0.54924
429.977,2.938486,-0.741667,-1.077108,1.7878,0.1231,1.502403,-0.573901
430.057,3.021253,-0.708914,-1.054828,1.850867,0.131382,1.446393,-0.598421
430.136,3.100627,-0.676016,-1.032003,1.911702,0.139458,1.389954,-0.622168
430.215,3.177596,-0.642595,-1.008377,1.971055,0.147426,1.332438,-0.645432
430.294,3.252102,-0.608675,-0.983969,2.028878,0.155279,1.273887,-0.668196
430.373,3.324085,-0.574283,-0.958798,2.085128,0.163012,1.214349,-0.690441
430.452,3.393491,-0.539446,-0.932884,2.139762,0.170618,1.153869,-0.712151
430.531,3.460264,-0.504191,-0.906246,2.192735,0.178093,1.092495,-0.733309
430.61,3.524355,-0.468544,-0.878906,2.244009,0.185429,1.030273,-0.753898
430.69,3.58647,-0.432076,-0.850524,2.294157,0.192711,0.966449,-0.774152
430.769,3.645011,-0.395727,-0.821834,2.341889,0.199752,0.902669,-0.793548
430.848,3.700725,-0.35907,-0.792506,2.387804,0.206638,0.838189,-0.812329
430.927,3.753569,-0.322135,-0.762564,2.431868,0.213364,0.773058,-0.83048
431.006,3.803502,-0.284951,-0.73203,2.474046,0.219924,0.707328,-0.847987
431.085,3.850485,-0.247545,-0.700929,2.514304,0.226314,0.64105,-0.864837
431.164,3.894482,-0.209948,-0.669284,2.552614,0.232528,0.574274,-0.881015
431.243,3.935459,-0.172187,-0.63712,2.588943,0.238562,0.507053,-0.896511
431.323,3.973845,-0.133813,-0.604045,2.623686,0.244484,0.438581,-0.911494
431.402,4.008649,-0.095814,-0.570913,2.655948,0.250141,0.370622,-0.925578
431.481,4.040344,-0.05774,-0.537337,2.686149,0.255604,0.302376,-0.938945
431.56,4.068906,-0.019622,-0.503345,2.714268,0.260869,0.233895,-0.951584
431.639,4.094313,0.018512,-0.468963,2.740281,0.265931,0.165233,-0.963484
431.718,4.116544,0.056631,-0.434217,2.764169,0.270787,0.096442,-0.974637
431.797,4.135583,0.094706,-0.399134,2.785914,0.275433,0.027577,-0.985035
431.876,4.151415,0.132708,-0.363741,2.805498,0.279866,-0.041309,-0.994668
431.956,4.164166,0.171086,-0.327614,2.823113,0.284133,-0.111035,-1.003638
432.035,4.173508,0.208851,-0.291682,2.838304,0.288126,-0.179803,-1.011712
432.114,4.179613,0.246453,-0.255523,2.851295,0.291895,-0.248431,-1.019001
432.193,4.182477,0.283865,-0.219167,2.862074,0.295437,-0.316866,-1.0255
432.272,4.182097,0.321056,-0.182641,2.870633,0.298751,-0.385056,-1.031204
432.367,4.177346,0.365448,-0.138532,2.877977,0.302428,-0.466656,-1.037004
432.446,4.169827,0.402053,-0.101731,2.881627,0.305229,-0.534119,-1.040941
432.525,4.159074,0.438347,-0.064851,2.883042,0.307792,-0.601167,-1.044071
432.604,4.145095,0.4743,-0.027922,2.882221,0.310116,-0.667749,-1.046392
432.683,4.127902,0.509886,0.00903,2.879165,0.312201,-0.733813,-1.047901
432.762,4.107508,0.545076,0.045974,2.873876,0.314043,-0.799308,-1.048597
432.842,4.083609,0.58028,0.08335,2.866249,0.31566,-0.865,-1.048473
432.921,4.056823,0.614592,0.120194,2.85648,0.31701,-0.929196,-1.047533
433,4.02689,0.648428,0.156944,2.844496,0.318115,-0.992672,-1.04578
433.079,3.993834,0.68176,0.193572,2.830306,0.318973,-1.055378,-1.043217
433.158,3.95768,0.714564,0.230051,2.813921,0.319584,-1.117265,-1.039844
433.237,3.918458,0.746813,0.266351,2.795354,0.319946,-1.178286,-1.035665
433.316,3.876196,0.778483,0.302445,2.774619,0.320061,-1.238393,-1.030682
433.395,3.830929,0.80955,0.338304,2.751732,0.319928,-1.297539,-1.024901
433.475,3.782061,0.84037,0.374349,2.726381,0.31954,-1.356409,-1.018236
433.554,3.730852,0.870149,0.409652,2.699219,0.318907,-1.413484,-1.01086
433.633,3.67675,0.899253,0.444637,2.669964,0.318027,-1.469463,-1.0027
433.712,3.619796,0.92766,0.479277,2.638638,0.316901,-1.524303,-0.993762
433.791,3.560036,0.955347,0.513546,2.605266,0.315528,-1.577961,-0.984053
433.87,3.497514,0.982294,0.547416,2.569873,0.313911,-1.630394,-0.973582
433.949,3.43228,1.008478,0.580862,2.532487,0.312051,-1.681564,-0.962355
434.028,3.364384,1.033881,0.613857,2.493137,0.309948,-1.731429,-0.950382
434.108,3.29297,1.058788,0.646785,2.451319,0.307574,-1.780557,-0.937507
434.187,3.219879,1.082557,0.678796,2.408111,0.30499,-1.827681,-0.92406
434.266,3.14429,1.105487,0.710282,2.363035,0.302169,-1.873388,-0.909897
434.345,3.066263,1.12756,0.741216,2.316126,0.299114,-1.917642,-0.895029
434.424,2.985858,1.148758,0.771575,2.267421,0.295827,-1.960409,-0.879466
434.503,2.903137,1.169065,0.801336,2.216958,0.29231,-2.001656,-0.863221
434.582,2.818165,1.188465,0.830476,2.164775,0.288567,-2.04135,-0.846307
434.661,2.731008,1.206944,0.858971,2.110914,0.284599,-2.079461,-0.828737
434.741,2.640589,1.224703,0.887149,2.054703,0.280357,-2.116411,-0.810289
434.82,2.549239,1.241284,0.914281,1.99759,0.275949,-2.151248,-0.791439
434.899,2.455913,1.256903,0.940705,1.938929,0.271327,-2.184416,-0.771976
434.978,2.360681,1.271547,0.966399,1.878764,0.266495,-2.21589,-0.751914
435.057,2.263619,1.285204,0.991344,1.817142,0.261456,-2.245646,-0.731269
435.136,2.164802,1.297865,1.01552,1.75411,0.256214,-2.27366,-0.710056
435.215,2.064305,1.30952,1.038908,1.689718,0.250773,-2.299911,-0.688293
435.294,1.962208,1.320158,1.061491,1.624016,0.245138,-2.324378,-0.665996
435.374,1.857268,1.329889,1.083521,1.556199,0.239238,-2.347318,-0.642891
435.453,1.75219,1.338459,1.104429,1.488015,0.233225,-2.36814,-0.619573
435.532,1.645753,1.345992,1.124482,1.418677,0.227031,-2.387125,-0.595774
435.611,1.53804,1.352481,1.143662,1.348238,0.220661,-2.404258,-0.571513
435.69,1.429134,1.357921,1.161955,1.276754,0.21412,-2.419527,-0.546809
435.769,1.319119,1.362308,1.179347,1.20428,0.207412,-2.43292,-0.521681
435.848,1.208082,1.365638,1.195824,1.130872,0.200544,-2.444426,-0.496149
435.927,1.096108,1.367909,1.211374,1.056587,0.193521,-2.454036,-0.470231
436.007,0.98185,1.369128,1.226164,0.980527,0.186255,-2.461828,-0.443614
436.086,0.868254,1.369264,1.239812,0.904652,0.178935,-2.467602,-0.416983
436.165,0.753985,1.368337,1.252498,0.828076,0.171477,-2.471462,-0.390029
436.244,0.639131,1.366349,1.264213,0.750857,0.163885,-2.473405,-0.362773
436.323,0.523781,1.363302,1.274947,0.673056,0.156166,-2.47343,-0.335235
436.418,0.384539,1.358237,1.286546,0.578812,0.146724,-2.47092,-0.301778
436.497,0.268414,1.352865,1.295092,0.499942,0.138747,-2.466723,-0.273696
436.576,0.15208,1.346444,1.302635,0.420684,0.130662,-2.460612,-0.245402
436.655,0.035628,1.338979,1.309167,0.3411,0.122475,-2.452593,-0.216917
436.734,-0.080851,1.330475,1.314684,0.261252,0.114194,-2.442672,-0.188264
436.813,-0.197267,1.32094,1.319181,0.1812,0.105824,-2.430857,-0.159466
436.893,-0.315001,1.31024,1.322693,0.099993,0.097264,-2.416971,-0.130177
436.972,-0.431018,1.298651,1.325129,0.019722,0.088736,-2.401372,-0.101152
437.051,-0.5467,1.286055,1.326536,-0.060564,0.080138,-2.383911,-0.072049
437.13,-0.661959,1.272462,1.326916,-0.140803,0.071479,-2.364601,-0.04289
437.209,-0.776704,1.257881,1.326266,-0.220932,0.062764,-2.343458,-0.013697
437.288,-0.890847,1.242326,1.324587,-0.300891,0.054,-2.320497,0.015505
437.367,-1.004299,1.225807,1.321882,-0.380616,0.045195,-2.295736,0.044696
437.446,-1.116972,1.208337,1.318151,-0.460046,0.036355,-2.269195,0.073853
437.526,-1.230188,1.189691,1.313331,-0.540117,0.027373,-2.240525,0.103319
437.605,-1.341029,1.17035,1.307546,-0.618767,0.018483,-2.210465,0.132337
437.684,-1.45083,1.150101,1.300748,-0.696936,0.009579,-2.17869,0.161253
437.763,-1.559507,1.12896,1.29294,-0.774565,0.000667,-2.145226,0.190043
437.842,-1.666973,1.106944,1.28413,-0.851594,-0.008246,-2.110098,0.218686
437.921,-1.773147,1.084069,1.274325,-0.927962,-0.017152,-2.073333,0.247159
438,-1.877946,1.060353,1.26353,-1.00361,-0.026045,-2.034961,0.275441
438.079,-1.981288,1.035815,1.251756,-1.07848,-0.034917,-1.995011,0.303509
438.159,-2.084373,1.010148,1.238844,-1.153445,-0.043875,-1.952978,0.331692
438.238,-2.184542,0.984014,1.225126,-1.226573,-0.052686,-1.909946,0.359264
438.317,-2.283018,0.957116,1.210458,-1.29875,-0.061456,-1.865433,0.386558
438.396,-2.379722,0.929476,1.194852,-1.369919,-0.070179,-1.819474,0.413552
438.475,-2.474582,0.901115,1.178318,-1.440027,-0.078847,-1.772103,0.440225
438.554,-2.567522,0.872056,1.160871,-1.509017,-0.087454,-1.723359,0.466557
438.633,-2.658471,0.84232,1.142524,-1.576837,-0.095993,-1.673277,0.492527
438.712,-2.747358,0.81193,1.123291,-1.643435,-0.104458,-1.621898,0.518115
438.792,-2.835199,0.780515,1.102926,-1.709576,-0.112947,-1.568587,0.543617
438.871,-2.91973,0.748883,1.081955,-1.773556,-0.121242,-1.514718,0.568377
438.95,-3.001996,0.71667,1.060145,-1.836162,-0.129443,-1.459675,0.592695
439.029,-3.081934,0.683902,1.037513,-1.897343,-0.137544,-1.403499,0.616554
439.108,-3.159482,0.650603,1.014077,-1.957052,-0.145538,-1.346235,0.639935
439.187,-3.23458,0.616799,0.989854,-2.015244,-0.153419,-1.287927,0.662819
439.266,-3.307169,0.582518,0.964863,-2.071873,-0.161181,-1.22862,0.68519
439.345,-3.377193,0.547784,0.939124,-2.126896,-0.168818,-1.16836,0.707029
439.425,-3.445435,0.512178,0.912317,-2.180934,-0.176419,-1.106414,0.728586
439.504,-3.510135,0.476617,0.885133,-2.232594,-0.183786,-1.044379,0.749304
439.583,-3.572113,0.440687,0.857263,-2.282523,-0.191012,-0.981534,0.769442
439.662,-3.63132,0.404415,0.828727,-2.330682,-0.198089,-0.917928,0.788983
439.741,-3.687712,0.367829,0.799549,-2.377033,-0.205012,-0.85361,0.807912
439.82,-3.741243,0.330958,0.769752,-2.421541,-0.211776,-0.78863,0.826214
439.899,-3.791873,0.29383,0.739357,-2.464171,-0.218377,-0.723038,0.843876
439.978,-3.839562,0.256475,0.708388,-2.50489,-0.224808,-0.656886,0.860883
440.058,-3.884821,0.218443,0.676468,-2.544144,-0.231142,-0.589377,0.877425
440.137,-3.926482,0.180717,0.644419,-2.580923,-0.237217,-0.522252,0.893076
440.216,-3.965098,0.142851,0.61187,-2.6157,-0.243108,-0.454722,0.908034
440.295,-4.000639,0.104874,0.578847,-2.648448,-0.248811,-0.38684,0.922288
440.374,-4.033077,0.066815,0.545375,-2.679143,-0.25432,-0.318657,0.935826
440.469,-4.067941,0.020983,0.504565,-2.7133,-0.260684,-0.236343,0.951145
440.548,-4.093461,-0.017151,0.470196,-2.739389,-0.265754,-0.167686,0.963072
440.627,-4.115806,-0.055271,0.435463,-2.763354,-0.270617,-0.098899,0.974252
440.706,-4.134959,-0.093348,0.400391,-2.785175,-0.275271,-0.030036,0.984677
440.785,-4.150905,-0.131353,0.36501,-2.804837,-0.279711,0.038851,0.994338
440.864,-4.163632,-0.169256,0.329345,-2.822323,-0.283935,0.107707,1.003227
440.944,-4.17323,-0.207505,0.292968,-2.8378,-0.287987,0.17735,1.011437
441.023,-4.179451,-0.245114,0.256817,-2.850869,-0.291764,0.245984,1.018754
441.102,-4.182431,-0.282533,0.220468,-2.861727,-0.295315,0.314428,1.025282
441.181,-4.182167,-0.319733,0.183947,-2.870366,-0.298637,0.382627,1.031014
441.26,-4.17866,-0.356685,0.147284,-2.876779,-0.301727,0.45053,1.035947
441.339,-4.171912,-0.39336,0.110506,-2.88096,-0.304583,0.518083,1.040076
441.418,-4.161928,-0.42973,0.073643,-2.882908,-0.307203,0.585235,1.043399
441.497,-4.148718,-0.465767,0.036722,-2.88262,-0.309584,0.651933,1.045912
441.577,-4.132061,-0.501892,-0.000694,-2.88005,-0.311752,0.718959,1.047631
441.656,-4.112387,-0.537174,-0.037643,-2.875264,-0.313648,0.784587,1.048511
441.735,-4.089524,-0.572039,-0.074562,-2.868249,-0.315302,0.849606,1.048577
441.814,-4.06349,-0.606461,-0.111424,-2.859009,-0.316711,0.913967,1.047831
441.893,-4.034305,-0.640412,-0.148199,-2.847552,-0.317874,0.977619,1.046271
441.972,-4.00199,-0.673866,-0.184859,-2.833886,-0.318791,1.040512,1.043901
442.051,-3.966572,-0.706798,-0.221376,-2.818023,-0.319461,1.102599,1.040721
442.13,-3.928078,-0.739182,-0.257721,-2.799975,-0.319883,1.16383,1.036733
442.21,-3.885993,-0.771392,-0.294323,-2.779485,-0.320057,1.224917,1.031876
442.289,-3.841401,-0.802596,-0.330237,-2.757082,-0.319979,1.284284,1.026274
442.368,-3.793829,-0.833179,-0.365895,-2.732541,-0.319654,1.342655,1.019877
442.447,-3.743315,-0.863115,-0.40127,-2.705881,-0.31908,1.399985,1.012688
442.526,-3.689899,-0.892382,-0.436333,-2.677122,-0.318259,1.45623,1.004714
442.605,-3.633621,-0.920957,-0.471058,-2.646287,-0.317191,1.511345,0.995961
442.684,-3.574524,-0.948818,-0.505417,-2.6134,-0.315877,1.565288,0.986436
442.763,-3.512656,-0.975943,-0.539385,-2.578486,-0.314319,1.618017,0.976145
442.843,-3.447229,-1.00264,-0.573356,-2.541093,-0.312492,1.670134,0.964953
442.922,-3.379929,-1.02822,-0.606455,-2.502183,-0.310444,1.720297,0.953148
443.001,-3.310008,-1.053004,-0.639084,-2.461333,-0.308155,1.769126,0.940603
443.08,-3.237519,-1.07697,-0.671217,-2.418575,-0.305627,1.816582,0.927329
443.159,-3.16252,-1.100102,-0.70283,-2.373941,-0.302862,1.86263,0.913336
443.238,-3.085069,-1.12238,-0.733898,-2.327465,-0.299863,1.907233,0.898634
443.317,-3.005225,-1.143788,-0.764396,-2.279185,-0.296631,1.950358,0.883236
443.396,-2.92305,-1.164309,-0.794302,-2.229137,-0.293168,1.991969,0.867153
443.476,-2.837525,-1.184169,-0.823958,-2.176694,-0.289431,2.032534,0.85018
443.555,-2.750855,-1.202857,-0.852601,-2.123208,-0.285514,2.071004,0.832757
443.634,-2.662051,-1.220613,-0.880583,-2.068075,-0.281375,2.107869,0.814687
443.713,-2.571183,-1.237421,-0.907881,-2.011338,-0.277019,2.143099,0.795986
443.792,-2.478321,-1.25327,-0.934476,-1.953042,-0.272447,2.176667,0.776667
443.871,-2.383537,-1.268147,-0.960346,-1.89323,-0.267665,2.208547,0.756747
443.95,-2.286904,-1.282041,-0.985471,-1.831951,-0.262675,2.238715,0.736239
444.029,-2.188498,-1.29494,-1.009832,-1.769251,-0.257481,2.267146,0.71516
444.109,-2.087117,-1.306979,-1.033703,-1.704359,-0.252017,2.294145,0.693249
444.188,-1.985373,-1.317848,-1.056469,-1.638948,-0.246426,2.319016,0.671072
444.267,-1.882091,-1.327694,-1.078415,-1.572266,-0.240643,2.342089,0.648373
444.346,-1.777348,-1.336511,-1.099526,-1.504365,-0.234674,2.363346,0.625172
444.425,-1.671228,-1.344292,-1.119783,-1.435296,-0.228523,2.382769,0.601486
444.52,-1.541905,-1.352267,-1.142992,-1.350771,-0.220891,2.403679,0.572387
444.599,-1.43304,-1.357745,-1.161317,-1.279323,-0.214356,2.419014,0.547698
444.678,-1.323064,-1.362169,-1.178742,-1.206883,-0.207655,2.432474,0.522585
444.757,-1.212062,-1.365537,-1.195252,-1.133508,-0.200792,2.444048,0.497067
444.836,-1.100119,-1.367846,-1.210835,-1.059253,-0.193774,2.453726,0.471163
444.915,-0.987324,-1.369095,-1.22548,-0.984177,-0.186606,2.461501,0.444893
444.995,-0.872321,-1.369277,-1.239341,-0.907373,-0.179199,2.467429,0.41794
445.074,-0.758074,-1.368388,-1.252062,-0.83082,-0.171745,2.471357,0.390997
445.153,-0.643239,-1.366438,-1.263811,-0.753624,-0.164158,2.473369,0.363751
445.232,-0.527905,-1.363429,-1.274581,-0.675842,-0.156444,2.473462,0.336223
445.311,-0.412162,-1.359361,-1.284362,-0.597537,-0.148608,2.471638,0.308434
445.39,-0.2961,-1.35424,-1.293147,-0.518768,-0.140657,2.467896,0.280406
445.469,-0.179808,-1.348069,-1.30093,-0.439597,-0.132597,2.462241,0.25216
445.548,-0.063376,-1.340852,-1.307703,-0.360085,-0.124434,2.454676,0.223719
445.628,0.054579,-1.332484,-1.313528,-0.279283,-0.11607,2.445076,0.194741
445.707,0.171018,-1.32318,-1.318256,-0.199272,-0.107719,2.433687,0.165973
445.786,0.287324,-1.312851,-1.321961,-0.119106,-0.099285,2.420411,0.137077
445.865,0.403407,-1.301503,-1.324642,-0.038848,-0.090774,2.405258,0.108074
445.944,0.519177,-1.289146,-1.326294,0.04144,-0.082192,2.388239,0.078988
446.023,0.634545,-1.27579,-1.326919,0.121695,-0.073547,2.369369,0.04984
446.102,0.74942,-1.261444,-1.326514,0.201857,-0.064845,2.34866,0.020654
446.181,0.863715,-1.246119,-1.32508,0.281862,-0.056092,2.326131,-0.008549
446.261,0.978773,-1.229616,-1.322581,0.362656,-0.047185,2.301478,-0.038114
446.34,1.091629,-1.21236,-1.319082,0.442158,-0.038351,2.275337,-0.06728
446.419,1.203639,-1.194163,-1.314559,0.521317,-0.029488,2.247431,-0.096394
446.498,1.314715,-1.17504,-1.309017,0.600072,-0.020603,2.217782,-0.125433
446.577,1.424772,-1.155006,-1.302459,0.678361,-0.011701,2.186414,-0.154375
446.656,1.533724,-1.134076,-1.294892,0.756125,-0.00279,2.15335,-0.183197
446.735,1.641486,-1.112267,-1.28632,0.833301,0.006123,2.118616,-0.211877
446.814,1.747976,-1.089595,-1.276751,0.909832,0.015031,2.082239,-0.240393
446.894,1.854431,-1.065775,-1.266051,0.986612,0.02404,2.043755,-0.269079
446.973,1.958109,-1.041421,-1.254497,1.061663,0.032918,2.004158,-0.297197
447.052,2.060269,-1.016259,-1.241971,1.13589,0.04177,1.963007,-0.325085
447.131,2.16083,-0.99031,-1.228481,1.209236,0.05059,1.920333,-0.352721
447.21,2.259716,-0.963592,-1.214038,1.281645,0.059371,1.87617,-0.380083
447.289,2.35685,-0.936127,-1.198654,1.353059,0.068105,1.830552,-0.40715
447.368,2.452155,-0.907936,-1.18234,1.423425,0.076787,1.783514,-0.433901
447.447,2.545559,-0.87904,-1.16511,1.492686,0.085409,1.735093,-0.460316
447.527,2.638133,-0.849085,-1.14674,1.561644,0.094073,1.684689,-0.486702
447.606,2.727492,-0.818841,-1.127706,1.628522,0.102555,1.633599,-0.512378
447.685,2.814735,-0.787962,-1.107796,1.694137,0.110958,1.581242,-0.537656
447.764,2.899795,-0.756472,-1.087028,1.758438,0.119274,1.527659,-0.562518
447.843,2.982607,-0.724396,-1.065416,1.821375,0.127498,1.472892,-0.586943
447.922,3.063105,-0.691757,-1.042979,1.8829,0.135623,1.416982,-0.610913
448.001,3.141228,-0.658582,-1.019732,1.942964,0.143643,1.359973,-0.634409
448.08,3.216915,-0.624897,-0.995694,2.001522,0.151552,1.30191,-0.657414
448.16,3.291017,-0.590291,-0.970566,2.059239,0.159441,1.242082,-0.68019
448.239,3.361625,-0.555657,-0.944994,2.114627,0.167107,1.182033,-0.70215
448.318,3.429626,-0.520592,-0.918689,2.168376,0.174643,1.121068,-0.723566
448.397,3.494967,-0.485123,-0.891672,2.220443,0.182044,1.059233,-0.744421
448.476,3.557598,-0.449278,-0.863963,2.270788,0.189304,0.996576,-0.764698
448.571,3.629255,-0.405715,-0.829757,2.328994,0.197839,0.920211,-0.788296
448.65,3.685748,-0.36914,-0.800602,2.37541,0.204768,0.855917,-0.807247
448.729,3.739382,-0.332278,-0.770825,2.419984,0.211538,0.79096,-0.825572
448.808,3.790116,-0.295159,-0.740451,2.462682,0.218144,0.725389,-0.843257
448.887,3.837911,-0.257811,-0.709503,2.50347,0.224581,0.659256,-0.860288
448.966,3.88273,-0.220264,-0.678005,2.542316,0.230844,0.592612,-0.876651
449.046,3.925047,-0.182066,-0.645572,2.579644,0.237003,0.524655,-0.892529
449.125,3.963772,-0.144204,-0.61304,2.614493,0.242901,0.457139,-0.907512
449.204,3.999423,-0.106231,-0.580033,2.647314,0.24861,0.389268,-0.921791
449.283,4.031973,-0.068175,-0.546577,2.678083,0.254127,0.321095,-0.935356
449.362,4.061396,-0.030066,-0.512696,2.706774,0.259446,0.252673,-0.948195
449.441,4.087669,0.008067,-0.478418,2.733366,0.264565,0.184055,-0.960298
449.52,4.110772,0.046193,-0.443769,2.757838,0.269478,0.115295,-0.971657
449.599,4.130687,0.084283,-0.408775,2.780172,0.274182,0.046445,-0.982262
449.679,4.147589,0.122789,-0.373016,2.800591,0.278729,-0.023313,-0.992226
449.758,4.161043,0.160717,-0.337413,2.818569,0.283001,-0.092181,-1.00129
449.837,4.171271,0.198521,-0.301548,2.834362,0.287054,-0.160978,-1.009578
449.916,4.178263,0.236171,-0.265449,2.847956,0.290885,-0.229649,-1.017083
449.995,4.182015,0.273638,-0.229144,2.859342,0.29449,-0.298143,-1.023799
450.074,4.182524,0.310893,-0.192661,2.86851,0.297866,-0.366405,-1.029721
450.153,4.179789,0.347906,-0.156029,2.875453,0.301012,-0.434384,-1.034844
450.232,4.173813,0.38465,-0.119276,2.880167,0.303924,-0.502025,-1.039165
450.312,4.164463,0.421555,-0.081964,2.882664,0.306633,-0.570126,-1.04272
450.391,4.151979,0.457669,-0.045054,2.88288,0.309068,-0.63693,-1.045416
450.47,4.136275,0.493429,-0.008109,2.88086,0.311264,-0.703241,-1.047302
450.549,4.117364,0.528806,0.028843,2.876606,0.313218,-0.769006,-1.048375
450.628,4.095259,0.563773,0.065772,2.870122,0.31493,-0.834175,-1.048635
450.707,4.069979,0.598302,0.102649,2.861411,0.316397,-0.898697,-1.048082
450.786,4.041542,0.632368,0.139448,2.850482,0.317619,-0.962522,-1.046717
450.865,4.009971,0.665943,0.176138,2.837342,0.318595,-1.025601,-1.044539
450.945,3.974831,0.699417,0.213153,2.821793,0.319331,-1.088667,-1.041509
451.024,3.937029,0.731927,0.249539,2.804236,0.319809,-1.150096,-1.037703
451.103,3.896173,0.763869,0.285732,2.784504,0.320039,-1.210632,-1.033093
451.182,3.852295,0.795218,0.321704,2.762614,0.32002,-1.27023,-1.027681
451.261,3.80543,0.825951,0.357425,2.73858,0.319754,-1.328843,-1.021473
451.34,3.755614,0.856044,0.39287,2.712423,0.319239,-1.386425,-1.014472
451.419,3.702885,0.885472,0.42801,2.684162,0.318477,-1.442932,-1.006685
451.498,3.647285,0.914214,0.462818,2.65382,0.317468,-1.49832,-0.998117
451.578,3.588098,0.942597,0.4977,2.620996,0.316195,-1.553224,-0.988651
451.657,3.526851,0.96989,0.531759,2.586537,0.314692,-1.606231,-0.978533
451.736,3.462869,0.99643,0.565405,2.550072,0.312944,-1.657992,-0.967655
451.815,3.396201,1.022198,0.598612,2.51163,0.310953,-1.708466,-0.956027
451.894,3.326899,1.047173,0.631355,2.471239,0.308722,-1.757616,-0.943658
451.973,3.255018,1.071336,0.663609,2.428932,0.306251,-1.805403,-0.930557
452.052,3.180612,1.094668,0.695348,2.384742,0.303542,-1.85179,-0.916734
452.131,3.103739,1.117151,0.726547,2.338702,0.300598,-1.896741,-0.9022
452.211,3.023441,1.139036,0.757568,2.290231,0.29738,-1.940761,-0.88677
452.29,2.941786,1.159758,0.787609,2.240579,0.293969,-1.982717,-0.87084
452.369,2.85785,1.179581,0.81704,2.189188,0.290331,-2.023135,-0.854234
452.448,2.771698,1.19849,0.845837,2.136101,0.286467,-2.061984,-0.836967
452.527,2.683396,1.216468,0.873978,2.081356,0.282381,-2.099234,-0.81905
452.622,2.574461,1.236838,0.906919,2.01339,0.277178,-2.14187,-0.796664
452.701,2.481669,1.252721,0.933539,1.955149,0.272614,-2.175498,-0.777367
452.78,2.386952,1.267633,0.959435,1.895391,0.267839,-2.207439,-0.757468
452.859,2.290384,1.281562,0.984587,1.834163,0.262856,-2.237668,-0.736981
452.938,2.19204,1.294497,1.008975,1.771513,0.257669,-2.266161,-0.715922
453.017,2.091995,1.306428,1.032581,1.707489,0.252283,-2.292897,-0.694308
453.097,1.989032,1.317477,1.05567,1.641305,0.246629,-2.318159,-0.671872
453.176,1.885803,1.327361,1.077646,1.574667,0.240853,-2.341297,-0.649192
453.255,1.781111,1.336215,1.098787,1.506808,0.23489,-2.362619,-0.626009
453.334,1.675038,1.344032,1.119075,1.437781,0.228745,-2.382108,-0.60234
453.413,1.567666,1.350808,1.138495,1.367639,0.222423,-2.39975,-0.578204
453.492,1.459078,1.356535,1.157033,1.296436,0.215928,-2.415531,-0.553619
453.571,1.349359,1.361211,1.174673,1.224227,0.209266,-2.429439,-0.528605
453.65,1.238593,1.364831,1.191403,1.151069,0.202441,-2.441462,-0.503181
453.73,1.125447,1.367418,1.207402,1.076076,0.19537,-2.451709,-0.477038
453.809,1.012836,1.368906,1.222259,1.00118,0.188235,-2.459913,-0.450849
453.888,0.89944,1.369332,1.236168,0.925508,0.180954,-2.46621,-0.424311
453.967,0.785347,1.368696,1.249119,0.849118,0.173533,-2.470595,-0.397443
454.046,0.670644,1.366999,1.261101,0.772069,0.165977,-2.473064,-0.370268
454.125,0.555421,1.364242,1.272105,0.694422,0.158293,-2.473614,-0.342805
454.204,0.439767,1.360426,1.282122,0.616236,0.150485,-2.472246,-0.315076
454.283,0.323773,1.355556,1.291145,0.537572,0.142561,-2.468961,-0.287103
454.363,0.206054,1.349552,1.299262,0.457488,0.134424,-2.463684,-0.258549
454.442,0.089646,1.342571,1.306263,0.378047,0.126284,-2.456549,-0.23015
454.521,-0.026831,1.334548,1.312252,0.298314,0.118046,-2.447509,-0.201573
454.6,-0.143288,1.32549,1.317223,0.218349,0.109716,-2.436572,-0.172839
454.679,-0.259634,1.315404,1.321172,0.138214,0.101301,-2.423744,-0.143971
454.758,-0.375778,1.304299,1.324096,0.057973,0.092808,-2.409037,-0.114992
454.837,-0.491631,1.292181,1.325994,-0.022314,0.084243,-2.392462,-0.085923
454.916,-0.607103,1.279062,1.326863,-0.102583,0.075612,-2.374031,-0.056788
454.996,-0.723556,1.264766,1.326695,-0.183787,0.066812,-2.353491,-0.027239
455.075,-0.837989,1.249661,1.325494,-0.263832,0.058071,-2.331371,0.001962
455.154,-0.951772,1.233587,1.323264,-0.343673,0.049284,-2.307443,0.031161
455.233,-1.064818,1.216556,1.320008,-0.423248,0.040459,-2.281725,0.060336
455.312,-1.177037,1.198582,1.315729,-0.502494,0.031602,-2.254238,0.089464
455.391,-1.288344,1.179679,1.310429,-0.581351,0.022721,-2.225002,0.118523
455.47,-1.398651,1.15986,1.304113,-0.659756,0.013823,-2.194041,0.14749
455.549,-1.507874,1.139143,1.296786,-0.73765,0.004913,-2.161379,0.176343
455.629,-1.617287,1.117262,1.288341,-0.815947,-0.004113,-2.126595,0.205421
455.708,-1.724071,1.094783,1.278996,-0.892629,-0.013023,-2.090586,0.233976
455.787,-1.829518,1.071456,1.268659,-0.968618,-0.021922,-2.052956,0.262349
455.866,-1.933546,1.047297,1.257338,-1.043856,-0.030805,-2.013733,0.290519
455.945,-2.036074,1.022326,1.245043,-1.118285,-0.039664,-1.972949,0.318464
456.024,-2.137023,0.996562,1.231781,-1.191846,-0.048492,-1.930635,0.346161
456.103,-2.236315,0.970025,1.217565,-1.264484,-0.057283,-1.886824,0.37359
456.182,-2.333873,0.942736,1.202404,-1.33614,-0.066029,-1.841549,0.40073
456.262,-2.430821,0.914357,1.186101,-1.407647,-0.074834,-1.794246,0.427896
456.341,-2.52466,0.885619,1.169076,-1.477162,-0.08347,-1.746134,0.454388
456.42,-2.616542,0.856193,1.151144,-1.545532,-0.092041,-1.696668,0.480529
456.499,-2.706394,0.826104,1.13232,-1.612703,-0.100541,-1.645886,0.506296
456.578,-2.794147,0.795375,1.112618,-1.678623,-0.108964,-1.593828,0.531671
456.673,-2.896798,0.757606,1.087784,-1.756166,-0.118979,-1.529592,0.561638
456.752,-2.979691,0.72555,1.066202,-1.819153,-0.127206,-1.474866,0.586079
456.831,-3.060273,0.692931,1.043793,-1.880729,-0.135335,-1.418996,0.610066
456.91,-3.138481,0.659775,1.020575,-1.940846,-0.143359,-1.362026,0.633579
456.989,-3.214256,0.626107,0.996566,-1.999458,-0.151272,-1.304,0.656601
457.068,-3.287538,0.591954,0.971783,-2.05652,-0.159067,-1.244962,0.679114
457.148,-3.35915,0.556901,0.945919,-2.112678,-0.166835,-1.184193,0.701376
457.227,-3.427244,0.521851,0.91964,-2.166486,-0.174376,-1.123259,0.722811
457.306,-3.492681,0.486396,0.892648,-2.218614,-0.181782,-1.061454,0.743686
457.385,-3.55541,0.450564,0.864964,-2.269021,-0.189047,-0.998826,0.763985
457.464,-3.615381,0.414383,0.836608,-2.317668,-0.196165,-0.935424,0.78369
457.543,-3.672548,0.37788,0.807604,-2.364518,-0.203131,-0.871296,0.802789
457.622,-3.726867,0.341084,0.777974,-2.409535,-0.20994,-0.806492,0.821264
457.701,-3.778295,0.304024,0.74774,-2.452682,-0.216585,-0.741063,0.839103
457.781,-3.827389,0.266254,0.716533,-2.494438,-0.223144,-0.67422,0.856504
457.86,-3.872882,0.228749,0.685156,-2.533725,-0.229447,-0.607686,0.873019
457.939,-3.915372,0.191066,0.653249,-2.571046,-0.235571,-0.540681,0.888857
458.018,-3.954825,0.153235,0.620834,-2.606374,-0.241513,-0.473257,0.904006
458.097,-3.991211,0.115286,0.587938,-2.639681,-0.247268,-0.405466,0.918454
458.176,-4.024502,0.077246,0.554586,-2.670941,-0.252831,-0.33736,0.93219
458.255,-4.054671,0.039147,0.520804,-2.700129,-0.258197,-0.268993,0.945202
458.334,-4.081697,0.001018,0.486619,-2.727223,-0.263364,-0.200417,0.957482
458.414,-4.105838,-0.037595,0.451616,-2.752504,-0.268388,-0.130815,0.96916
458.493,-4.126474,-0.075696,0.416697,-2.775322,-0.273139,-0.06198,0.979936
458.572,-4.143909,-0.113738,0.381456,-2.795987,-0.277679,0.006902,0.989952
458.651,-4.158131,-0.151692,0.345919,-2.814484,-0.282003,0.07578,0.999201
458.73,-4.169128,-0.189528,0.310114,-2.830799,-0.286109,0.144598,1.007674
458.809,-4.176891,-0.227218,0.274068,-2.844918,-0.289993,0.213304,1.015366
458.888,-4.181416,-0.264731,0.23781,-2.85683,-0.293652,0.281845,1.022271
458.967,-4.182697,-0.302038,0.201367,-2.866527,-0.297083,0.350168,1.028382
459.047,-4.180689,-0.33958,0.164304,-2.874082,-0.300323,0.419078,1.033759
459.126,-4.175444,-0.376387,0.127575,-2.879299,-0.303287,0.4868,1.038261
459.205,-4.16696,-0.412902,0.090748,-2.882283,-0.306017,0.554144,1.041958
459.284,-4.155245,-0.449097,0.053851,-2.883031,-0.30851,0.621059,1.044847
459.363,-4.140308,-0.484944,0.016911,-2.881544,-0.310763,0.687492,1.046926
459.442,-4.122159,-0.520414,-0.020041,-2.877822,-0.312775,0.753392,1.048193
459.521,-4.100814,-0.555481,-0.056978,-2.871869,-0.314544,0.818707,1.048647
459.6,-4.076288,-0.590118,-0.09387,-2.863688,-0.31607,0.883388,1.048288
459.68,-4.048231,-0.624726,-0.131156,-2.85314,-0.317365,0.948189,1.047096
459.759,-4.017365,-0.658414,-0.167873,-2.840498,-0.318397,1.01144,1.045101
459.838,-3.983383,-0.691591,-0.20446,-2.825653,-0.319181,1.073907,1.042296
459.917,-3.946312,-0.724233,-0.240888,-2.808616,-0.319718,1.135541,1.038683
459.996,-3.906181,-0.756312,-0.277129,-2.789401,-0.320007,1.196295,1.034264
460.075,-3.86302,-0.787805,-0.313156,-2.768024,-0.320047,1.25612,1.029043
460.154,-3.816864,-0.818687,-0.34894,-2.744499,-0.31984,1.314972,1.023024
460.233,-3.767747,-0.848934,-0.384453,-2.718846,-0.319384,1.372803,1.016211
460.313,-3.715031,-0.878893,-0.420111,-2.690719,-0.318671,1.430282,1.00851
460.392,-3.660075,-0.907792,-0.454997,-2.660845,-0.317717,1.485926,1.000117
460.471,-3.60228,-0.935987,-0.489529,-2.628906,-0.316517,1.540418,0.990949
460.55,-3.541692,-0.963455,-0.523682,-2.594929,-0.315072,1.593715,0.981012
460.629,-3.478356,-0.990177,-0.557428,-2.55894,-0.313382,1.645776,0.970315
460.724,-3.398626,-1.021292,-0.597435,-2.513035,-0.311029,1.706688,0.956455
460.803,-3.329418,-1.046296,-0.630195,-2.472714,-0.308806,1.755885,0.944112
460.882,-3.257627,-1.070488,-0.662466,-2.430475,-0.306343,1.803722,0.931037
460.961,-3.18331,-1.09385,-0.694224,-2.386351,-0.303643,1.850159,0.91724
461.04,-3.106525,-1.116364,-0.725443,-2.340377,-0.300708,1.895162,0.902731
461.119,-3.02733,-1.138012,-0.7561,-2.292587,-0.297539,1.938694,0.887522
461.199,-2.94474,-1.159034,-0.786547,-2.242381,-0.294095,1.981246,0.87142
461.278,-2.860885,-1.17889,-0.816,-2.191052,-0.290464,2.021719,0.854838
461.357,-2.77481,-1.197831,-0.84482,-2.138024,-0.286609,2.060625,0.837594
461.436,-2.686584,-1.215843,-0.872985,-2.083338,-0.282531,2.097933,0.8197
461.515,-2.596275,-1.232912,-0.900473,-2.027036,-0.278234,2.133613,0.801171
461.594,-2.503951,-1.249025,-0.927262,-1.969163,-0.273721,2.167639,0.78202
461.673,-2.409686,-1.264169,-0.953333,-1.909762,-0.268996,2.199984,0.762262
461.752,-2.313553,-1.278333,-0.978664,-1.84888,-0.264062,2.230623,0.741914
461.832,-2.214374,-1.291666,-1.003542,-1.785766,-0.258857,2.259887,0.720721
461.911,-2.114706,-1.303825,-1.027326,-1.722048,-0.253515,2.287021,0.699231
461.99,-2.013399,-1.314972,-1.050313,-1.656994,-0.247977,2.312382,0.677199
462.069,-1.91053,-1.325099,-1.072486,-1.590655,-0.242246,2.335949,0.654641
462.148,-1.806179,-1.334199,-1.093827,-1.523082,-0.236327,2.357705,0.631576
462.227,-1.700428,-1.342264,-1.11432,-1.454328,-0.230225,2.377632,0.608021
462.306,-1.593358,-1.349288,-1.133949,-1.384447,-0.223945,2.395716,0.583995
462.385,-1.485052,-1.355266,-1.152698,-1.313491,-0.217491,2.411941,0.559515
462.465,-1.374203,-1.360248,-1.170773,-1.2406,-0.210783,2.426466,0.534284
462.544,-1.263665,-1.364107,-1.187709,-1.167651,-0.203995,2.438915,0.508951
462.623,-1.152148,-1.366907,-1.203724,-1.093797,-0.197048,2.449473,0.483223
462.702,-1.039738,-1.368648,-1.218805,-1.019095,-0.189949,2.458132,0.457121
462.781,-0.926521,-1.369327,-1.232942,-0.943602,-0.182702,2.464884,0.430664
462.86,-0.812585,-1.368944,-1.246121,-0.867378,-0.175314,2.469724,0.403873
462.939,-0.698019,-1.3675,-1.258335,-0.79048,-0.167789,2.472649,0.376768
463.018,-0.582912,-1.364995,-1.269573,-0.71297,-0.160135,2.473657,0.349372
463.098,-0.465888,-1.361379,-1.279949,-0.633916,-0.152257,2.472722,0.321353
463.177,-0.349962,-1.356746,-1.289197,-0.555354,-0.144359,2.46987,0.293433
463.256,-0.233765,-1.351061,-1.297445,-0.476362,-0.136348,2.465102,0.265286
463.335,-0.117387,-1.344329,-1.304687,-0.397001,-0.128232,2.458422,0.236932
463.414,-0.000918,-1.336553,-1.310917,-0.317331,-0.120017,2.449835,0.208396
463.493,0.115552,-1.327741,-1.316131,-0.237416,-0.111708,2.439349,0.179697
463.572,0.231932,-1.3179,-1.320324,-0.157316,-0.103313,2.426971,0.150859
463.651,0.348133,-1.307036,-1.323493,-0.077095,-0.094838,2.412711,0.121904
463.731,0.465529,-1.295002,-1.325656,0.004203,-0.086181,2.396363,0.092487
463.81,0.581094,-1.282108,-1.326757,0.084482,-0.077564,2.37835,0.063365
463.889,0.696209,-1.26822,-1.32683,0.164695,-0.068887,2.358492,0.034193
463.968,0.810784,-1.253347,-1.325873,0.24478,-0.060157,2.336805,0.004995
464.047,0.92473,-1.237503,-1.323888,0.324675,-0.051381,2.313306,-0.024206
464.126,1.037959,-1.2207,-1.320877,0.404319,-0.042564,2.288013,-0.053389
464.205,1.150383,-1.202949,-1.316841,0.483649,-0.033714,2.260945,-0.082531
464.284,1.261915,-1.184266,-1.311784,0.562604,-0.024839,2.232124,-0.111608
464.364,1.373861,-1.16441,-1.305626,0.642113,-0.015831,2.201175,-0.140966
464.443,1.483336,-1.143894,-1.298527,0.720128,-0.006924,2.168894,-0.169846
464.522,1.591661,-1.12249,-1.29042,0.797584,0.001989,2.134931,-0.198595
464.601,1.698751,-1.100216,-1.281312,0.874422,0.010901,2.099312,-0.227189
464.68,1.804523,-1.077089,-1.271211,0.950582,0.019804,2.062066,-0.255608
464.775,1.929858,-1.048173,-1.257759,1.041185,0.030489,2.01516,-0.289517
464.854,2.032441,-1.023231,-1.245498,1.115643,0.039348,1.974432,-0.31747
464.933,2.133448,-0.997495,-1.232271,1.189236,0.048178,1.932172,-0.345177
465.012,2.232801,-0.970985,-1.218088,1.261908,0.05697,1.888413,-0.372616
465.091,2.330422,-0.943723,-1.202961,1.3336,0.065718,1.84319,-0.399766
465.17,2.426236,-0.915729,-1.186901,1.404258,0.074415,1.796538,-0.426606
465.25,2.521344,-0.886656,-1.169699,1.474701,0.083163,1.747875,-0.453449
465.329,2.613297,-0.857255,-1.1518,1.543112,0.091737,1.698457,-0.479602
465.408,2.703223,-0.827189,-1.133007,1.610327,0.100239,1.647721,-0.505383
465.487,2.791052,-0.796482,-1.113336,1.676292,0.108664,1.595707,-0.530773
465.566,2.876717,-0.765157,-1.092801,1.740958,0.117005,1.542456,-0.55575
465.645,2.960151,-0.733239,-1.071419,1.804274,0.125255,1.488009,-0.580297
465.724,3.041289,-0.700752,-1.049206,1.86619,0.133408,1.432407,-0.604394
465.803,3.120069,-0.667721,-1.026179,1.926659,0.141457,1.375695,-0.628022
465.883,3.19738,-0.633745,-1.00205,1.986371,0.149497,1.317178,-0.651452
465.962,3.271229,-0.599699,-0.97744,2.043786,0.157319,1.258365,-0.674082
466.041,3.342542,-0.565188,-0.952072,2.099617,0.16502,1.198575,-0.696188
466.12,3.411262,-0.530238,-0.925966,2.153819,0.172592,1.137856,-0.717755
466.199,3.477337,-0.494877,-0.899142,2.20635,0.18003,1.076254,-0.738765
466.278,3.540715,-0.459133,-0.871621,2.257171,0.187329,1.013818,-0.759202
466.357,3.601347,-0.423032,-0.843423,2.306241,0.194483,0.950595,-0.779051
466.436,3.659186,-0.386603,-0.814572,2.353523,0.201486,0.886636,-0.798295
466.516,3.714865,-0.349408,-0.784711,2.399543,0.208418,0.821166,-0.817152
466.595,3.766949,-0.312405,-0.754611,2.443115,0.215101,0.755873,-0.835135
466.674,3.816112,-0.27516,-0.723927,2.484792,0.221617,0.689995,-0.852471
466.753,3.862316,-0.237701,-0.69268,2.524543,0.227961,0.623581,-0.869146
466.832,3.905524,-0.200058,-0.660897,2.562335,0.234129,0.556684,-0.885146
466.911,3.945703,-0.162259,-0.628601,2.598141,0.240114,0.489354,-0.900461
466.99,3.982823,-0.124335,-0.595817,2.631931,0.245914,0.421646,-0.915077
467.069,4.016853,-0.086315,-0.562572,2.663681,0.251523,0.35361,-0.928983
467.149,4.04814,-0.047745,-0.528461,2.693727,0.257004,0.284434,-0.942331
467.228,4.075877,-0.00962,-0.494364,2.721295,0.262216,0.215901,-0.954777
467.307,4.100452,0.028513,-0.459883,2.746753,0.267225,0.1472,-0.966482
467.386,4.121848,0.066623,-0.425046,2.770081,0.272026,0.078384,-0.977438
467.465,4.140047,0.104682,-0.389879,2.791261,0.276617,0.009509,-0.987636
467.544,4.155035,0.14266,-0.35441,2.810275,0.280993,-0.059375,-0.997068
467.623,4.166801,0.180527,-0.318666,2.827111,0.285151,-0.128212,-1.005726
467.702,4.175335,0.218254,-0.282675,2.841754,0.289088,-0.19695,-1.013605
467.782,4.180678,0.256286,-0.246005,2.854336,0.292846,-0.266402,-1.020782
467.861,4.182691,0.293643,-0.209602,2.864534,0.296329,-0.334778,-1.027073
467.94,4.181461,0.330772,-0.173035,2.87251,0.299582,-0.402895,-1.032568
468.019,4.176988,0.367644,-0.136335,2.878258,0.302602,-0.470699,-1.037261
468.098,4.169275,0.404231,-0.099529,2.881774,0.305388,-0.538138,-1.041151
468.177,4.158329,0.440505,-0.062645,2.883056,0.307937,-0.60516,-1.044233
468.256,4.144158,0.476437,-0.025714,2.882101,0.310248,-0.671712,-1.046505
468.335,4.126773,0.512,0.011238,2.878912,0.312317,-0.737744,-1.047965
468.415,4.105907,0.547608,0.048649,2.873406,0.314167,-0.804028,-1.048616
468.494,4.082097,0.582344,0.085554,2.865728,0.315747,-0.868856,-1.04844
468.573,4.055122,0.616628,0.122393,2.855826,0.317083,-0.933011,-1.047451
468.652,4.025002,0.650434,0.159137,2.84371,0.318173,-0.996442,-1.04565
468.731,3.99176,0.683735,0.195757,2.829389,0.319016,-1.0591,-1.043038
468.826,3.947688,0.723077,0.239591,2.809262,0.319703,-1.133356,-1.038826
468.905,3.907666,0.755177,0.275839,2.790125,0.320001,-1.194142,-1.034435
468.984,3.864612,0.786691,0.311874,2.768824,0.32005,-1.254001,-1.029243
469.063,3.818562,0.817596,0.347667,2.745375,0.319852,-1.312888,-1.023252
469.142,3.769551,0.847866,0.38319,2.719798,0.319405,-1.370757,-1.016468
469.221,3.717616,0.877479,0.418416,2.692111,0.31871,-1.427563,-1.008896
469.301,3.662085,0.906772,0.453757,2.661947,0.317755,-1.48396,-1.00043
469.38,3.604391,0.934993,0.488303,2.630081,0.316564,-1.538493,-0.99129
469.459,3.543902,0.962488,0.522469,2.596177,0.315128,-1.591834,-0.98138
469.538,3.480664,0.989236,0.556231,2.560258,0.313447,-1.64394,-0.97071
469.617,3.414727,1.015218,0.589561,2.522355,0.311523,-1.694771,-0.959287
469.696,3.346141,1.040412,0.622434,2.482495,0.309357,-1.744287,-0.947119
469.775,3.274961,1.064799,0.654824,2.44071,0.306951,-1.792451,-0.934218
469.854,3.20124,1.088361,0.686707,2.397032,0.304308,-1.839225,-0.920591
469.934,3.124057,1.11136,0.71845,2.350907,0.30139,-1.885138,-0.906065
470.013,3.045401,1.133205,0.749235,2.303523,0.298274,-1.929005,-0.891014
470.092,2.964382,1.154171,0.77944,2.254354,0.294926,-1.971376,-0.875271
470.171,2.881065,1.174242,0.80904,2.203436,0.29135,-2.012219,-0.858849
470.25,2.795513,1.193402,0.838013,2.150809,0.287548,-2.051501,-0.841762
470.329,2.707793,1.211637,0.866336,2.096514,0.283522,-2.089192,-0.824021
470.408,2.617974,1.228932,0.893987,2.040593,0.279277,-2.125263,-0.805642
470.487,2.526124,1.245274,0.920945,1.98309,0.274815,-2.159685,-0.786637
470.567,2.431115,1.260839,0.947516,1.923291,0.27008,-2.192837,-0.766771
470.646,2.335397,1.275225,0.973016,1.86274,0.265193,-2.223862,-0.746554
470.725,2.237867,1.288622,0.99776,1.800743,0.2601,-2.253163,-0.725759
470.804,2.138601,1.30102,1.021732,1.73735,0.254806,-2.280717,-0.704401
470.883,2.037677,1.312409,1.04491,1.67261,0.249314,-2.306502,-0.682496
470.962,1.935173,1.32278,1.067279,1.606572,0.243628,-2.330498,-0.660062
471.041,1.831168,1.332125,1.08882,1.539289,0.237754,-2.352687,-0.637116
471.12,1.725743,1.340437,1.109516,1.470811,0.231695,-2.373052,-0.613676
471.2,1.61762,1.347795,1.129597,1.400305,0.225377,-2.391798,-0.589455
471.279,1.509586,1.354009,1.148546,1.329587,0.218961,-2.408444,-0.565076
471.358,1.400381,1.359173,1.166604,1.257838,0.212376,-2.423222,-0.540259
471.437,1.29009,1.363284,1.183758,1.185114,0.205626,-2.436121,-0.515022
471.516,1.178799,1.366336,1.199993,1.11147,0.198717,-2.44713,-0.489387
471.595,1.066593,1.368329,1.215298,1.036965,0.191653,-2.456242,-0.463372
471.674,0.95356,1.369261,1.22966,0.961655,0.184441,-2.463449,-0.436997
471.753,0.839788,1.369132,1.243069,0.885599,0.177086,-2.468745,-0.410284
471.833,0.723912,1.367918,1.255665,0.807881,0.169498,-2.472157,-0.382909
471.912,0.608919,1.365652,1.267124,0.730504,0.161872,-2.473597,-0.355576
471.991,0.493454,1.362327,1.277599,0.65256,0.154121,-2.473119,-0.327968
472.07,0.377607,1.357946,1.287085,0.574111,0.146251,-2.470723,-0.300106
472.149,0.261466,1.352511,1.295571,0.495216,0.138266,-2.466411,-0.272011
472.228,0.145123,1.346027,1.303054,0.415937,0.130175,-2.460186,-0.243704
472.307,0.028667,1.3385,1.309525,0.336335,0.121983,-2.452054,-0.215209
472.386,-0.087811,1.329934,1.314981,0.256473,0.113696,-2.442019,-0.186547
472.466,-0.205694,1.320209,1.319467,0.175397,0.105214,-2.429928,-0.157375
472.545,-0.321943,1.309576,1.322867,0.095197,0.096756,-2.416091,-0.128445
472.624,-0.437942,1.297926,1.325242,0.014924,0.088224,-2.400381,-0.099415
472.703,-0.553601,1.28527,1.326588,-0.065361,0.079623,-2.382809,-0.070307
472.782,-0.668832,1.271618,1.326906,-0.145595,0.07096,-2.363389,-0.041146
472.877,-0.806705,1.253895,1.325925,-0.241924,0.06047,-2.337611,-0.006038
472.956,-0.920675,1.238085,1.323977,-0.321827,0.051695,-2.314176,0.023164
473.035,-1.033931,1.221316,1.321002,-0.401481,0.042879,-2.288946,0.052348
473.114,-1.146385,1.203599,1.317003,-0.480823,0.034031,-2.261942,0.081492
473.193,-1.257951,1.184948,1.311982,-0.559793,0.025156,-2.233183,0.110572
473.272,-1.36854,1.165379,1.305944,-0.638328,0.016261,-2.202692,0.139566
473.352,-1.479448,1.144641,1.298797,-0.717353,0.007242,-2.170075,0.168817
473.431,-1.587815,1.123269,1.290726,-0.79483,-0.001671,-2.136172,0.197571
473.51,-1.694951,1.101026,1.281654,-0.871691,-0.010583,-2.100612,0.226172
473.589,-1.800772,1.077929,1.271589,-0.947876,-0.019486,-2.063423,0.254597
473.668,-1.905196,1.053996,1.260537,-1.023326,-0.028374,-2.024634,0.282825
473.747,-2.008144,1.029245,1.248507,-1.097982,-0.03724,-1.984274,0.310833
473.826,-2.109533,1.003697,1.235509,-1.171786,-0.046078,-1.942376,0.3386
473.905,-2.209287,0.97737,1.221553,-1.244682,-0.054879,-1.898972,0.366105
473.985,-2.308557,0.949937,1.206455,-1.317517,-0.063749,-1.853517,0.393668
474.064,-2.404785,0.922106,1.190604,-1.388413,-0.072458,-1.807184,0.42058
474.143,-2.499148,0.89356,1.17383,-1.458233,-0.08111,-1.759449,0.447166
474.222,-2.591573,0.86432,1.156145,-1.526921,-0.0897,-1.71035,0.473405
474.301,-2.681988,0.834411,1.137564,-1.594426,-0.098221,-1.659925,0.499276
474.38,-2.770323,0.803854,1.118101,-1.660694,-0.106665,-1.608212,0.524761
474.459,-2.85651,0.772674,1.09777,-1.725674,-0.115026,-1.555252,0.549838
474.538,-2.940481,0.740895,1.076589,-1.789316,-0.123298,-1.501086,0.574489
474.618,-3.023191,0.708128,1.054288,-1.852349,-0.131578,-1.445048,0.598998
474.697,-3.102508,0.675218,1.031443,-1.913149,-0.139651,-1.388582,0.622734
474.776,-3.179419,0.641784,1.007798,-1.972465,-0.147616,-1.33104,0.645986
474.855,-3.253864,0.607853,0.983372,-2.030251,-0.155467,-1.272466,0.668737
474.934,-3.325786,0.57345,0.958183,-2.086463,-0.163197,-1.212904,0.69097
475.013,-3.395129,0.538602,0.932251,-2.141057,-0.1708,-1.152402,0.712667
475.092,-3.461839,0.503337,0.905596,-2.19399,-0.178271,-1.091007,0.733811
475.171,-3.525864,0.467681,0.878239,-2.245222,-0.185604,-1.028765,0.754386
475.251,-3.587913,0.431205,0.849841,-2.295327,-0.192882,-0.964922,0.774626
475.33,-3.646386,0.394848,0.821135,-2.343016,-0.19992,-0.901125,0.794008
475.409,-3.702031,0.358184,0.791793,-2.388887,-0.206802,-0.836628,0.812774
475.488,-3.754805,0.321243,0.761836,-2.432906,-0.213524,-0.771483,0.830909
475.567,-3.804668,0.284053,0.731288,-2.475037,-0.22008,-0.705739,0.848401
475.646,-3.85158,0.246642,0.700174,-2.51525,-0.226466,-0.639448,0.865234
475.725,-3.895504,0.20904,0.668516,-2.553511,-0.232676,-0.572661,0.881397
475.804,-3.936408,0.171276,0.63634,-2.589793,-0.238705,-0.50543,0.896875
475.884,-3.974719,0.132899,0.603253,-2.624487,-0.244622,-0.436949,0.911841
475.963,-4.009448,0.094898,0.57011,-2.656699,-0.250275,-0.368983,0.925909
476.042,-4.041069,0.056823,0.536524,-2.686851,-0.255733,-0.30073,0.939258
476.121,-4.069555,0.018704,0.502522,-2.714919,-0.260993,-0.232244,0.951879
476.2,-4.094885,-0.01943,0.468131,-2.740881,-0.26605,-0.163578,0.963761
476.279,-4.11704,-0.057548,0.433376,-2.764718,-0.270902,-0.094785,0.974896
476.358,-4.136002,-0.095622,0.398285,-2.786411,-0.275543,-0.025919,0.985276
476.437,-4.151756,-0.133622,0.362886,-2.805943,-0.27997,0.042967,0.994891
476.517,-4.164429,-0.171997,0.326751,-2.823504,-0.284232,0.112692,1.003841
476.596,-4.173693,-0.209758,0.290814,-2.838643,-0.288219,0.181456,1.011896
476.675,-4.17972,-0.247356,0.25465,-2.85158,-0.291983,0.250081,1.019167
476.754,-4.182506,-0.284763,0.21829,-2.862306,-0.29552,0.318511,1.025647
476.833,-4.182048,-0.321949,0.18176,-2.870812,-0.298828,0.386694,1.031331
476.928,-4.177203,-0.366333,0.137647,-2.878091,-0.302499,0.468285,1.037108
477.007,-4.169606,-0.402931,0.100844,-2.881687,-0.305293,0.535738,1.041026
477.086,-4.158775,-0.439216,0.063963,-2.883049,-0.307851,0.602775,1.044136
477.165,-4.144719,-0.475161,0.027032,-2.882174,-0.310169,0.669346,1.046437
477.244,-4.127449,-0.510737,-0.009919,-2.879064,-0.312248,0.735397,1.047927
477.323,-4.106978,-0.545918,-0.046863,-2.873721,-0.314084,0.800877,1.048604
477.403,-4.083002,-0.581112,-0.084238,-2.86604,-0.315695,0.866554,1.04846
477.482,-4.056139,-0.615412,-0.121079,-2.856218,-0.31704,0.930733,1.0475
477.561,-4.02613,-0.649236,-0.157827,-2.844181,-0.318139,0.994191,1.045728
477.64,-3.993,-0.682556,-0.194452,-2.829938,-0.318991,1.056877,1.043145
477.719,-3.956772,-0.715346,-0.230927,-2.8135,-0.319595,1.118744,1.039753
477.798,-3.917476,-0.747582,-0.267222,-2.79488,-0.319952,1.179744,1.035554
477.877,-3.875142,-0.779238,-0.303311,-2.774093,-0.320061,1.239828,1.030553
477.956,-3.829803,-0.81029,-0.339164,-2.751155,-0.319921,1.298951,1.024752
478.036,-3.780863,-0.841095,-0.375202,-2.725752,-0.319527,1.357795,1.018068
478.115,-3.729584,-0.870858,-0.410498,-2.698539,-0.318889,1.414845,1.010672
478.194,-3.675412,-0.899945,-0.445475,-2.669234,-0.318003,1.470797,1.002493
478.273,-3.618391,-0.928335,-0.480107,-2.637858,-0.31687,1.525609,0.993537
478.352,-3.558563,-0.956005,-0.514366,-2.604437,-0.315492,1.579237,0.98381
478.431,-3.495975,-0.982933,-0.548226,-2.568996,-0.313869,1.631641,0.97332
478.51,-3.430677,-1.009099,-0.581662,-2.531563,-0.312003,1.682779,0.962076
478.589,-3.362717,-1.034483,-0.614646,-2.492166,-0.309895,1.732613,0.950085
478.669,-3.29124,-1.05937,-0.647562,-2.450301,-0.307515,1.781707,0.937192
478.748,-3.218088,-1.083119,-0.679561,-2.407048,-0.304925,1.828798,0.923728
478.827,-3.14244,-1.106029,-0.711033,-2.361927,-0.302098,1.874471,0.909548
478.906,-3.064355,-1.12808,-0.741953,-2.314975,-0.299037,1.918689,0.894662
478.985,-2.983894,-1.149257,-0.772299,-2.266227,-0.295745,1.96142,0.879083
479.064,-2.901118,-1.169543,-0.802045,-2.215722,-0.292222,2.00263,0.862822
479.143,-2.816093,-1.188921,-0.831169,-2.163499,-0.288474,2.042286,0.845892
479.222,-2.728883,-1.207378,-0.859649,-2.109597,-0.284501,2.080359,0.828306
479.302,-2.638414,-1.225114,-0.88781,-2.053347,-0.280254,2.117269,0.809843
479.381,-2.547016,-1.241672,-0.914926,-1.996196,-0.27584,2.152066,0.790978
479.46,-2.453642,-1.257267,-0.941332,-1.937498,-0.271213,2.185194,0.7715
479.539,-2.358366,-1.271887,-0.967009,-1.877297,-0.266376,2.216627,0.751424
479.618,-2.261261,-1.285521,-0.991935,-1.815641,-0.261332,2.246341,0.730765
479.697,-2.162402,-1.298158,-1.016092,-1.752576,-0.256085,2.274313,0.709539
479.776,-2.061866,-1.309788,-1.039462,-1.688152,-0.25064,2.300521,0.687763
479.855,-1.959731,-1.320402,-1.062025,-1.622419,-0.245,2.324945,0.665453
479.935,-1.854755,-1.330107,-1.084034,-1.554572,-0.239095,2.347841,0.642336
480.014,-1.749643,-1.338653,-1.104922,-1.486359,-0.233078,2.368618,0.619006
480.093,-1.643175,-1.34616,-1.124954,-1.416994,-0.22688,2.387559,0.595195
480.172,-1.535432,-1.352624,-1.144112,-1.34653,-0.220505,2.404648,0.570924
480.251,-1.426498,-1.358039,-1.162384,-1.275021,-0.21396,2.419872,0.546209
480.33,-1.316458,-1.3624,-1.179754,-1.202524,-0.207249,2.433219,0.521071
480.409,-1.205397,-1.365705,-1.19621,-1.129094,-0.200377,2.444679,0.495529
480.488,-1.093401,-1.367951,-1.211737,-1.054789,-0.19335,2.454244,0.469603
480.568,-0.979124,-1.369144,-1.226504,-0.978709,-0.186081,2.46199,0.442977
480.647,-0.865511,-1.369254,-1.240128,-0.902817,-0.178757,2.467717,0.416338
480.726,-0.751226,-1.368301,-1.252791,-0.826224,-0.171295,2.471531,0.389377
480.805,-0.636359,-1.366288,-1.264483,-0.748991,-0.163701,2.473428,0.362113
480.884,-0.520999,-1.363215,-1.275193,-0.671177,-0.155979,2.473407,0.334569
480.979,-0.381747,-1.35812,-1.286763,-0.576919,-0.146533,2.470842,0.301104
481.058,-0.265615,-1.352723,-1.295286,-0.498039,-0.138553,2.466598,0.273017
481.137,-0.149278,-1.346277,-1.302804,-0.418772,-0.130466,2.460441,0.244718
481.216,-0.032825,-1.338786,-1.309312,-0.339181,-0.122277,2.452377,0.216229
481.295,0.083654,-1.330258,-1.314804,-0.259327,-0.113993,2.44241,0.187573
481.374,0.200068,-1.320698,-1.319277,-0.179271,-0.105621,2.430549,0.158771
481.454,0.317797,-1.309973,-1.322764,-0.098061,-0.09706,2.416617,0.129479
481.533,0.433807,-1.29836,-1.325175,-0.01779,-0.088529,2.400974,0.100452
481.612,0.54948,-1.285739,-1.326558,0.062496,-0.079931,2.383468,0.071347
481.691,0.664727,-1.272122,-1.326912,0.142733,-0.07127,2.364114,0.042187
481.77,0.779459,-1.257518,-1.326237,0.222859,-0.062554,2.342926,0.012995
481.849,0.893586,-1.241939,-1.324534,0.302813,-0.053789,2.319922,-0.016208
481.928,1.00702,-1.225397,-1.321804,0.382532,-0.044983,2.295118,-0.045399
482.007,1.119674,-1.207905,-1.318048,0.461954,-0.036141,2.268535,-0.074554
482.087,1.232868,-1.189236,-1.313204,0.542016,-0.02716,2.239822,-0.104019
482.166,1.343685,-1.169873,-1.307395,0.620654,-0.018269,2.20972,-0.133035
482.245,1.45346,-1.149602,-1.300572,0.698812,-0.009364,2.177904,-0.161947
482.324,1.562108,-1.12844,-1.29274,0.776427,-0.000452,2.1444,-0.190734
482.403,1.669545,-1.106403,-1.283906,0.85344,0.00846,2.109232,-0.219373
482.482,1.775686,-1.083508,-1.274076,0.929791,0.017366,2.072428,-0.247842
482.561,1.880451,-1.059772,-1.263258,1.005421,0.026259,2.034018,-0.276119
482.64,1.983757,-1.035215,-1.251461,1.080272,0.035131,1.99403,-0.304182
482.72,2.086803,-1.009528,-1.238525,1.155216,0.044087,1.95196,-0.332359
482.799,2.186933,-0.983375,-1.224784,1.228322,0.052897,1.908892,-0.359925
482.878,2.285367,-0.956459,-1.210094,1.300475,0.061666,1.864344,-0.387212
482.957,2.382028,-0.928802,-1.194465,1.37162,0.070388,1.81835,-0.414198
483.036,2.476842,-0.900424,-1.177909,1.441701,0.079055,1.770946,-0.440863
483.115,2.569735,-0.871348,-1.16044,1.510664,0.08766,1.722169,-0.467186
483.194,2.660635,-0.841596,-1.142071,1.578455,0.096198,1.672056,-0.493147
483.273,2.749472,-0.811191,-1.122817,1.645022,0.10466,1.620646,-0.518726
483.353,2.83726,-0.779761,-1.102431,1.711132,0.113148,1.567305,-0.544218
483.432,2.921737,-0.748114,-1.08144,1.77508,0.121441,1.513407,-0.568967
483.511,3.003948,-0.715888,-1.05961,1.837651,0.129639,1.458336,-0.593275
483.59,3.083829,-0.683106,-1.036959,1.898797,0.137737,1.402133,-0.617123
483.669,3.161319,-0.649795,-1.013503,1.958471,0.145729,1.344843,-0.640492
483.748,3.236357,-0.61598,-0.989261,2.016626,0.153607,1.286511,-0.663364
483.827,3.308885,-0.581687,-0.964252,2.073217,0.161366,1.22718,-0.685722
483.906,3.378847,-0.546943,-0.938495,2.1282,0.169,1.166898,-0.707548
483.986,3.447024,-0.511327,-0.911671,2.182197,0.176598,1.104931,-0.729091
484.065,3.511659,-0.475757,-0.88447,2.233816,0.183962,1.042876,-0.749796
484.144,3.573571,-0.439818,-0.856583,2.283703,0.191184,0.980012,-0.769919
484.223,3.632711,-0.403538,-0.828032,2.331819,0.198257,0.916388,-0.789446
484.302,3.689034,-0.366945,-0.798839,2.378126,0.205177,0.852054,-0.80836
484.381,3.742496,-0.330067,-0.769027,2.422589,0.211937,0.787058,-0.826647
484.46,3.793056,-0.292933,-0.738618,2.465173,0.218534,0.721452,-0.844293
484.539,3.840674,-0.255573,-0.707636,2.505846,0.22496,0.655287,-0.861284
484.619,3.885859,-0.217537,-0.675703,2.545053,0.23129,0.587767,-0.87781
484.698,3.927447,-0.179807,-0.643641,2.581783,0.237361,0.520631,-0.893444
484.777,3.96599,-0.141938,-0.611081,2.616512,0.243248,0.453092,-0.908385
484.856,4.001456,-0.103958,-0.578046,2.649211,0.248946,0.385202,-0.922622
484.935,4.03382,-0.065898,-0.544564,2.679856,0.25445,0.317012,-0.936143
485.03,4.068593,-0.020065,-0.503743,2.713953,0.260809,0.234692,-0.951441
485.109,4.094036,0.018069,-0.469365,2.739991,0.265873,0.166031,-0.96335
485.188,4.116304,0.056188,-0.434622,2.763904,0.270732,0.097242,-0.974512
485.267,4.13538,0.094264,-0.399543,2.785674,0.275381,0.028378,-0.984918
485.346,4.151249,0.132267,-0.364154,2.805283,0.279816,-0.040509,-0.994561
485.425,4.163899,0.170167,-0.328483,2.822717,0.284034,-0.109364,-1.003432
485.505,4.173418,0.208413,-0.2921,2.838141,0.288081,-0.179004,-1.011622
485.584,4.179561,0.246017,-0.255945,2.851156,0.291852,-0.247634,-1.018921
485.663,4.182463,0.283431,-0.21959,2.861961,0.295398,-0.316072,-1.025429
485.742,4.182121,0.320626,-0.183066,2.870546,0.298714,-0.384265,-1.031142
485.821,4.178535,0.357571,-0.146399,2.876906,0.301798,-0.45216,-1.036056
485.9,4.171709,0.394239,-0.109619,2.881034,0.304649,-0.519705,-1.040166
485.979,4.161648,0.430602,-0.072754,2.882927,0.307263,-0.586846,-1.043469
486.058,4.14836,0.46663,-0.035833,2.882585,0.309639,-0.653532,-1.045963
486.138,4.131625,0.502746,0.001584,2.879961,0.3118,-0.720546,-1.047662
486.217,4.111874,0.538018,0.038532,2.875121,0.313691,-0.78616,-1.048522
486.296,4.088935,0.572873,0.075451,2.868052,0.315339,-0.851164,-1.048569
486.375,4.062825,0.607283,0.11231,2.858759,0.316742,-0.915508,-1.047803
486.454,4.033563,0.641223,0.149083,2.847249,0.317899,-0.979142,-1.046224
486.533,4.001174,0.674665,0.18574,2.83353,0.31881,-1.042016,-1.043834
486.612,3.965682,0.707584,0.222253,2.817614,0.319474,-1.104083,-1.040634
486.691,3.927114,0.739955,0.258594,2.799513,0.31989,-1.165293,-1.036627
486.771,3.884955,0.77215,0.29519,2.778971,0.320058,-1.226357,-1.031751
486.85,3.84029,0.80334,0.331098,2.756516,0.319975,-1.285701,-1.02613
486.929,3.792648,0.833907,0.36675,2.731924,0.319643,-1.344048,-1.019713
487.008,3.742064,0.863828,0.402117,2.705213,0.319063,-1.401352,-1.012505
487.087,3.688578,0.893078,0.437173,2.676404,0.318236,-1.45757,-1.004513
487.166,3.632231,0.921636,0.471889,2.645519,0.317162,-1.512657,-0.995741
487.245,3.573067,0.94948,0.50624,2.612583,0.315843,-1.566571,-0.986197
487.324,3.511133,0.976586,0.540198,2.577621,0.314278,-1.61927,-0.975888
487.404,3.44564,1.003265,0.574158,2.540179,0.312445,-1.671357,-0.964678
487.483,3.378276,1.028826,0.607246,2.501223,0.310391,-1.721488,-0.952854
487.562,3.308293,1.05359,0.639864,2.460326,0.308097,-1.770284,-0.940292
487.641,3.235743,1.077537,0.671985,2.417522,0.305563,-1.817707,-0.927001
487.72,3.160685,1.100648,0.703584,2.372843,0.302793,-1.863721,-0.91299
487.799,3.083175,1.122906,0.734639,2.326324,0.299788,-1.908289,-0.898272
487.878,3.003274,1.144292,0.765123,2.278001,0.29655,-1.951377,-0.882857
487.957,2.921044,1.164792,0.795014,2.227911,0.293082,-1.992952,-0.866757
488.037,2.835465,1.18463,0.824655,2.175426,0.289339,-2.033478,-0.849769
488.116,2.748742,1.203296,0.853282,2.1219,0.285417,-2.071911,-0.832329
488.195,2.659888,1.221028,0.881248,2.066728,0.281273,-2.108737,-0.814244
488.274,2.568971,1.237814,0.90853,2.009953,0.276911,-2.143927,-0.795528
488.353,2.476061,1.25364,0.935107,1.95162,0.272335,-2.177455,-0.776195
488.432,2.381232,1.268493,0.960959,1.891772,0.267547,-2.209294,-0.75626
488.511,2.284556,1.282363,0.986066,1.830458,0.262552,-2.23942,-0.735738
488.59,2.186108,1.295238,1.010408,1.767724,0.257353,-2.267809,-0.714646
488.67,2.084686,1.307253,1.03426,1.7028,0.251885,-2.294765,-0.692722
488.749,1.982905,1.318097,1.057007,1.637358,0.246289,-2.319593,-0.670531
488.828,1.879586,1.327919,1.078933,1.570646,0.240502,-2.342622,-0.647821
488.907,1.77481,1.336711,1.100023,1.502715,0.234528,-2.363835,-0.624608
488.986,1.668657,1.344466,1.12026,1.43362,0.228372,-2.383214,-0.60091
489.081,1.539298,1.352411,1.143444,1.349063,0.220736,-2.40407,-0.571798
489.16,1.430406,1.357864,1.161747,1.277591,0.214197,-2.419361,-0.547099
489.239,1.320404,1.362263,1.17915,1.205128,0.207491,-2.432775,-0.521976
489.318,1.209378,1.365605,1.195638,1.13173,0.200625,-2.444303,-0.496447
489.397,1.097414,1.367889,1.211199,1.057455,0.193603,-2.453935,-0.470534
489.476,0.984599,1.369112,1.225821,0.98236,0.186431,-2.461664,-0.444256
489.556,0.869578,1.369268,1.239659,0.905538,0.179021,-2.467546,-0.417295
489.635,0.755316,1.368354,1.252356,0.828969,0.171564,-2.471428,-0.390344
489.714,0.640468,1.366378,1.264082,0.751758,0.163974,-2.473394,-0.363091
489.793,0.525124,1.363343,1.274828,0.673963,0.156257,-2.473441,-0.335557
489.872,0.409372,1.359251,1.284585,0.595646,0.148418,-2.47157,-0.307762
489.951,0.293303,1.354104,1.293346,0.516867,0.140464,-2.467783,-0.279728
490.03,0.177006,1.347907,1.301104,0.437687,0.132402,-2.462081,-0.251478
490.109,0.060572,1.340665,1.307853,0.358168,0.124236,-2.454471,-0.223032
490.189,-0.057383,1.332272,1.313654,0.277359,0.11587,-2.444824,-0.19405
490.268,-0.17382,1.322944,1.318357,0.197344,0.107517,-2.43339,-0.165279
490.347,-0.290121,1.31259,1.322038,0.117175,0.099081,-2.420068,-0.13638
490.426,-0.406198,1.301218,1.324693,0.036916,0.090568,-2.40487,-0.107375
490.505,-0.521959,1.288837,1.326322,-0.043372,0.081985,-2.387807,-0.078287
490.584,-0.637316,1.275456,1.326921,-0.123626,0.073338,-2.368892,-0.049138
490.663,-0.752179,1.261086,1.326491,-0.203785,0.064635,-2.348139,-0.019951
490.742,-0.866458,1.245738,1.325033,-0.283785,0.055881,-2.325566,0.009252
490.822,-0.981499,1.229212,1.322509,-0.364574,0.046972,-2.300869,0.038817
490.901,-1.094336,1.211933,1.318985,-0.444068,0.038138,-2.274686,0.067982
490.98,-1.206324,1.193713,1.314437,-0.523218,0.029275,-2.246738,0.097094
491.059,-1.317377,1.174569,1.308871,-0.601962,0.020389,-2.217047,0.126131
491.138,-1.427408,1.154513,1.302289,-0.68024,0.011486,-2.185638,0.15507
491.217,-1.536332,1.133561,1.294697,-0.757989,0.002576,-2.152533,0.183889
491.296,-1.644065,1.111731,1.286101,-0.835151,-0.006337,-2.117759,0.212566
491.375,-1.750523,1.089039,1.276508,-0.911666,-0.015245,-2.081343,0.241077
491.455,-1.856944,1.065198,1.265784,-0.988428,-0.024254,-2.042821,0.269759
491.534,-1.960587,1.040825,1.254207,-1.063459,-0.033131,-2.003186,0.297872
491.613,-2.062709,1.015644,1.241657,-1.137666,-0.041983,-1.961997,0.325753
491.692,-2.163231,0.989675,1.228144,-1.210991,-0.050802,-1.919287,0.353383
491.771,-2.262075,0.962939,1.213679,-1.283376,-0.059582,-1.875089,0.380738
491.85,-2.359166,0.935457,1.198272,-1.354766,-0.068315,-1.829436,0.407798
491.929,-2.454426,0.907248,1.181936,-1.425105,-0.076995,-1.782365,0.434541
492.008,-2.547784,0.878336,1.164684,-1.494339,-0.085616,-1.733911,0.460948
492.088,-2.640309,0.848365,1.146293,-1.563269,-0.094278,-1.683474,0.487324
492.167,-2.729617,0.818105,1.127237,-1.630117,-0.102758,-1.632353,0.512991
492.246,-2.816809,0.787211,1.107306,-1.6957,-0.111159,-1.579967,0.538259
492.325,-2.901816,0.755707,1.086517,-1.759969,-0.119473,-1.526355,0.563111
492.404,-2.984572,0.723616,1.064886,-1.822873,-0.127695,-1.471559,0.587525
492.483,-3.065014,0.690965,1.042428,-1.884363,-0.135818,-1.415622,0.611484
492.562,-3.143079,0.657777,1.019162,-1.944392,-0.143835,-1.358588,0.634969
492.641,-3.218706,0.62408,0.995106,-2.002912,-0.151741,-1.300499,0.657961
492.721,-3.292747,0.589462,0.969959,-2.060591,-0.159627,-1.240648,0.680725
492.8,-3.363293,0.554818,0.944369,-2.11594,-0.16729,-1.180576,0.702672
492.879,-3.43123,0.519743,0.918047,-2.169649,-0.174823,-1.119589,0.724075
492.958,-3.496507,0.484265,0.891013,-2.221675,-0.18222,-1.057734,0.744916
493.037,-3.559072,0.448411,0.863288,-2.271978,-0.189477,-0.995058,0.765179
493.132,-3.630648,0.404838,0.829063,-2.330132,-0.198007,-0.918671,0.788759
493.211,-3.687073,0.368256,0.799892,-2.376505,-0.204932,-0.854361,0.807695
493.29,-3.740638,0.331388,0.770101,-2.421034,-0.211699,-0.789389,0.826005
493.369,-3.791302,0.294263,0.739713,-2.463686,-0.218301,-0.723804,0.843674
493.448,-3.839025,0.25691,0.708751,-2.504428,-0.224734,-0.657658,0.860689
493.527,-3.883772,0.219357,0.67724,-2.543227,-0.230992,-0.591002,0.877037
493.607,-3.926015,0.181156,0.644794,-2.580507,-0.237148,-0.523035,0.892898
493.686,-3.964667,0.143292,0.612251,-2.615307,-0.243041,-0.455509,0.907864
493.765,-4.000244,0.105316,0.579233,-2.648079,-0.248746,-0.38763,0.922126
493.844,-4.032718,0.067258,0.545766,-2.678798,-0.254257,-0.319451,0.935673
493.923,-4.062065,0.029148,0.511876,-2.707439,-0.259572,-0.251024,0.948495
494.002,-4.088262,-0.008985,0.477588,-2.73398,-0.264685,-0.182402,0.96058
494.081,-4.111288,-0.04711,0.44293,-2.758401,-0.269593,-0.113638,0.971921
494.16,-4.131126,-0.085199,0.407929,-2.780683,-0.274292,-0.044787,0.982508
494.24,-4.147951,-0.123703,0.372162,-2.801049,-0.278834,0.024971,0.992453
494.319,-4.161327,-0.161629,0.336552,-2.818975,-0.283101,0.093838,1.001499
494.398,-4.171477,-0.199429,0.300681,-2.834715,-0.287149,0.162632,1.009768
494.477,-4.178391,-0.237075,0.264577,-2.848256,-0.290974,0.2313,1.017254
494.556,-4.182066,-0.274537,0.228267,-2.859588,-0.294574,0.299789,1.023951
494.635,-4.182496,-0.311787,0.191781,-2.868703,-0.297945,0.368045,1.029854
494.714,-4.179684,-0.348794,0.155146,-2.875593,-0.301085,0.436016,1.034958
494.793,-4.173629,-0.385531,0.11839,-2.880253,-0.303991,0.503649,1.03926
494.873,-4.1642,-0.422428,0.081076,-2.882695,-0.306694,0.571739,1.042794
494.952,-4.151639,-0.458534,0.044165,-2.882858,-0.309124,0.638533,1.045471
495.031,-4.135858,-0.494285,0.007219,-2.880784,-0.311314,0.704831,1.047337
495.11,-4.116869,-0.529652,-0.029732,-2.876477,-0.313263,0.770582,1.048391
495.189,-4.094688,-0.564609,-0.06666,-2.869938,-0.314968,0.835736,1.048632
495.268,-4.069331,-0.599128,-0.103536,-2.861174,-0.31643,0.900242,1.048059
495.347,-4.040819,-0.633182,-0.140332,-2.850191,-0.317646,0.96405,1.046674
495.426,-4.009173,-0.666745,-0.17702,-2.836998,-0.318616,1.02711,1.044477
495.506,-3.973957,-0.700206,-0.214031,-2.821396,-0.319346,1.090156,1.041426
495.585,-3.936081,-0.732702,-0.250413,-2.803786,-0.319818,1.151564,1.037601
495.664,-3.895152,-0.76463,-0.286601,-2.784003,-0.320041,1.212078,1.032972
495.743,-3.851202,-0.795965,-0.322566,-2.76206,-0.320017,1.271653,1.027541
495.822,-3.804265,-0.826683,-0.358282,-2.737975,-0.319744,1.330241,1.021314
495.901,-3.754379,-0.85676,-0.393719,-2.711767,-0.319224,1.387798,1.014294
495.98,-3.70158,-0.886172,-0.428852,-2.683456,-0.318456,1.444278,1.006488
496.059,-3.645911,-0.914897,-0.463651,-2.653064,-0.317441,1.499639,0.997901
496.139,-3.586656,-0.943263,-0.498525,-2.62019,-0.316162,1.554515,0.988417
496.218,-3.525343,-0.970537,-0.532573,-2.585683,-0.314652,1.607492,0.97828
496.297,-3.461295,-0.99706,-0.566209,-2.54917,-0.312899,1.659222,0.967384
496.376,-3.394564,-1.022809,-0.599406,-2.51068,-0.310902,1.709665,0.955738
496.455,-3.325199,-1.047764,-0.632137,-2.470243,-0.308665,1.758783,0.943351
496.534,-3.253256,-1.071907,-0.664379,-2.427891,-0.306188,1.806537,0.930233
496.613,-3.17879,-1.095219,-0.696105,-2.383655,-0.303474,1.852889,0.916392
496.692,-3.101859,-1.117682,-0.727292,-2.337571,-0.300525,1.897805,0.901842
496.772,-3.021502,-1.139545,-0.758298,-2.289057,-0.2973,1.941789,0.886394
496.851,-2.939792,-1.160246,-0.788325,-2.239362,-0.293884,1.983708,0.870448
496.93,-2.855802,-1.180047,-0.817741,-2.18793,-0.29024,2.024089,0.853826
497.009,-2.769597,-1.198933,-0.846522,-2.134802,-0.286371,2.0629,0.836543
497.088,-2.681245,-1.216889,-0.874647,-2.080018,-0.28228,2.100111,0.818611
497.183,-2.572251,-1.237231,-0.907568,-2.012007,-0.277071,2.142699,0.796207
497.262,-2.479411,-1.253092,-0.934171,-1.953728,-0.272502,2.176287,0.776895
497.341,-2.384649,-1.26798,-0.960049,-1.893934,-0.267722,2.208187,0.756981
497.42,-2.288037,-1.281885,-0.985183,-1.832671,-0.262734,2.238374,0.73648
497.499,-2.189651,-1.294796,-1.009553,-1.769987,-0.257542,2.266826,0.715408
497.578,-2.089567,-1.306703,-1.03314,-1.705931,-0.252151,2.293519,0.693781
497.658,-1.986565,-1.317727,-1.056209,-1.639715,-0.246492,2.318738,0.671332
497.737,-1.883299,-1.327586,-1.078165,-1.573048,-0.240711,2.341831,0.64864
497.816,-1.778574,-1.336415,-1.099285,-1.50516,-0.234744,2.363109,0.625445
497.895,-1.672468,-1.344208,-1.119553,-1.436106,-0.228595,2.382554,0.601764
497.974,-1.565066,-1.350958,-1.138952,-1.365937,-0.222269,2.400152,0.577617
498.053,-1.45645,-1.35666,-1.157468,-1.294709,-0.21577,2.415888,0.553022
498.132,-1.346705,-1.36131,-1.175087,-1.222477,-0.209103,2.42975,0.527998
498.211,-1.235915,-1.364905,-1.191794,-1.149297,-0.202275,2.441728,0.502565
498.291,-1.122746,-1.367467,-1.207771,-1.074283,-0.1952,2.451928,0.476412
498.37,-1.010116,-1.368929,-1.222605,-0.999367,-0.188062,2.460087,0.450215
498.449,-0.896702,-1.369329,-1.236491,-0.923677,-0.180777,2.466338,0.423668
498.528,-0.782592,-1.368668,-1.249419,-0.84727,-0.173353,2.470677,0.396793
498.607,-0.667876,-1.366945,-1.261377,-0.770207,-0.165794,2.473099,0.36961
498.686,-0.552642,-1.364162,-1.272358,-0.692546,-0.158106,2.473604,0.34214
498.765,-0.436979,-1.360321,-1.282351,-0.614347,-0.150296,2.47219,0.314406
498.844,-0.320977,-1.355425,-1.29135,-0.535673,-0.142369,2.468859,0.286427
498.924,-0.203254,-1.349396,-1.299442,-0.455579,-0.13423,2.463534,0.257868
499.003,-0.086843,-1.34239,-1.30642,-0.376131,-0.126087,2.456354,0.229464
499.082,0.029635,-1.334342,-1.312383,-0.296391,-0.117846,2.447268,0.200883
499.161,0.14609,-1.325259,-1.31733,-0.216421,-0.109515,2.436285,0.172146
499.24,0.262432,-1.315149,-1.321254,-0.136284,-0.101098,2.423412,0.143275
499.319,0.378571,-1.304019,-1.324154,-0.05604,-0.092603,2.40866,0.114293
499.398,0.494416,-1.291877,-1.326027,0.024246,-0.084036,2.39204,0.085223
499.477,0.609877,-1.278734,-1.326872,0.104514,-0.075403,2.373565,0.056086
499.557,0.726318,-1.264413,-1.326678,0.185715,-0.066603,2.35298,0.026536
499.636,0.840736,-1.249285,-1.325452,0.265757,-0.05786,2.330816,-0.002665
499.715,0.954503,-1.233188,-1.323198,0.345592,-0.049072,2.306845,-0.031864
499.794,1.067529,-1.216135,-1.319917,0.42516,-0.040246,2.281084,-0.061038
499.873,1.179727,-1.198138,-1.315613,0.504397,-0.031389,2.253554,-0.090165
499.952,1.291011,-1.179213,-1.310289,0.583244,-0.022507,2.224277,-0.119222
500.031,1.401293,-1.159372,-1.303949,0.661638,-0.013608,2.193275,-0.148186
500.11,1.510489,-1.138633,-1.296597,0.739519,-0.004699,2.160572,-0.177036
500.19,1.619873,-1.116731,-1.288127,0.817801,0.004327,2.125747,-0.206111
500.269,1.726625,-1.094232,-1.278759,0.894466,0.013237,2.089699,-0.234661
500.348,1.832039,-1.070884,-1.268398,0.970438,0.022136,2.05203,-0.26303
500.427,1.936032,-1.046705,-1.257054,1.045658,0.031019,2.01277,-0.291195
500.506,2.038523,-1.021715,-1.244735,1.120066,0.039877,1.971949,-0.319133
500.585,2.139433,-0.995932,-1.23145,1.193606,0.048704,1.929598,-0.346825
500.664,2.238685,-0.969377,-1.217211,1.26622,0.057494,1.885751,-0.374247
500.743,2.3362,-0.94207,-1.202027,1.337852,0.066239,1.840442,-0.401379
500.823,2.433102,-0.913673,-1.185702,1.409334,0.075042,1.793105,-0.428537
500.902,2.526895,-0.884918,-1.168655,1.478822,0.083677,1.744959,-0.455022
500.981,2.618729,-0.855477,-1.150702,1.547163,0.092247,1.695461,-0.481153
501.06,2.708531,-0.825372,-1.131856,1.614305,0.100745,1.644648,-0.506912
501.139,2.796233,-0.794627,-1.112133,1.680194,0.109165,1.592559,-0.532277
501.234,2.89882,-0.756842,-1.087274,1.757698,0.119178,1.528289,-0.562231
501.313,2.981658,-0.724772,-1.065672,1.820652,0.127403,1.473535,-0.586662
501.392,3.062183,-0.69214,-1.043244,1.882193,0.13553,1.417638,-0.610637
501.471,3.140334,-0.658971,-1.020007,1.942275,0.143551,1.360642,-0.634139
501.55,3.21605,-0.625291,-0.995978,2.00085,0.151461,1.30259,-0.657149
501.629,3.289271,-0.591126,-0.971178,2.057874,0.159253,1.243528,-0.67965
501.709,3.36082,-0.556062,-0.945295,2.113993,0.167018,1.182737,-0.701898
501.788,3.428851,-0.521002,-0.918999,2.167761,0.174556,1.121781,-0.72332
501.867,3.494223,-0.485538,-0.89199,2.219848,0.181959,1.059956,-0.744182
501.946,3.556886,-0.449697,-0.864289,2.270213,0.18922,0.997309,-0.764466
502.025,3.61679,-0.413508,-0.835918,2.318817,0.196335,0.933888,-0.784157
502.104,3.673889,-0.376997,-0.806898,2.365624,0.203297,0.869744,-0.803241
502.183,3.728139,-0.340195,-0.777253,2.410595,0.210102,0.804924,-0.821701
502.262,3.779498,-0.303129,-0.747005,2.453698,0.216743,0.739481,-0.839524
502.342,3.828519,-0.265354,-0.715784,2.495406,0.223298,0.672624,-0.856909
502.421,3.87394,-0.227844,-0.684395,2.534646,0.229596,0.606079,-0.873408
502.5,3.916357,-0.190157,-0.652474,2.57192,0.235716,0.539063,-0.88923
502.579,3.955737,-0.152323,-0.620048,2.6072,0.241654,0.471629,-0.904362
502.658,3.992049,-0.114371,-0.587141,2.640458,0.247404,0.40383,-0.918793
502.737,4.025265,-0.07633,-0.553778,2.671668,0.252962,0.335717,-0.932512
502.816,4.055359,-0.03823,-0.519986,2.700806,0.258324,0.267344,-0.945507
502.895,4.082308,-0.0001,-0.485791,2.727849,0.263486,0.198764,-0.957769
502.975,4.106372,0.038512,-0.450779,2.753079,0.268504,0.129159,-0.969429
503.054,4.126931,0.076612,-0.415853,2.775845,0.273251,0.060322,-0.980186
503.133,4.144289,0.114653,-0.380604,2.796458,0.277786,-0.008561,-0.990184
503.212,4.158433,0.152604,-0.34506,2.814903,0.282105,-0.077437,-0.999414
503.291,4.169352,0.190437,-0.309249,2.831164,0.286205,-0.146253,-1.007869
503.37,4.177038,0.228123,-0.273197,2.84523,0.290083,-0.214956,-1.015542
503.449,4.181485,0.265631,-0.236934,2.85709,0.293737,-0.283493,-1.022427
503.528,4.182688,0.302934,-0.200487,2.866733,0.297163,-0.351809,-1.02852
503.608,4.180601,0.340469,-0.163421,2.874233,0.300397,-0.420712,-1.033877
503.687,4.175278,0.377269,-0.12669,2.879397,0.303356,-0.488425,-1.03836
503.766,4.166716,0.413777,-0.089861,2.882327,0.30608,-0.55576,-1.042037
503.845,4.154924,0.449964,-0.052962,2.883022,0.308567,-0.622664,-1.044907
503.924,4.139909,0.485802,-0.016022,2.881481,0.310814,-0.689085,-1.046966
504.003,4.121683,0.521263,0.02093,2.877705,0.31282,-0.754971,-1.048214
504.082,4.100261,0.55632,0.057866,2.871698,0.314584,-0.820272,-1.048648
504.161,4.075659,0.590946,0.094758,2.863464,0.316104,-0.884937,-1.048269
504.241,4.047525,0.625543,0.132041,2.852862,0.317393,-0.94972,-1.047057
504.32,4.016583,0.659219,0.168755,2.840167,0.318418,-1.012953,-1.045043
504.399,3.982527,0.692384,0.205338,2.825268,0.319197,-1.075401,-1.042219
504.478,3.945382,0.725012,0.241763,2.808179,0.319728,-1.137014,-1.038586
504.557,3.905177,0.757077,0.277999,2.788912,0.320011,-1.197746,-1.034148
504.636,3.861944,0.788556,0.31402,2.767482,0.320045,-1.257548,-1.028907
504.715,3.815716,0.819423,0.349798,2.743906,0.319832,-1.316376,-1.022869
504.794,3.766529,0.849654,0.385304,2.718202,0.31937,-1.374183,-1.016038
504.874,3.713742,0.879597,0.420955,2.690025,0.318651,-1.431635,-1.008317
504.953,3.658717,0.908479,0.455832,2.6601,0.317691,-1.487252,-0.999906
505.032,3.600854,0.936656,0.490356,2.628112,0.316485,-1.541715,-0.990719
505.111,3.540199,0.964107,0.524499,2.594086,0.315034,-1.594983,-0.980764
505.19,3.476798,0.990811,0.558235,2.558049,0.313339,-1.647014,-0.970048
505.285,3.396991,1.021903,0.598229,2.512088,0.310978,-1.707888,-0.956167
505.364,3.32772,1.046887,0.630977,2.47172,0.308749,-1.757053,-0.943806
505.443,3.255868,1.07106,0.663237,2.429435,0.306281,-1.804856,-0.930713
505.522,3.181491,1.094402,0.694982,2.385266,0.303575,-1.851259,-0.916899
505.601,3.104646,1.116895,0.726188,2.339247,0.300634,-1.896227,-0.902373
505.68,3.025394,1.138522,0.756831,2.291415,0.29746,-1.939724,-0.887148
505.76,2.942748,1.159523,0.787264,2.241166,0.29401,-1.982238,-0.871029
505.839,2.858838,1.179356,0.816701,2.189795,0.290374,-2.022675,-0.854431
505.918,2.772712,1.198275,0.845506,2.136727,0.286513,-2.061542,-0.837171
505.997,2.684435,1.216265,0.873655,2.082002,0.28243,-2.098811,-0.819262
506.076,2.594076,1.233311,0.901126,2.025661,0.278128,-2.134452,-0.800717
506.155,2.501705,1.249401,0.927898,1.96775,0.273609,-2.168438,-0.781551
506.234,2.407394,1.264522,0.953951,1.908313,0.268879,-2.200742,-0.761779
506.313,2.311216,1.278662,0.979264,1.847396,0.263941,-2.231339,-0.741417
506.393,2.211995,1.291971,1.004124,1.784248,0.258731,-2.260561,-0.72021
506.472,2.112287,1.304105,1.027889,1.720497,0.253384,-2.287652,-0.698707
506.551,2.010941,1.315228,1.050857,1.655412,0.247841,-2.31297,-0.676662
506.63,1.908035,1.325331,1.07301,1.589042,0.242106,-2.336494,-0.654092
506.709,1.80365,1.334405,1.094331,1.521441,0.236182,-2.358206,-0.631015
506.788,1.697866,1.342446,1.114803,1.452659,0.230076,-2.378089,-0.607448
506.867,1.590765,1.349445,1.13441,1.382751,0.223791,-2.396128,-0.583411
506.946,1.482431,1.355397,1.153138,1.31177,0.217333,-2.412309,-0.558921
507.026,1.371554,1.360354,1.171192,1.238855,0.210621,-2.426788,-0.533679
507.105,1.260992,1.364187,1.188106,1.165884,0.203829,-2.439192,-0.508336
507.184,1.149452,1.366962,1.204098,1.092009,0.196879,-2.449704,-0.482599
507.263,1.037021,1.368677,1.219157,1.017287,0.189776,-2.458317,-0.456488
507.342,0.923786,1.36933,1.23327,0.941776,0.182526,-2.465023,-0.430023
507.421,0.809834,1.368922,1.246427,0.865534,0.175134,-2.469817,-0.403224
507.5,0.695255,1.367452,1.258617,0.788621,0.167606,-2.472696,-0.376112
507.579,0.580136,1.364921,1.269831,0.711097,0.159949,-2.473658,-0.348709
507.659,0.463101,1.36128,1.280184,0.63203,0.152068,-2.472676,-0.320684
507.738,0.347168,1.356622,1.289407,0.553458,0.144167,-2.469777,-0.292758
507.817,0.230966,1.350912,1.297631,0.474456,0.136154,-2.464963,-0.264605
507.896,0.114584,1.344154,1.304849,0.395086,0.128036,-2.458237,-0.236248
507.975,-0.001886,1.336353,1.311055,0.31541,0.119818,-2.449605,-0.207707
508.054,-0.118355,1.327517,1.316244,0.23549,0.111507,-2.439073,-0.179004
508.133,-0.234732,1.31765,1.320412,0.155386,0.10311,-2.42665,-0.150164
508.212,-0.350927,1.306762,1.323556,0.075163,0.094633,-2.412344,-0.121206
508.292,-0.468315,1.294704,1.325694,-0.006136,0.085974,-2.395951,-0.091786
508.371,-0.583871,1.281785,1.326771,-0.086413,0.077356,-2.377893,-0.062663
508.45,-0.698974,1.267873,1.326819,-0.166624,0.068678,-2.357991,-0.033491
508.529,-0.813535,1.252977,1.325837,-0.246705,0.059947,-2.336261,-0.004292
508.608,-0.927465,1.23711,1.323828,-0.326596,0.051169,-2.312718,0.024909
508.687,-1.040675,1.220283,1.320792,-0.406232,0.042351,-2.287382,0.054091
508.766,-1.153079,1.20251,1.316731,-0.485554,0.033501,-2.260272,0.083232
508.845,-1.264588,1.183805,1.31165,-0.564499,0.024625,-2.231409,0.112307
508.925,-1.376509,1.163927,1.305467,-0.643997,0.015617,-2.200418,0.141662
509.004,-1.485958,1.143389,1.298343,-0.721999,0.006709,-2.168096,0.17054
509.083,-1.594253,1.121964,1.290212,-0.799442,-0.002204,-2.134093,0.199285
509.162,-1.701313,1.099669,1.281081,-0.876264,-0.011115,-2.098435,0.227876
509.241,-1.807053,1.076522,1.270956,-0.952406,-0.020018,-2.061149,0.25629
509.336,-1.932345,1.047582,1.257475,-1.042987,-0.030702,-2.014198,0.290193
509.415,-2.034892,1.022621,1.245191,-1.117425,-0.039561,-1.973432,0.31814
509.494,-2.13586,0.996866,1.231941,-1.190997,-0.04839,-1.931136,0.345841
509.573,-2.235171,0.970338,1.217735,-1.263645,-0.057181,-1.887342,0.373273
509.652,-2.33275,0.943058,1.202585,-1.335313,-0.065928,-1.842084,0.400416
509.731,-2.428519,0.915046,1.186503,-1.405946,-0.074623,-1.795397,0.427248
509.811,-2.523581,0.885957,1.169279,-1.476361,-0.08337,-1.746701,0.454082
509.89,-2.615486,0.856539,1.151358,-1.544744,-0.091942,-1.697251,0.480227
509.969,-2.705362,0.826458,1.132544,-1.611929,-0.100443,-1.646484,0.505999
510.048,-2.79314,0.795735,1.112852,-1.677865,-0.108866,-1.59444,0.531379
510.127,-2.878752,0.764396,1.092296,-1.742498,-0.117205,-1.541159,0.556346
510.206,-2.962131,0.732463,1.070894,-1.805781,-0.125453,-1.486684,0.580882
510.285,-3.043213,0.699963,1.048661,-1.867663,-0.133603,-1.431055,0.604968
510.364,-3.121936,0.66692,1.025615,-1.928097,-0.14165,-1.374317,0.628584
510.444,-3.199187,0.632931,1.001466,-1.987772,-0.149687,-1.315774,0.652003
510.523,-3.272976,0.598874,0.976838,-2.045149,-0.157506,-1.256937,0.67462
510.602,-3.344226,0.564351,0.951452,-2.100941,-0.165203,-1.197124,0.696714
510.681,-3.412884,0.529392,0.925329,-2.155103,-0.172773,-1.136383,0.718267
510.76,-3.478894,0.494021,0.898488,-2.207594,-0.180208,-1.074761,0.739264
510.839,-3.542207,0.458268,0.87095,-2.258373,-0.187503,-1.012305,0.759687
510.918,-3.602772,0.422159,0.842736,-2.3074,-0.194653,-0.949064,0.779521
510.997,-3.660543,0.385723,0.813869,-2.354638,-0.201652,-0.885087,0.798751
511.077,-3.716153,0.34852,0.783994,-2.400613,-0.208581,-0.819602,0.817592
511.156,-3.768167,0.311511,0.75388,-2.44414,-0.21526,-0.754294,0.83556
511.235,-3.81726,0.27426,0.723181,-2.485772,-0.221772,-0.688402,0.85288
511.314,-3.863391,0.236797,0.691921,-2.525476,-0.228112,-0.621976,0.869539
511.393,-3.906527,0.19915,0.660125,-2.563221,-0.234275,-0.555068,0.885523
511.472,-3.946633,0.161348,0.627817,-2.598978,-0.240256,-0.487729,0.900821
511.551,-3.983678,0.123421,0.595022,-2.63272,-0.246051,-0.420012,0.91542
511.63,-4.017634,0.085399,0.561766,-2.66442,-0.251656,-0.351969,0.929309
511.71,-4.048845,0.046827,0.527645,-2.694415,-0.257132,-0.282787,0.942639
511.789,-4.076505,0.008702,0.493538,-2.721933,-0.262339,-0.214249,0.955067
511.868,-4.101005,-0.029431,0.459049,-2.74734,-0.267343,-0.145544,0.966755
511.947,-4.122323,-0.06754,0.424203,-2.770616,-0.272139,-0.076727,0.977692
512.026,-4.140445,-0.105598,0.389029,-2.791744,-0.276725,-0.00785,0.987872
512.105,-4.155356,-0.143573,0.353553,-2.810706,-0.281095,0.061033,0.997285
512.184,-4.167044,-0.181437,0.317803,-2.827489,-0.285248,0.129868,1.005925
512.263,-4.175501,-0.21916,0.281806,-2.842079,-0.28918,0.198603,1.013785
512.343,-4.180765,-0.257188,0.245131,-2.854608,-0.292933,0.268051,1.020943
512.422,-4.1827,-0.294539,0.208723,-2.864752,-0.29641,0.336421,1.027215
512.501,-4.181391,-0.331662,0.172153,-2.872674,-0.299657,0.404531,1.03269
512.58,-4.17684,-0.368528,0.13545,-2.878369,-0.302672,0.472327,1.037365
512.659,-4.169049,-0.405108,0.098642,-2.881832,-0.305453,0.539757,1.041234
512.738,-4.158026,-0.441374,0.061757,-2.883059,-0.307996,0.606768,1.044297
512.817,-4.143777,-0.477298,0.024824,-2.882051,-0.3103,0.673308,1.046549
512.896,-4.126315,-0.512851,-0.012128,-2.878807,-0.312364,0.739327,1.04799
512.976,-4.105371,-0.548449,-0.049538,-2.873248,-0.314207,0.805596,1.048621
513.055,-4.081485,-0.583175,-0.086442,-2.865515,-0.315782,0.870409,1.048426
513.134,-4.054434,-0.617448,-0.123279,-2.85556,-0.317112,0.934546,1.047417
513.213,-4.024238,-0.651242,-0.16002,-2.843391,-0.318196,0.997959,1.045596
513.292,-3.990921,-0.684531,-0.196637,-2.829017,-0.319034,1.060598,1.042965
513.387,-3.946761,-0.723856,-0.240466,-2.808827,-0.319713,1.13483,1.038729
513.466,-3.906665,-0.755943,-0.276709,-2.789637,-0.320005,1.195594,1.03432
513.545,-3.863539,-0.787443,-0.312739,-2.768284,-0.320048,1.255431,1.029108
513.624,-3.817417,-0.818332,-0.348525,-2.744784,-0.319844,1.314294,1.023098
513.703,-3.768335,-0.848587,-0.384042,-2.719156,-0.319391,1.372137,1.016295
513.782,-3.71633,-0.878183,-0.41926,-2.691419,-0.318691,1.428917,1.008704
513.862,-3.66073,-0.90746,-0.454593,-2.661204,-0.31773,1.485286,1.000219
513.941,-3.602968,-0.935663,-0.48913,-2.629289,-0.316533,1.539791,0.99106
514.02,-3.542412,-0.96314,-0.523287,-2.595336,-0.31509,1.593103,0.981132
514.099,-3.479108,-0.989871,-0.557038,-2.559369,-0.313403,1.645178,0.970444
514.178,-3.413106,-1.015834,-0.590358,-2.521418,-0.311473,1.695978,0.959002
514.257,-3.344458,-1.041009,-0.623219,-2.481511,-0.309302,1.745463,0.946817
514.336,-3.273216,-1.065376,-0.655598,-2.43968,-0.306891,1.793594,0.933898
514.415,-3.199435,-1.088918,-0.687468,-2.395957,-0.304241,1.840334,0.920255
514.495,-3.122192,-1.111896,-0.719197,-2.349787,-0.301318,1.886211,0.905711
514.574,-3.043478,-1.13372,-0.749969,-2.302361,-0.298196,1.930043,0.890643
514.653,-2.962403,-1.154665,-0.78016,-2.253148,-0.294843,1.972378,0.874883
514.732,-2.879031,-1.174714,-0.809745,-2.202189,-0.291261,2.013183,0.858446
514.811,-2.793427,-1.193852,-0.838703,-2.149521,-0.287453,2.052427,0.841342
514.89,-2.705656,-1.212064,-0.86701,-2.095187,-0.283423,2.090079,0.823586
514.969,-2.615786,-1.229337,-0.894644,-2.039227,-0.279172,2.126111,0.805192
515.048,-2.523888,-1.245655,-0.921585,-1.981686,-0.274705,2.160493,0.786172
515.128,-2.428833,-1.261196,-0.948138,-1.921851,-0.269965,2.193604,0.766291
515.207,-2.33307,-1.275559,-0.97362,-1.861264,-0.265073,2.224588,0.746061
515.286,-2.235497,-1.288932,-0.998347,-1.799233,-0.259975,2.253847,0.725251
515.365,-2.136191,-1.301306,-1.022299,-1.735807,-0.254676,2.281359,0.70388
515.444,-2.035228,-1.31267,-1.045458,-1.671035,-0.249179,2.307101,0.681962
515.523,-1.932687,-1.323017,-1.067807,-1.604967,-0.243489,2.331054,0.659515
515.602,-1.828647,-1.332337,-1.089328,-1.537654,-0.23761,2.353199,0.636558
515.681,-1.723189,-1.340624,-1.110004,-1.469149,-0.231547,2.373519,0.613106
515.761,-1.615034,-1.347957,-1.130064,-1.398615,-0.225224,2.392221,0.588873
515.84,-1.506971,-1.354146,-1.148991,-1.327872,-0.218805,2.408822,0.564483
515.919,-1.397739,-1.359285,-1.167028,-1.256099,-0.212216,2.423555,0.539656
515.998,-1.287422,-1.363369,-1.184159,-1.183352,-0.205462,2.436408,0.51441
516.077,-1.176108,-1.366397,-1.200373,-1.109687,-0.198549,2.447372,0.488765
516.156,-1.063881,-1.368364,-1.215655,-1.035161,-0.191482,2.456438,0.462741
516.235,-0.95083,-1.369271,-1.229994,-0.959833,-0.184266,2.463598,0.436358
516.314,-0.837041,-1.369115,-1.24338,-0.88376,-0.176907,2.468849,0.409637
516.394,-0.72115,-1.367876,-1.255952,-0.806026,-0.169316,2.472214,0.382254
516.473,-0.606145,-1.365584,-1.267387,-0.728634,-0.161687,2.473608,0.354915
516.552,-0.49067,-1.362234,-1.277839,-0.650678,-0.153933,2.473084,0.3273
516.631,-0.374814,-1.357827,-1.287301,-0.572217,-0.14606,2.470642,0.299432
516.71,-0.258668,-1.352367,-1.295763,-0.493312,-0.138073,2.466284,0.271332
516.789,-0.142321,-1.345858,-1.303221,-0.414024,-0.129979,2.460013,0.243021
516.868,-0.025863,-1.338306,-1.309669,-0.334415,-0.121784,2.451834,0.214521
516.947,0.090614,-1.329715,-1.3151,-0.254547,-0.113495,2.441754,0.185855
517.027,0.208494,-1.319965,-1.319561,-0.173468,-0.105012,2.429617,0.15668
517.106,0.324738,-1.309307,-1.322937,-0.093266,-0.096552,2.415735,0.127747
517.185,0.44073,-1.297633,-1.325286,-0.012991,-0.088017,2.39998,0.098715
517.264,0.556381,-1.284953,-1.326608,0.067293,-0.079415,2.382363,0.069606
517.343,0.6716,-1.271277,-1.326901,0.147525,-0.07075,2.362899,0.040443
517.438,0.809456,-1.253526,-1.32589,0.24385,-0.060259,2.337068,0.005335
517.517,0.92341,-1.237693,-1.323917,0.323748,-0.051483,2.313589,-0.023867
517.596,1.036648,-1.2209,-1.320918,0.403395,-0.042667,2.288317,-0.05305
517.675,1.149082,-1.203161,-1.316894,0.482729,-0.033817,2.26127,-0.082192
517.754,1.260625,-1.184488,-1.311849,0.561689,-0.024942,2.232469,-0.111271
517.833,1.37119,-1.164897,-1.305786,0.640213,-0.016047,2.201937,-0.140263
517.913,1.48207,-1.144137,-1.298615,0.719225,-0.007027,2.169279,-0.169511
517.992,1.590409,-1.122744,-1.29052,0.796688,0.001886,2.135335,-0.198261
518.071,1.697514,-1.10048,-1.281424,0.873533,0.010797,2.099736,-0.226858
518.15,1.803302,-1.077362,-1.271334,0.949701,0.0197,2.062508,-0.255279
518.229,1.907692,-1.05341,-1.260258,1.025132,0.028588,2.02368,-0.283501
518.308,2.010603,-1.02864,-1.248205,1.099769,0.037453,1.983284,-0.311504
518.387,2.111954,-1.003072,-1.235184,1.173552,0.04629,1.941349,-0.339265
518.466,2.211668,-0.976727,-1.221205,1.246425,0.055091,1.897908,-0.366764
518.546,2.310895,-0.949276,-1.206085,1.319236,0.063959,1.852418,-0.39432
518.625,2.407079,-0.921427,-1.190211,1.390107,0.072667,1.806051,-0.421224
518.704,2.501396,-0.892864,-1.173415,1.4599,0.081318,1.758283,-0.447802
518.783,2.593773,-0.863608,-1.155709,1.528561,0.089906,1.709152,-0.474032
518.862,2.684139,-0.833683,-1.137106,1.596036,0.098425,1.658695,-0.499894
518.941,2.772423,-0.803111,-1.117622,1.662273,0.106867,1.606952,-0.525369
519.02,2.858557,-0.771916,-1.097271,1.727222,0.115226,1.553962,-0.550437
519.099,2.942474,-0.740123,-1.076068,1.790831,0.123496,1.499767,-0.575077
519.179,3.025128,-0.707342,-1.053748,1.853829,0.131773,1.443702,-0.599575
519.258,3.104388,-0.674419,-1.030883,1.914594,0.139844,1.38721,-0.623299
519.337,3.18124,-0.640973,-1.00722,1.973874,0.147806,1.329642,-0.64654
519.416,3.255626,-0.60703,-0.982775,2.031623,0.155654,1.271043,-0.669279
519.495,3.327486,-0.572616,-0.957568,2.087796,0.163381,1.211459,-0.691499
519.574,3.396766,-0.537758,-0.931618,2.14235,0.170981,1.150935,-0.713183
519.653,3.463412,-0.502483,-0.904946,2.195243,0.178449,1.089518,-0.734313
519.732,3.527371,-0.466818,-0.877572,2.246434,0.185778,1.027257,-0.754875
519.812,3.589353,-0.430333,-0.849158,2.296496,0.193054,0.963395,-0.775099
519.891,3.647759,-0.393969,-0.820436,2.344141,0.200087,0.89958,-0.794467
519.97,3.703335,-0.357298,-0.791079,2.389968,0.206966,0.835067,-0.813218
520.049,3.75604,-0.320351,-0.761107,2.433942,0.213684,0.769907,-0.831338
520.128,3.805832,-0.283155,-0.730546,2.476028,0.220236,0.70415,-0.848814
520.207,3.852672,-0.245739,-0.699418,2.516194,0.226617,0.637846,-0.865631
520.286,3.896525,-0.208133,-0.667747,2.554408,0.232823,0.571048,-0.881777
520.365,3.937355,-0.170366,-0.635559,2.590642,0.238848,0.503807,-0.89724
520.445,3.975591,-0.131985,-0.602461,2.625286,0.244761,0.435317,-0.912188
520.524,4.010246,-0.093982,-0.569306,2.657449,0.250408,0.367343,-0.926238
520.603,4.041791,-0.055906,-0.53571,2.687551,0.255862,0.299084,-0.93957
520.682,4.070202,-0.017786,-0.501699,2.715568,0.261117,0.230593,-0.952173
520.761,4.095456,0.020348,-0.467298,2.74148,0.26617,0.161923,-0.964038
520.84,4.117534,0.058465,-0.432535,2.765266,0.271016,0.093128,-0.975155
520.919,4.136419,0.096538,-0.397437,2.786907,0.275652,0.024261,-0.985516
520.998,4.152096,0.134535,-0.36203,2.806386,0.280074,-0.044625,-0.995113
521.078,4.16469,0.172907,-0.325889,2.823895,0.284331,-0.114348,-1.004044
521.157,4.173876,0.210665,-0.289946,2.83898,0.288312,-0.18311,-1.012081
521.236,4.179825,0.248259,-0.253777,2.851864,0.292071,-0.25173,-1.019332
521.315,4.182533,0.285661,-0.217412,2.862537,0.295602,-0.320155,-1.025793
521.394,4.181997,0.322841,-0.180878,2.870989,0.298905,-0.388332,-1.031458
521.489,4.177058,0.367217,-0.136762,2.878204,0.302569,-0.469913,-1.037212
521.568,4.169383,0.403808,-0.099957,2.881746,0.305357,-0.537357,-1.04111
521.647,4.158475,0.440085,-0.063074,2.883054,0.307909,-0.604384,-1.044201
521.726,4.144341,0.476022,-0.026143,2.882125,0.310222,-0.670942,-1.046483
521.805,4.126994,0.511589,0.010809,2.878962,0.312295,-0.73698,-1.047953
521.884,4.106446,0.546759,0.047752,2.873565,0.314125,-0.802446,-1.04861
521.964,4.082392,0.581943,0.085126,2.86583,0.31573,-0.868107,-1.048447
522.043,4.055453,0.616232,0.121965,2.855954,0.317069,-0.932269,-1.047467
522.122,4.025369,0.650044,0.15871,2.843864,0.318162,-0.995709,-1.045675
522.201,3.992164,0.683352,0.195332,2.829568,0.319008,-1.058376,-1.043073
522.28,3.955862,0.716129,0.231803,2.813077,0.319607,-1.120223,-1.039661
522.359,3.916493,0.748351,0.268094,2.794405,0.319958,-1.181201,-1.035443
522.438,3.874086,0.779993,0.304177,2.773567,0.32006,-1.241263,-1.030422
522.517,3.828674,0.81103,0.340024,2.750577,0.319915,-1.300362,-1.024602
522.597,3.779663,0.841819,0.376055,2.725122,0.319515,-1.359181,-1.017899
522.676,3.728314,0.871566,0.411344,2.697859,0.31887,-1.416205,-1.010485
522.755,3.674073,0.900637,0.446313,2.668503,0.317978,-1.47213,-1.002287
522.834,3.616983,0.92901,0.480936,2.637078,0.31684,-1.526914,-0.993312
522.913,3.557089,0.956662,0.515186,2.603608,0.315456,-1.580513,-0.983567
522.992,3.494435,0.983572,0.549036,2.568118,0.313827,-1.632887,-0.973059
523.071,3.429072,1.009719,0.582461,2.530637,0.311955,-1.683994,-0.961796
523.15,3.361049,1.035084,0.615434,2.491194,0.309841,-1.733796,-0.949787
523.23,3.289509,1.059951,0.648338,2.449282,0.307455,-1.782857,-0.936876
523.309,3.216296,1.083681,0.680325,2.405983,0.304859,-1.829914,-0.923395
523.388,3.140589,1.10657,0.711784,2.360818,0.302027,-1.875552,-0.909198
523.467,3.062446,1.1286,0.742691,2.313822,0.298961,-1.919735,-0.894295
523.546,2.981928,1.149756,0.773022,2.265032,0.295662,-1.96243,-0.8787
523.625,2.899098,1.17002,0.802753,2.214485,0.292135,-2.003603,-0.862422
523.704,2.814019,1.189376,0.831863,2.162221,0.288381,-2.043221,-0.845476
523.783,2.726758,1.20781,0.860326,2.108279,0.284403,-2.081256,-0.827875
523.863,2.636237,1.225523,0.888471,2.051989,0.28015,-2.118126,-0.809396
523.942,2.544791,1.242058,0.91557,1.994801,0.275731,-2.152883,-0.790516
524.021,2.451371,1.25763,0.941959,1.936066,0.271099,-2.18597,-0.771024
524.1,2.35605,1.272227,0.967618,1.87583,0.266257,-2.217362,-0.750933
524.179,2.258901,1.285837,0.992526,1.814139,0.261208,-2.247035,-0.73026
524.258,2.160001,1.298449,1.016664,1.751041,0.255956,-2.274965,-0.709021
524.337,2.059426,1.310055,1.040014,1.686585,0.250506,-2.30113,-0.687232
524.416,1.957254,1.320645,1.062558,1.620821,0.244862,-2.325511,-0.66491
524.496,1.852242,1.330325,1.084547,1.552943,0.238953,-2.348363,-0.64178
524.575,1.747096,1.338846,1.105415,1.484703,0.232931,-2.369096,-0.618438
524.654,1.640596,1.346328,1.125425,1.41531,0.226728,-2.387992,-0.594617
524.733,1.532823,1.352767,1.144563,1.34482,0.22035,-2.405036,-0.570334
524.812,1.423862,1.358156,1.162813,1.273287,0.2138,-2.420215,-0.545609
524.891,1.313796,1.362492,1.180161,1.200767,0.207085,-2.433517,-0.520461
524.97,1.202712,1.365772,1.196594,1.127316,0.20021,-2.444932,-0.494909
525.049,1.090694,1.367992,1.212099,1.05299,0.193179,-2.454451,-0.468974
525.129,0.976398,1.369159,1.226843,0.976891,0.185906,-2.46215,-0.44234
525.208,0.862767,1.369243,1.240444,0.900981,0.178579,-2.467832,-0.415693
525.287,0.748468,1.368265,1.253084,0.824372,0.171114,-2.471599,-0.388724
525.366,0.633588,1.366227,1.264752,0.747124,0.163516,-2.47345,-0.361453
525.445,0.518216,1.363128,1.275439,0.669297,0.155791,-2.473383,-0.333903
525.54,0.378955,1.358002,1.28698,0.575025,0.146343,-2.470762,-0.300431
525.619,0.262817,1.35258,1.295479,0.496135,0.13836,-2.466472,-0.272338
525.698,0.146476,1.346109,1.302973,0.41686,0.13027,-2.46027,-0.244034
525.777,0.030021,1.338593,1.309456,0.337262,0.122078,-2.452159,-0.215541
525.856,-0.086458,1.33004,1.314924,0.257402,0.113793,-2.442147,-0.186881
525.935,-0.202869,1.320455,1.319372,0.177342,0.105419,-2.43024,-0.158076
526.015,-0.320593,1.309705,1.322834,0.09613,0.096855,-2.416263,-0.128781
526.094,-0.436596,1.298068,1.32522,0.015857,0.088323,-2.400574,-0.099752
526.173,-0.55226,1.285423,1.326578,-0.064428,0.079723,-2.383024,-0.070646
526.252,-0.667496,1.271782,1.326908,-0.144663,0.071061,-2.363625,-0.041485
526.331,-0.782214,1.257155,1.326208,-0.224786,0.062343,-2.342394,-0.012292
526.41,-0.896325,1.241552,1.32448,-0.304735,0.053577,-2.319346,0.016911
526.489,-1.009742,1.224987,1.321725,-0.384447,0.04477,-2.294499,0.046101
526.568,-1.122375,1.207472,1.317945,-0.463861,0.035928,-2.267873,0.075255
526.648,-1.235547,1.188781,1.313076,-0.543914,0.026946,-2.239118,0.104718
526.727,-1.34634,1.169395,1.307242,-0.622542,0.018055,-2.208974,0.133732
526.806,-1.456089,1.149103,1.300395,-0.700687,0.00915,-2.177118,0.162642
526.885,-1.564709,1.12792,1.292539,-0.778288,0.000238,-2.143573,0.191426
526.964,-1.672115,1.105862,1.283681,-0.855286,-0.008675,-2.108365,0.220061
527.043,-1.778225,1.082946,1.273827,-0.931621,-0.01758,-2.071523,0.248525
527.122,-1.882955,1.059191,1.262986,-1.007233,-0.026472,-2.033074,0.276797
527.201,-1.986226,1.034614,1.251165,-1.082064,-0.035344,-1.993048,0.304854
527.281,-2.089233,1.008908,1.238206,-1.156986,-0.0443,-1.950941,0.333026
527.36,-2.189323,0.982736,1.224442,-1.23007,-0.053109,-1.907837,0.360585
527.439,-2.287714,0.955802,1.209728,-1.3022,-0.061877,-1.863254,0.387865
527.518,-2.384332,0.928127,1.194077,-1.373319,-0.070597,-1.817225,0.414844
527.597,-2.479101,0.899732,1.177499,-1.443374,-0.079263,-1.769788,0.441501
527.676,-2.571947,0.870639,1.160009,-1.512309,-0.087866,-1.720978,0.467816
527.755,-2.662798,0.840871,1.141618,-1.580072,-0.096402,-1.670833,0.493768
527.834,-2.751584,0.810451,1.122343,-1.646609,-0.104863,-1.619393,0.519337
527.914,-2.83932,0.779006,1.101936,-1.712687,-0.113348,-1.566021,0.544819
527.993,-2.923743,0.747345,1.080924,-1.776602,-0.121639,-1.512095,0.569558
528.072,-3.005898,0.715105,1.059074,-1.83914,-0.129835,-1.456996,0.593855
528.151,-3.085723,0.682311,1.036403,-1.900251,-0.137931,-1.400767,0.617691
528.23,-3.163154,0.648987,1.012928,-1.959889,-0.14592,-1.343451,0.641048
528.309,-3.238132,0.61516,0.988668,-2.018007,-0.153795,-1.285094,0.663908
528.388,-3.310599,0.580856,0.963641,-2.07456,-0.161552,-1.22574,0.686254
528.467,-3.380499,0.546101,0.937866,-2.129503,-0.169183,-1.165436,0.708067
528.547,-3.448612,0.510475,0.911024,-2.18346,-0.176777,-1.103447,0.729596
528.626,-3.513182,0.474896,0.883807,-2.235038,-0.184137,-1.041372,0.750287
528.705,-3.575027,0.438948,0.855904,-2.284882,-0.191356,-0.978489,0.770396
528.784,-3.6341,0.40266,0.827337,-2.332955,-0.198425,-0.914848,0.789908
528.863,-3.690355,0.36606,0.798129,-2.379218,-0.205341,-0.850497,0.808807
528.942,-3.743747,0.329176,0.768302,-2.423636,-0.212098,-0.785486,0.827079
529.021,-3.794237,0.292037,0.737879,-2.466175,-0.21869,-0.719866,0.84471
529.1,-3.841783,0.254671,0.706883,-2.506801,-0.225113,-0.653688,0.861685
529.18,-3.886896,0.216631,0.674937,-2.54596,-0.231439,-0.586156,0.878195
529.259,-3.928411,0.178897,0.642863,-2.582643,-0.237505,-0.51901,0.893812
529.338,-3.96688,0.141025,0.610291,-2.617323,-0.243387,-0.451462,0.908737
529.417,-4.002272,0.103043,0.577246,-2.649973,-0.24908,-0.383564,0.922956
529.496,-4.03456,0.064981,0.543752,-2.680568,-0.254581,-0.315368,0.93646
529.591,-4.069242,0.019147,0.50292,-2.714604,-0.260933,-0.233041,0.951736
529.67,-4.094609,-0.018987,0.468532,-2.740592,-0.265993,-0.164377,0.963627
529.749,-4.116801,-0.057105,0.433782,-2.764453,-0.270846,-0.095585,0.974771
529.828,-4.1358,-0.09518,0.398695,-2.786171,-0.27549,-0.02672,0.985159
529.907,-4.151592,-0.133181,0.363299,-2.805728,-0.27992,0.042167,0.994783
529.986,-4.164164,-0.171078,0.327621,-2.82311,-0.284133,0.111021,1.003636
530.066,-4.173604,-0.20932,0.291233,-2.83848,-0.288174,0.180658,1.011807
530.145,-4.179669,-0.24692,0.255072,-2.851443,-0.29194,0.249284,1.019087
530.224,-4.182492,-0.284329,0.218713,-2.862194,-0.29548,0.317717,1.025576
530.303,-4.182072,-0.321518,0.182185,-2.870726,-0.298791,0.385904,1.03127
530.382,-4.178409,-0.358457,0.145515,-2.877031,-0.30187,0.453791,1.036164
530.461,-4.171505,-0.395118,0.108733,-2.881105,-0.304714,0.521326,1.040255
530.54,-4.161366,-0.431473,0.071866,-2.882945,-0.307323,0.588457,1.043538
530.619,-4.148,-0.467493,0.034944,-2.882549,-0.309693,0.655131,1.046013
530.699,-4.131187,-0.5036,-0.002474,-2.87987,-0.311848,0.722132,1.047692
530.778,-4.111359,-0.538862,-0.039421,-2.874977,-0.313734,0.787732,1.048533
530.857,-4.088344,-0.573707,-0.076339,-2.867855,-0.315375,0.852721,1.04856
530.936,-4.062157,-0.608106,-0.113197,-2.858508,-0.316772,0.917048,1.047774
531.015,-4.03282,-0.642034,-0.149967,-2.846944,-0.317924,0.980664,1.046176
531.094,-4.000356,-0.675464,-0.186621,-2.833173,-0.318829,1.04352,1.043766
531.173,-3.964789,-0.70837,-0.22313,-2.817204,-0.319487,1.105567,1.040547
531.252,-3.926148,-0.740727,-0.259466,-2.799051,-0.319897,1.166756,1.036521
531.332,-3.883915,-0.772908,-0.296057,-2.778456,-0.320059,1.227797,1.031625
531.411,-3.839178,-0.804083,-0.33196,-2.755949,-0.319969,1.287118,1.025985
531.49,-3.791464,-0.834635,-0.367605,-2.731306,-0.319632,1.34544,1.019549
531.569,-3.74081,-0.86454,-0.402965,-2.704544,-0.319046,1.402718,1.012322
531.648,-3.687255,-0.893774,-0.438013,-2.675685,-0.318213,1.458909,1.004311
531.727,-3.63084,-0.922315,-0.472721,-2.644751,-0.317134,1.513969,0.99552
531.806,-3.571609,-0.950141,-0.507062,-2.611765,-0.315808,1.567854,0.985958
531.885,-3.509608,-0.97723,-0.54101,-2.576755,-0.314237,1.620524,0.975631
531.965,-3.44405,-1.003889,-0.57496,-2.539264,-0.312399,1.672579,0.964402
532.044,-3.376622,-1.029432,-0.608037,-2.500261,-0.310339,1.722679,0.952561
532.123,-3.306576,-1.054176,-0.640643,-2.459318,-0.308039,1.771442,0.939981
532.202,-3.233966,-1.078103,-0.672751,-2.416469,-0.305499,1.818832,0.926672
532.281,-3.158847,-1.101194,-0.704338,-2.371745,-0.302723,1.864811,0.912644
532.36,-3.081279,-1.123431,-0.735379,-2.325182,-0.299712,1.909344,0.897909
532.439,-3.001322,-1.144796,-0.76585,-2.276816,-0.296469,1.952396,0.882477
532.518,-2.919036,-1.165274,-0.795726,-2.226684,-0.292996,1.993934,0.866361
532.598,-2.833403,-1.18509,-0.825352,-2.174157,-0.289247,2.034422,0.849357
532.677,-2.746628,-1.203734,-0.853964,-2.120591,-0.285319,2.072816,0.831901
532.756,-2.657723,-1.221444,-0.881913,-2.06538,-0.281171,2.109603,0.813801
532.835,-2.566757,-1.238206,-0.909178,-2.008567,-0.276804,2.144754,0.79507
532.914,-2.473801,-1.254009,-0.935738,-1.950196,-0.272222,2.178241,0.775722
532.993,-2.378926,-1.268839,-0.961572,-1.890314,-0.267429,2.210039,0.755773
533.072,-2.282206,-1.282685,-0.986661,-1.828965,-0.262429,2.240123,0.735237
533.151,-2.183717,-1.295536,-1.010985,-1.766197,-0.257225,2.26847,0.714131
533.231,-2.082255,-1.307526,-1.034817,-1.70124,-0.251753,2.295383,0.692194
533.31,-1.980436,-1.318345,-1.057544,-1.635766,-0.246152,2.320168,0.669991
533.389,-1.877081,-1.328143,-1.079451,-1.569024,-0.24036,2.343154,0.647268
533.468,-1.77227,-1.33691,-1.10052,-1.501066,-0.234382,2.364323,0.624043
533.547,-1.666085,-1.34464,-1.120737,-1.431943,-0.228222,2.383658,0.600334
533.642,-1.536691,-1.352555,-1.143895,-1.347354,-0.22058,2.40446,0.571208
533.721,-1.42777,-1.357982,-1.162177,-1.275858,-0.214037,2.419706,0.546499
533.8,-1.317743,-1.362356,-1.179558,-1.203372,-0.207328,2.433075,0.521366
533.879,-1.206693,-1.365673,-1.196024,-1.129953,-0.200458,2.444557,0.495828
533.958,-1.094708,-1.367931,-1.211562,-1.055657,-0.193432,2.454144,0.469906
534.037,-0.981873,-1.369128,-1.226161,-0.980543,-0.186257,2.461827,0.443619
534.117,-0.866835,-1.369258,-1.239975,-0.903703,-0.178843,2.467662,0.41665
534.196,-0.752558,-1.368319,-1.25265,-0.827118,-0.171383,2.471498,0.389692
534.275,-0.637697,-1.366318,-1.264352,-0.749892,-0.16379,2.473417,0.362432
534.354,-0.522342,-1.363257,-1.275075,-0.672084,-0.156069,2.473418,0.33489
534.433,-0.406581,-1.359139,-1.284808,-0.593755,-0.148228,2.471502,0.30709
534.512,-0.290506,-1.353967,-1.293545,-0.514966,-0.140271,2.467668,0.279051
534.591,-0.174205,-1.347745,-1.301279,-0.435777,-0.132206,2.461921,0.250795
534.67,-0.057768,-1.340478,-1.308003,-0.35625,-0.124039,2.454264,0.222345
534.75,0.060187,-1.33206,-1.313779,-0.275435,-0.11567,2.444571,0.193359
534.829,0.176621,-1.322707,-1.318458,-0.195415,-0.107315,2.433091,0.164585
534.908,0.292918,-1.312328,-1.322114,-0.115244,-0.098877,2.419724,0.135683
534.987,0.408988,-1.300932,-1.324745,-0.034983,-0.090362,2.404481,0.106676
535.066,0.524741,-1.288526,-1.326348,0.045305,-0.081778,2.387373,0.077586
535.145,0.640087,-1.275122,-1.326923,0.125557,-0.073129,2.368414,0.048436
535.224,0.754937,-1.260728,-1.326468,0.205713,-0.064425,2.347617,0.019248
535.303,0.869201,-1.245357,-1.324985,0.285708,-0.05567,2.325,-0.009955
535.383,0.984224,-1.228807,-1.322436,0.366491,-0.04676,2.30026,-0.039519
535.462,1.097042,-1.211505,-1.318887,0.445978,-0.037925,2.274033,-0.068683
535.541,1.209009,-1.193263,-1.314315,0.525119,-0.029061,2.246043,-0.097794
535.62,1.320038,-1.174096,-1.308724,0.603852,-0.020174,2.216311,-0.126829
535.699,1.430043,-1.154019,-1.302118,0.682118,-0.011272,2.184861,-0.155765
535.778,1.53894,-1.133046,-1.294502,0.759854,-0.002361,2.151716,-0.184581
535.857,1.646643,-1.111195,-1.285882,0.837001,0.006552,2.116902,-0.213254
535.936,1.753069,-1.088482,-1.276265,0.913499,0.01546,2.080446,-0.241761
536.016,1.859456,-1.064621,-1.265517,0.990243,0.024468,2.041885,-0.270438
536.095,1.963063,-1.040228,-1.253916,1.065256,0.033345,2.002212,-0.298546
536.174,2.065147,-1.015028,-1.241343,1.139442,0.042196,1.960987,-0.326422
536.253,2.16563,-0.989041,-1.227807,1.212744,0.051014,1.918241,-0.354044
536.332,2.264433,-0.962287,-1.213319,1.285106,0.059792,1.874007,-0.381393
536.411,2.361481,-0.934786,-1.19789,1.356472,0.068525,1.82832,-0.408445
536.49,2.456696,-0.906561,-1.181532,1.426785,0.077204,1.781214,-0.435181
536.569,2.550007,-0.877632,-1.164257,1.495992,0.085823,1.732728,-0.461579
536.649,2.642483,-0.847644,-1.145844,1.564892,0.094483,1.682259,-0.487947
536.728,2.731741,-0.817369,-1.126767,1.63171,0.102962,1.631107,-0.513604
536.807,2.818881,-0.78646,-1.106816,1.697263,0.11136,1.57869,-0.538863
536.886,2.903834,-0.754941,-1.086006,1.761499,0.119672,1.525049,-0.563704
536.965,2.986536,-0.722837,-1.064355,1.82437,0.127892,1.470226,-0.588107
537.044,3.066921,-0.690172,-1.041878,1.885825,0.136012,1.414262,-0.612055
537.123,3.144928,-0.656972,-1.018593,1.945818,0.144027,1.357201,-0.635528
537.202,3.220496,-0.623262,-0.994518,2.004302,0.15193,1.299088,-0.658509
537.282,3.294476,-0.588634,-0.969352,2.061942,0.159813,1.239213,-0.681259
537.361,3.364959,-0.553978,-0.943744,2.117253,0.167473,1.179119,-0.703194
537.44,3.432833,-0.518893,-0.917405,2.170921,0.175003,1.11811,-0.724583
537.519,3.498045,-0.483406,-0.890354,2.222906,0.182397,1.056235,-0.74541
537.598,3.560544,-0.447544,-0.862612,2.273167,0.189649,0.99354,-0.76566
537.693,3.63204,-0.403961,-0.828368,2.33127,0.198176,0.917132,-0.789222
537.772,3.688396,-0.367371,-0.799182,2.377599,0.205097,0.852805,-0.808144
537.851,3.741891,-0.330497,-0.769377,2.422083,0.21186,0.787817,-0.826438
537.93,3.792485,-0.293366,-0.738974,2.46469,0.218458,0.722218,-0.844092
538.009,3.840138,-0.256008,-0.707999,2.505384,0.224887,0.656059,-0.861091
538.088,3.884812,-0.218451,-0.676475,2.544136,0.231141,0.589391,-0.877422
538.168,3.926981,-0.180247,-0.644017,2.581368,0.237292,0.521414,-0.893267
538.247,3.965559,-0.142379,-0.611462,2.61612,0.24318,0.453879,-0.908216
538.326,4.001062,-0.1044,-0.578433,2.648843,0.248881,0.385992,-0.922461
538.405,4.033461,-0.066341,-0.544955,2.679512,0.254388,0.317806,-0.935991
538.484,4.062733,-0.02823,-0.511055,2.708102,0.259697,0.249374,-0.948794
538.563,4.088854,0.009903,-0.476758,2.734593,0.264806,0.180748,-0.960862
538.642,4.111804,0.048028,-0.442092,2.758963,0.269709,0.111982,-0.972185
538.721,4.131565,0.086115,-0.407083,2.781193,0.274403,0.043129,-0.982754
538.801,4.14831,0.124617,-0.371309,2.801507,0.278939,-0.02663,-0.99268
538.88,4.16161,0.16254,-0.335692,2.81938,0.283201,-0.095495,-1.001707
538.959,4.171681,0.200337,-0.299815,2.835067,0.287244,-0.164287,-1.009957
539.038,4.178518,0.237979,-0.263705,2.848555,0.291064,-0.232951,-1.017424
539.117,4.182114,0.275437,-0.227391,2.859834,0.294658,-0.301435,-1.024102
539.196,4.182467,0.31268,-0.190901,2.868895,0.298023,-0.369685,-1.029986
539.275,4.179576,0.349682,-0.154262,2.875731,0.301157,-0.437648,-1.035071
539.354,4.173444,0.386412,-0.117504,2.880337,0.304058,-0.505272,-1.039353
539.434,4.163935,0.423301,-0.080188,2.882725,0.306755,-0.573352,-1.042868
539.513,4.151297,0.459399,-0.043276,2.882834,0.309179,-0.640134,-1.045526